uf,codigo_tse,nombre_tse,nombres_tse_alternativos,codigo_ibge,nombre_ibge,metodo,motivo_manual,codigo_ibge_comunitaria,coincide_comunitaria,anos_tse
AC,01007,BUJARI,,1200138,Bujari,nombre_exacto,,1200138,True,2018|2022
AC,01015,CAPIXABA,,1200179,Capixaba,nombre_exacto,,1200179,True,2018|2022
AC,01023,PORTO ACRE,,1200807,Porto Acre,nombre_exacto,,1200807,True,2018|2022
AC,01031,SANTA ROSA DO PURUS,,1200435,Santa Rosa do Purus,nombre_exacto,,1200435,True,2018|2022
AC,01040,MARECHAL THAUMATURGO,,1200351,Marechal Thaumaturgo,nombre_exacto,,1200351,True,2018|2022
AC,01058,BRASILÉIA,,1200104,Brasiléia,nombre_exacto,,1200104,True,2018|2022
AC,01066,PORTO WALTER,,1200393,Porto Walter,nombre_exacto,,1200393,True,2018|2022
AC,01074,CRUZEIRO DO SUL,,1200203,Cruzeiro do Sul,nombre_exacto,,1200203,True,2018|2022
AC,01082,RODRIGUES ALVES,,1200427,Rodrigues Alves,nombre_exacto,,1200427,True,2018|2022
AC,01090,MÂNCIO LIMA,,1200336,Mâncio Lima,nombre_exacto,,1200336,True,2018|2022
AC,01104,JORDÃO,,1200328,Jordão,nombre_exacto,,1200328,True,2018|2022
AC,01112,EPITACIOLÂNDIA,,1200252,Epitaciolândia,nombre_exacto,,1200252,True,2018|2022
AC,01120,ACRELÂNDIA,,1200013,Acrelândia,nombre_exacto,,1200013,True,2018|2022
AC,01139,FEIJÓ,,1200302,Feijó,nombre_exacto,,1200302,True,2018|2022
AC,01392,RIO BRANCO,,1200401,Rio Branco,nombre_exacto,,1200401,True,2018|2022
AC,01457,SENA MADUREIRA,,1200500,Sena Madureira,nombre_exacto,,1200500,True,2018|2022
AC,01473,TARAUACÁ,,1200609,Tarauacá,nombre_exacto,,1200609,True,2018|2022
AC,01490,XAPURI,,1200708,Xapuri,nombre_exacto,,1200708,True,2018|2022
AC,01511,PLÁCIDO DE CASTRO,,1200385,Plácido de Castro,nombre_exacto,,1200385,True,2018|2022
AC,01538,SENADOR GUIOMARD,,1200450,Senador Guiomard,nombre_exacto,,1200450,True,2018|2022
AC,01554,MANOEL URBANO,,1200344,Manoel Urbano,nombre_exacto,,1200344,True,2018|2022
AC,01570,ASSIS BRASIL,,1200054,Assis Brasil,nombre_exacto,,1200054,True,2018|2022
AL,27006,PARIPUEIRA,,2706448,Paripueira,nombre_exacto,,2706448,True,2018|2022
AL,27014,ÁGUA BRANCA,,2700102,Água Branca,nombre_exacto,,2700102,True,2018|2022
AL,27022,PARICONHA,,2706422,Pariconha,nombre_exacto,,2706422,True,2018|2022
AL,27030,ANADIA,,2700201,Anadia,nombre_exacto,,2700201,True,2018|2022
AL,27049,ESTRELA DE ALAGOAS,,2702553,Estrela de Alagoas,nombre_exacto,,2702553,True,2018|2022
AL,27057,ARAPIRACA,,2700300,Arapiraca,nombre_exacto,,2700300,True,2018|2022
AL,27065,JEQUIÁ DA PRAIA,,2703759,Jequiá da Praia,nombre_exacto,,2703759,True,2018|2022
AL,27073,ATALAIA,,2700409,Atalaia,nombre_exacto,,2700409,True,2018|2022
AL,27081,CAMPESTRE,,2701357,Campestre,nombre_exacto,,2701357,True,2018|2022
AL,27090,BARRA DE SANTO ANTÔNIO,,2700508,Barra de Santo Antônio,nombre_exacto,,2700508,True,2018|2022
AL,27111,BARRA DE SÃO MIGUEL,,2700607,Barra de São Miguel,nombre_exacto,,2700607,True,2018|2022
AL,27138,BATALHA,,2700706,Batalha,nombre_exacto,,2700706,True,2018|2022
AL,27154,BELÉM,,2700805,Belém,nombre_exacto,,2700805,True,2018|2022
AL,27170,BELO MONTE,,2700904,Belo Monte,nombre_exacto,,2700904,True,2018|2022
AL,27197,BOCA DA MATA,,2701001,Boca da Mata,nombre_exacto,,2701001,True,2018|2022
AL,27219,BRANQUINHA,,2701100,Branquinha,nombre_exacto,,2701100,True,2018|2022
AL,27235,CACIMBINHAS,,2701209,Cacimbinhas,nombre_exacto,,2701209,True,2018|2022
AL,27251,CAJUEIRO,,2701308,Cajueiro,nombre_exacto,,2701308,True,2018|2022
AL,27278,CAMPO ALEGRE,,2701407,Campo Alegre,nombre_exacto,,2701407,True,2018|2022
AL,27294,CAMPO GRANDE,,2701506,Campo Grande,nombre_exacto,,2701506,True,2018|2022
AL,27316,CANAPI,,2701605,Canapi,nombre_exacto,,2701605,True,2018|2022
AL,27332,CAPELA,,2701704,Capela,nombre_exacto,,2701704,True,2018|2022
AL,27359,CARNEIROS,,2701803,Carneiros,nombre_exacto,,2701803,True,2018|2022
AL,27375,CHÃ PRETA,,2701902,Chã Preta,nombre_exacto,,2701902,True,2018|2022
AL,27391,COITÉ DO NÓIA,,2702009,Coité do Nóia,nombre_exacto,,2702009,True,2018|2022
AL,27413,COLÔNIA LEOPOLDINA,,2702108,Colônia Leopoldina,nombre_exacto,,2702108,True,2018|2022
AL,27430,COQUEIRO SECO,,2702207,Coqueiro Seco,nombre_exacto,,2702207,True,2018|2022
AL,27456,CORURIPE,,2702306,Coruripe,nombre_exacto,,2702306,True,2018|2022
AL,27472,DELMIRO GOUVEIA,,2702405,Delmiro Gouveia,nombre_exacto,,2702405,True,2018|2022
AL,27499,DOIS RIACHOS,,2702504,Dois Riachos,nombre_exacto,,2702504,True,2018|2022
AL,27510,FEIRA GRANDE,,2702603,Feira Grande,nombre_exacto,,2702603,True,2018|2022
AL,27537,FELIZ DESERTO,,2702702,Feliz Deserto,nombre_exacto,,2702702,True,2018|2022
AL,27553,FLEXEIRAS,,2702801,Flexeiras,nombre_exacto,,2702801,True,2018|2022
AL,27570,GIRAU DO PONCIANO,,2702900,Girau do Ponciano,nombre_exacto,,2702900,True,2018|2022
AL,27596,IBATEGUARA,,2703007,Ibateguara,nombre_exacto,,2703007,True,2018|2022
AL,27618,IGACI,,2703106,Igaci,nombre_exacto,,2703106,True,2018|2022
AL,27634,IGREJA NOVA,,2703205,Igreja Nova,nombre_exacto,,2703205,True,2018|2022
AL,27650,INHAPI,,2703304,Inhapi,nombre_exacto,,2703304,True,2018|2022
AL,27677,JACARÉ DOS HOMENS,,2703403,Jacaré dos Homens,nombre_exacto,,2703403,True,2018|2022
AL,27693,JACUÍPE,,2703502,Jacuípe,nombre_exacto,,2703502,True,2018|2022
AL,27715,JAPARATINGA,,2703601,Japaratinga,nombre_exacto,,2703601,True,2018|2022
AL,27731,JARAMATAIA,,2703700,Jaramataia,nombre_exacto,,2703700,True,2018|2022
AL,27758,JOAQUIM GOMES,,2703809,Joaquim Gomes,nombre_exacto,,2703809,True,2018|2022
AL,27774,JUNDIÁ,,2703908,Jundiá,nombre_exacto,,2703908,True,2018|2022
AL,27790,JUNQUEIRO,,2704005,Junqueiro,nombre_exacto,,2704005,True,2018|2022
AL,27812,LAGOA DA CANOA,,2704104,Lagoa da Canoa,nombre_exacto,,2704104,True,2018|2022
AL,27839,LIMOEIRO DE ANADIA,,2704203,Limoeiro de Anadia,nombre_exacto,,2704203,True,2018|2022
AL,27855,MACEIÓ,,2704302,Maceió,nombre_exacto,,2704302,True,2018|2022
AL,27871,MAJOR ISIDORO,,2704401,Major Isidoro,nombre_exacto,,2704401,True,2018|2022
AL,27898,MARAGOGI,,2704500,Maragogi,nombre_exacto,,2704500,True,2018|2022
AL,27910,MARAVILHA,,2704609,Maravilha,nombre_exacto,,2704609,True,2018|2022
AL,27936,MARECHAL DEODORO,,2704708,Marechal Deodoro,nombre_exacto,,2704708,True,2018|2022
AL,27952,MARIBONDO,,2704807,Maribondo,nombre_exacto,,2704807,True,2018|2022
AL,27979,MAR VERMELHO,,2704906,Mar Vermelho,nombre_exacto,,2704906,True,2018|2022
AL,27995,MATA GRANDE,,2705002,Mata Grande,nombre_exacto,,2705002,True,2018|2022
AL,28010,MATRIZ DE CAMARAGIBE,,2705101,Matriz de Camaragibe,nombre_exacto,,2705101,True,2018|2022
AL,28037,MESSIAS,,2705200,Messias,nombre_exacto,,2705200,True,2018|2022
AL,28053,MINADOR DO NEGRÃO,,2705309,Minador do Negrão,nombre_exacto,,2705309,True,2018|2022
AL,28070,MONTEIRÓPOLIS,,2705408,Monteirópolis,nombre_exacto,,2705408,True,2018|2022
AL,28096,MURICI,,2705507,Murici,nombre_exacto,,2705507,True,2018|2022
AL,28118,NOVO LINO,,2705606,Novo Lino,nombre_exacto,,2705606,True,2018|2022
AL,28134,OLHO D ÁGUA DAS FLORES,,2705705,Olho d'Água das Flores,nombre_exacto,,2705705,True,2018|2022
AL,28150,OLHO D ÁGUA DO CASADO,,2705804,Olho d'Água do Casado,nombre_exacto,,2705804,True,2018|2022
AL,28177,OLHO D ÁGUA GRANDE,,2705903,Olho d'Água Grande,nombre_exacto,,2705903,True,2018|2022
AL,28193,OLIVENÇA,,2706000,Olivença,nombre_exacto,,2706000,True,2018|2022
AL,28215,OURO BRANCO,,2706109,Ouro Branco,nombre_exacto,,2706109,True,2018|2022
AL,28231,PALESTINA,,2706208,Palestina,nombre_exacto,,2706208,True,2018|2022
AL,28258,PALMEIRA DOS ÍNDIOS,,2706307,Palmeira dos Índios,nombre_exacto,,2706307,True,2018|2022
AL,28274,PÃO DE AÇÚCAR,,2706406,Pão de Açúcar,nombre_exacto,,2706406,True,2018|2022
AL,28290,PASSO DE CAMARAGIBE,,2706505,Passo de Camaragibe,nombre_exacto,,2706505,True,2018|2022
AL,28312,PAULO JACINTO,,2706604,Paulo Jacinto,nombre_exacto,,2706604,True,2018|2022
AL,28339,PENEDO,,2706703,Penedo,nombre_exacto,,2706703,True,2018|2022
AL,28355,PIAÇABUÇU,,2706802,Piaçabuçu,nombre_exacto,,2706802,True,2018|2022
AL,28371,PILAR,,2706901,Pilar,nombre_exacto,,2706901,True,2018|2022
AL,28398,PINDOBA,,2707008,Pindoba,nombre_exacto,,2707008,True,2018|2022
AL,28410,PIRANHAS,,2707107,Piranhas,nombre_exacto,,2707107,True,2018|2022
AL,28436,POÇO DAS TRINCHEIRAS,,2707206,Poço das Trincheiras,nombre_exacto,,2707206,True,2018|2022
AL,28452,PORTO CALVO,,2707305,Porto Calvo,nombre_exacto,,2707305,True,2018|2022
AL,28479,PORTO DE PEDRAS,,2707404,Porto de Pedras,nombre_exacto,,2707404,True,2018|2022
AL,28495,PORTO REAL DO COLÉGIO,,2707503,Porto Real do Colégio,nombre_exacto,,2707503,True,2018|2022
AL,28517,QUEBRANGULO,,2707602,Quebrangulo,nombre_exacto,,2707602,True,2018|2022
AL,28533,RIO LARGO,,2707701,Rio Largo,nombre_exacto,,2707701,True,2018|2022
AL,28550,ROTEIRO,,2707800,Roteiro,nombre_exacto,,2707800,True,2018|2022
AL,28576,SANTA LUZIA DO NORTE,,2707909,Santa Luzia do Norte,nombre_exacto,,2707909,True,2018|2022
AL,28592,SANTANA DO IPANEMA,,2708006,Santana do Ipanema,nombre_exacto,,2708006,True,2018|2022
AL,28614,SANTANA DO MUNDAÚ,,2708105,Santana do Mundaú,nombre_exacto,,2708105,True,2018|2022
AL,28630,SÃO BRÁS,,2708204,São Brás,nombre_exacto,,2708204,True,2018|2022
AL,28657,SÃO JOSÉ DA LAJE,,2708303,São José da Laje,nombre_exacto,,2708303,True,2018|2022
AL,28673,SÃO JOSÉ DA TAPERA,,2708402,São José da Tapera,nombre_exacto,,2708402,True,2018|2022
AL,28690,SÃO LUÍS DO QUITUNDE,,2708501,São Luís do Quitunde,nombre_exacto,,2708501,True,2018|2022
AL,28711,SÃO MIGUEL DOS CAMPOS,,2708600,São Miguel dos Campos,nombre_exacto,,2708600,True,2018|2022
AL,28738,SÃO MIGUEL DOS MILAGRES,,2708709,São Miguel dos Milagres,nombre_exacto,,2708709,True,2018|2022
AL,28754,SÃO SEBASTIÃO,,2708808,São Sebastião,nombre_exacto,,2708808,True,2018|2022
AL,28770,SATUBA,,2708907,Satuba,nombre_exacto,,2708907,True,2018|2022
AL,28797,TANQUE D ARCA,,2709004,Tanque d'Arca,nombre_exacto,,2709004,True,2018|2022
AL,28819,TAQUARANA,,2709103,Taquarana,nombre_exacto,,2709103,True,2018|2022
AL,28835,TRAIPU,,2709202,Traipu,nombre_exacto,,2709202,True,2018|2022
AL,28851,UNIÃO DOS PALMARES,,2709301,União dos Palmares,nombre_exacto,,2709301,True,2018|2022
AL,28878,VIÇOSA,,2709400,Viçosa,nombre_exacto,,2709400,True,2018|2022
AL,28894,CRAÍBAS,,2702355,Craíbas,nombre_exacto,,2702355,True,2018|2022
AL,28916,SENADOR RUI PALMEIRA,,2708956,Senador Rui Palmeira,nombre_exacto,,2708956,True,2018|2022
AL,28932,TEOTÔNIO VILELA,,2709152,Teotônio Vilela,nombre_exacto,,2709152,True,2018|2022
AM,02003,APUÍ,,1300144,Apuí,nombre_exacto,,1300144,True,2018|2022
AM,02011,NOVO AIRÃO,,1303205,Novo Airão,nombre_exacto,,1303205,True,2018|2022
AM,02020,GUAJARÁ,,1301654,Guajará,nombre_exacto,,1301654,True,2018|2022
AM,02038,ANORI,,1300102,Anori,nombre_exacto,,1300102,True,2018|2022
AM,02046,CAREIRO DA VÁRZEA,,1301159,Careiro da Várzea,nombre_exacto,,1301159,True,2018|2022
AM,02054,ATALAIA DO NORTE,,1300201,Atalaia do Norte,nombre_exacto,,1300201,True,2018|2022
AM,02070,AUTAZES,,1300300,Autazes,nombre_exacto,,1300300,True,2018|2022
AM,02097,BARCELOS,,1300409,Barcelos,nombre_exacto,,1300409,True,2018|2022
AM,02119,BARREIRINHA,,1300508,Barreirinha,nombre_exacto,,1300508,True,2018|2022
AM,02135,BENJAMIN CONSTANT,,1300607,Benjamin Constant,nombre_exacto,,1300607,True,2018|2022
AM,02151,BOCA DO ACRE,,1300706,Boca do Acre,nombre_exacto,,1300706,True,2018|2022
AM,02178,BORBA,,1300805,Borba,nombre_exacto,,1300805,True,2018|2022
AM,02194,CANUTAMA,,1300904,Canutama,nombre_exacto,,1300904,True,2018|2022
AM,02216,CARAUARI,,1301001,Carauari,nombre_exacto,,1301001,True,2018|2022
AM,02232,CAREIRO,,1301100,Careiro,nombre_exacto,,1301100,True,2018|2022
AM,02259,COARI,,1301209,Coari,nombre_exacto,,1301209,True,2018|2022
AM,02275,CODAJÁS,,1301308,Codajás,nombre_exacto,,1301308,True,2018|2022
AM,02291,EIRUNEPÉ,,1301407,Eirunepé,nombre_exacto,,1301407,True,2018|2022
AM,02313,ENVIRA,,1301506,Envira,nombre_exacto,,1301506,True,2018|2022
AM,02330,FONTE BOA,,1301605,Fonte Boa,nombre_exacto,,1301605,True,2018|2022
AM,02356,HUMAITÁ,,1301704,Humaitá,nombre_exacto,,1301704,True,2018|2022
AM,02372,SANTA ISABEL DO RIO NEGRO,,1303601,Santa Isabel do Rio Negro,nombre_exacto,,1303601,True,2018|2022
AM,02399,IPIXUNA,,1301803,Ipixuna,nombre_exacto,,1301803,True,2018|2022
AM,02410,ITACOATIARA,,1301902,Itacoatiara,nombre_exacto,,1301902,True,2018|2022
AM,02437,ITAPIRANGA,,1302009,Itapiranga,nombre_exacto,,1302009,True,2018|2022
AM,02453,JAPURÁ,,1302108,Japurá,nombre_exacto,,1302108,True,2018|2022
AM,02470,JURUÁ,,1302207,Juruá,nombre_exacto,,1302207,True,2018|2022
AM,02496,JUTAÍ,,1302306,Jutaí,nombre_exacto,,1302306,True,2018|2022
AM,02518,LÁBREA,,1302405,Lábrea,nombre_exacto,,1302405,True,2018|2022
AM,02534,MANACAPURU,,1302504,Manacapuru,nombre_exacto,,1302504,True,2018|2022
AM,02550,MANAUS,,1302603,Manaus,nombre_exacto,,1302603,True,2018|2022
AM,02577,MANICORÉ,,1302702,Manicoré,nombre_exacto,,1302702,True,2018|2022
AM,02593,MARAÃ,,1302801,Maraã,nombre_exacto,,1302801,True,2018|2022
AM,02615,MAUÉS,,1302900,Maués,nombre_exacto,,1302900,True,2018|2022
AM,02631,NHAMUNDÁ,,1303007,Nhamundá,nombre_exacto,,1303007,True,2018|2022
AM,02658,NOVA OLINDA DO NORTE,,1303106,Nova Olinda do Norte,nombre_exacto,,1303106,True,2018|2022
AM,02674,NOVO ARIPUANÃ,,1303304,Novo Aripuanã,nombre_exacto,,1303304,True,2018|2022
AM,02690,PARINTINS,,1303403,Parintins,nombre_exacto,,1303403,True,2018|2022
AM,02712,PAUINI,,1303502,Pauini,nombre_exacto,,1303502,True,2018|2022
AM,02739,SANTO ANTÔNIO DO IÇÁ,,1303700,Santo Antônio do Içá,nombre_exacto,,1303700,True,2018|2022
AM,02755,SÃO PAULO DE OLIVENÇA,,1303908,São Paulo de Olivença,nombre_exacto,,1303908,True,2018|2022
AM,02771,SILVES,,1304005,Silves,nombre_exacto,,1304005,True,2018|2022
AM,02798,TAPAUÁ,,1304104,Tapauá,nombre_exacto,,1304104,True,2018|2022
AM,02810,TEFÉ,,1304203,Tefé,nombre_exacto,,1304203,True,2018|2022
AM,02836,SÃO GABRIEL DA CACHOEIRA,,1303809,São Gabriel da Cachoeira,nombre_exacto,,1303809,True,2018|2022
AM,02852,URUCARÁ,,1304302,Urucará,nombre_exacto,,1304302,True,2018|2022
AM,02879,URUCURITUBA,,1304401,Urucurituba,nombre_exacto,,1304401,True,2018|2022
AM,02895,ALVARÃES,,1300029,Alvarães,nombre_exacto,,1300029,True,2018|2022
AM,02917,AMATURÁ,,1300060,Amaturá,nombre_exacto,,1300060,True,2018|2022
AM,02933,ANAMÃ,,1300086,Anamã,nombre_exacto,,1300086,True,2018|2022
AM,02950,BERURI,,1300631,Beruri,nombre_exacto,,1300631,True,2018|2022
AM,02976,BOA VISTA DO RAMOS,,1300680,Boa Vista do Ramos,nombre_exacto,,1300680,True,2018|2022
AM,02992,CAAPIRANGA,,1300839,Caapiranga,nombre_exacto,,1300839,True,2018|2022
AM,98353,IRANDUBA,,1301852,Iranduba,nombre_exacto,,1301852,True,2018|2022
AM,98370,ITAMARATI,,1301951,Itamarati,nombre_exacto,,1301951,True,2018|2022
AM,98396,MANAQUIRI,,1302553,Manaquiri,nombre_exacto,,1302553,True,2018|2022
AM,98418,PRESIDENTE FIGUEIREDO,,1303536,Presidente Figueiredo,nombre_exacto,,1303536,True,2018|2022
AM,98434,RIO PRETO DA EVA,,1303569,Rio Preto da Eva,nombre_exacto,,1303569,True,2018|2022
AM,98450,SÃO SEBASTIÃO DO UATUMÃ,,1303957,São Sebastião do Uatumã,nombre_exacto,,1303957,True,2018|2022
AM,98477,TABATINGA,,1304062,Tabatinga,nombre_exacto,,1304062,True,2018|2022
AM,98493,UARINI,,1304260,Uarini,nombre_exacto,,1304260,True,2018|2022
AM,98515,TONANTINS,,1304237,Tonantins,nombre_exacto,,1304237,True,2018|2022
AP,06009,PRACUÚBA,,1600550,Pracuúba,nombre_exacto,,1600550,True,2018|2022
AP,06017,AMAPÁ,,1600105,Amapá,nombre_exacto,,1600105,True,2018|2022
AP,06025,PORTO GRANDE,,1600535,Porto Grande,nombre_exacto,,1600535,True,2018|2022
AP,06033,CALÇOENE,,1600204,Calçoene,nombre_exacto,,1600204,True,2018|2022
AP,06041,ITAUBAL,,1600253,Itaubal,nombre_exacto,,1600253,True,2018|2022
AP,06050,MACAPÁ,,1600303,Macapá,nombre_exacto,,1600303,True,2018|2022
AP,06068,CUTIAS,,1600212,Cutias,nombre_exacto,,1600212,True,2018|2022
AP,06076,MAZAGÃO,,1600402,Mazagão,nombre_exacto,,1600402,True,2018|2022
AP,06084,PEDRA BRANCA DO AMAPARI,,1600154,Pedra Branca do Amapari,nombre_exacto,,1600154,True,2018|2022
AP,06092,OIAPOQUE,,1600501,Oiapoque,nombre_exacto,,1600501,True,2018|2022
AP,06106,SERRA DO NAVIO,,1600055,Serra do Navio,nombre_exacto,,1600055,True,2018|2022
AP,06114,FERREIRA GOMES,,1600238,Ferreira Gomes,nombre_exacto,,1600238,True,2018|2022
AP,06122,VITÓRIA DO JARI,,1600808,Vitória do Jari,nombre_exacto,,1600808,True,2018|2022
AP,06130,LARANJAL DO JARI,,1600279,Laranjal do Jari,nombre_exacto,,1600279,True,2018|2022
AP,06157,SANTANA,,1600600,Santana,nombre_exacto,,1600600,True,2018|2022
AP,06173,TARTARUGALZINHO,,1600709,Tartarugalzinho,nombre_exacto,,1600709,True,2018|2022
BA,30007,LUÍS EDUARDO MAGALHÃES,,2919553,Luís Eduardo Magalhães,nombre_exacto,,2919553,True,2018|2022
BA,30058,EUNÁPOLIS,,2910727,Eunápolis,nombre_exacto,,2910727,True,2018|2022
BA,30660,IUIU,,2917334,Iuiu,nombre_exacto,,2917334,True,2018|2022
BA,30678,JABORANDI,,2917359,Jaborandi,nombre_exacto,,2917359,True,2018|2022
BA,30694,JUSSARI,,2918555,Jussari,nombre_exacto,,2918555,True,2018|2022
BA,30716,AMÉRICA DOURADA,,2901155,América Dourada,nombre_exacto,,2901155,True,2018|2022
BA,30732,ARATACA,,2902252,Arataca,nombre_exacto,,2902252,True,2018|2022
BA,30759,BARRO ALTO,,2903235,Barro Alto,nombre_exacto,,2903235,True,2018|2022
BA,30775,BARROCAS,,2903276,Barrocas,nombre_exacto,,2903276,True,2018|2022
BA,30791,BURITIRAMA,,2904753,Buritirama,nombre_exacto,,2904753,True,2018|2022
BA,30813,CAPELA DO ALTO ALEGRE,,2906857,Capela do Alto Alegre,nombre_exacto,,2906857,True,2018|2022
BA,30830,CAPIM GROSSO,,2906873,Capim Grosso,nombre_exacto,,2906873,True,2018|2022
BA,30856,CANUDOS,,2906824,Canudos,nombre_exacto,,2906824,True,2018|2022
BA,30872,DIAS D ÁVILA,,2910057,Dias d'Ávila,nombre_exacto,,2910057,True,2018|2022
BA,30899,FÁTIMA,,2910750,Fátima,nombre_exacto,,2910750,True,2018|2022
BA,30910,FILADÉLFIA,,2910859,Filadélfia,nombre_exacto,,2910859,True,2018|2022
BA,30937,GAVIÃO,,2911253,Gavião,nombre_exacto,,2911253,True,2018|2022
BA,30953,GUAJERU,,2911659,Guajeru,nombre_exacto,,2911659,True,2018|2022
BA,30970,HELIÓPOLIS,,2911857,Heliópolis,nombre_exacto,,2911857,True,2018|2022
BA,30996,JOÃO DOURADO,,2918357,João Dourado,nombre_exacto,,2918357,True,2018|2022
BA,33014,ABAÍRA,,2900108,Abaíra,nombre_exacto,,2900108,True,2018|2022
BA,33030,ABARÉ,,2900207,Abaré,nombre_exacto,,2900207,True,2018|2022
BA,33057,ACAJUTIBA,,2900306,Acajutiba,nombre_exacto,,2900306,True,2018|2022
BA,33065,ADUSTINA,,2900355,Adustina,nombre_exacto,,2900355,True,2018|2022
BA,33073,ÁGUA FRIA,,2900405,Água Fria,nombre_exacto,,2900405,True,2018|2022
BA,33090,ÉRICO CARDOSO,,2900504,Érico Cardoso,nombre_exacto,,2900504,True,2018|2022
BA,33111,AIQUARA,,2900603,Aiquara,nombre_exacto,,2900603,True,2018|2022
BA,33138,ALAGOINHAS,,2900702,Alagoinhas,nombre_exacto,,2900702,True,2018|2022
BA,33154,ALCOBAÇA,,2900801,Alcobaça,nombre_exacto,,2900801,True,2018|2022
BA,33170,ALMADINA,,2900900,Almadina,nombre_exacto,,2900900,True,2018|2022
BA,33197,AMARGOSA,,2901007,Amargosa,nombre_exacto,,2901007,True,2018|2022
BA,33219,AMÉLIA RODRIGUES,,2901106,Amélia Rodrigues,nombre_exacto,,2901106,True,2018|2022
BA,33235,ANAGÉ,,2901205,Anagé,nombre_exacto,,2901205,True,2018|2022
BA,33251,ANDARAÍ,,2901304,Andaraí,nombre_exacto,,2901304,True,2018|2022
BA,33260,ANDORINHA,,2901353,Andorinha,nombre_exacto,,2901353,True,2018|2022
BA,33278,ANGICAL,,2901403,Angical,nombre_exacto,,2901403,True,2018|2022
BA,33294,ANGUERA,,2901502,Anguera,nombre_exacto,,2901502,True,2018|2022
BA,33316,ANTAS,,2901601,Antas,nombre_exacto,,2901601,True,2018|2022
BA,33332,ANTÔNIO CARDOSO,,2901700,Antônio Cardoso,nombre_exacto,,2901700,True,2018|2022
BA,33359,ANTÔNIO GONÇALVES,,2901809,Antônio Gonçalves,nombre_exacto,,2901809,True,2018|2022
BA,33375,APORÁ,,2901908,Aporá,nombre_exacto,,2901908,True,2018|2022
BA,33383,ARAÇÁS,,2902054,Araçás,nombre_exacto,,2902054,True,2018|2022
BA,33391,ARACATU,,2902005,Aracatu,nombre_exacto,,2902005,True,2018|2022
BA,33405,APUAREMA,,2901957,Apuarema,nombre_exacto,,2901957,True,2018|2022
BA,33413,ARACI,,2902104,Araci,nombre_exacto,,2902104,True,2018|2022
BA,33430,ARAMARI,,2902203,Aramari,nombre_exacto,,2902203,True,2018|2022
BA,33456,ARATUÍPE,,2902302,Aratuípe,nombre_exacto,,2902302,True,2018|2022
BA,33472,AURELINO LEAL,,2902401,Aurelino Leal,nombre_exacto,,2902401,True,2018|2022
BA,33499,BAIANÓPOLIS,,2902500,Baianópolis,nombre_exacto,,2902500,True,2018|2022
BA,33510,BAIXA GRANDE,,2902609,Baixa Grande,nombre_exacto,,2902609,True,2018|2022
BA,33529,BANZAÊ,,2902658,Banzaê,nombre_exacto,,2902658,True,2018|2022
BA,33537,BARRA,,2902708,Barra,nombre_exacto,,2902708,True,2018|2022
BA,33553,BARRA DA ESTIVA,,2902807,Barra da Estiva,nombre_exacto,,2902807,True,2018|2022
BA,33570,BARRA DO CHOÇA,,2902906,Barra do Choça,nombre_exacto,,2902906,True,2018|2022
BA,33596,BARRA DO MENDES,,2903003,Barra do Mendes,nombre_exacto,,2903003,True,2018|2022
BA,33618,BARRA DO ROCHA,,2903102,Barra do Rocha,nombre_exacto,,2903102,True,2018|2022
BA,33634,BARREIRAS,,2903201,Barreiras,nombre_exacto,,2903201,True,2018|2022
BA,33650,BARRO PRETO,,2903300,Barro Preto,nombre_exacto,,2903300,True,2018|2022
BA,33677,BELMONTE,,2903409,Belmonte,nombre_exacto,,2903409,True,2018|2022
BA,33693,BELO CAMPO,,2903508,Belo Campo,nombre_exacto,,2903508,True,2018|2022
BA,33715,BIRITINGA,,2903607,Biritinga,nombre_exacto,,2903607,True,2018|2022
BA,33731,BOA NOVA,,2903706,Boa Nova,nombre_exacto,,2903706,True,2018|2022
BA,33758,BOA VISTA DO TUPIM,,2903805,Boa Vista do Tupim,nombre_exacto,,2903805,True,2018|2022
BA,33774,BOM JESUS DA LAPA,,2903904,Bom Jesus da Lapa,nombre_exacto,,2903904,True,2018|2022
BA,33782,BOM JESUS DA SERRA,,2903953,Bom Jesus da Serra,nombre_exacto,,2903953,True,2018|2022
BA,33790,BONINAL,,2904001,Boninal,nombre_exacto,,2904001,True,2018|2022
BA,33804,BONITO,,2904050,Bonito,nombre_exacto,,2904050,True,2018|2022
BA,33812,BOQUIRA,,2904100,Boquira,nombre_exacto,,2904100,True,2018|2022
BA,33839,BOTUPORÃ,,2904209,Botuporã,nombre_exacto,,2904209,True,2018|2022
BA,33855,BREJÕES,,2904308,Brejões,nombre_exacto,,2904308,True,2018|2022
BA,33871,BREJOLÂNDIA,,2904407,Brejolândia,nombre_exacto,,2904407,True,2018|2022
BA,33898,BROTAS DE MACAÚBAS,,2904506,Brotas de Macaúbas,nombre_exacto,,2904506,True,2018|2022
BA,33910,BRUMADO,,2904605,Brumado,nombre_exacto,,2904605,True,2018|2022
BA,33936,BUERAREMA,,2904704,Buerarema,nombre_exacto,,2904704,True,2018|2022
BA,33952,CAATIBA,,2904803,Caatiba,nombre_exacto,,2904803,True,2018|2022
BA,33960,CABACEIRAS DO PARAGUAÇU,,2904852,Cabaceiras do Paraguaçu,nombre_exacto,,2904852,True,2018|2022
BA,33979,CACHOEIRA,,2904902,Cachoeira,nombre_exacto,,2904902,True,2018|2022
BA,33995,CACULÉ,,2905008,Caculé,nombre_exacto,,2905008,True,2018|2022
BA,34010,CAEM,,2905107,Caém,nombre_exacto,,2905107,True,2018|2022
BA,34029,CAETANOS,,2905156,Caetanos,nombre_exacto,,2905156,True,2018|2022
BA,34037,CAETITÉ,,2905206,Caetité,nombre_exacto,,2905206,True,2018|2022
BA,34053,CAFARNAUM,,2905305,Cafarnaum,nombre_exacto,,2905305,True,2018|2022
BA,34070,CAIRU,,2905404,Cairu,nombre_exacto,,2905404,True,2018|2022
BA,34096,CALDEIRÃO GRANDE,,2905503,Caldeirão Grande,nombre_exacto,,2905503,True,2018|2022
BA,34118,CAMACÃ,,2905602,Camacan,nombre_aproximado,,2905602,True,2018|2022
BA,34134,CAMAÇARI,,2905701,Camaçari,nombre_exacto,,2905701,True,2018|2022
BA,34150,CAMAMU,,2905800,Camamu,nombre_exacto,,2905800,True,2018|2022
BA,34177,CAMPO ALEGRE DE LOURDES,,2905909,Campo Alegre de Lourdes,nombre_exacto,,2905909,True,2018|2022
BA,34193,CAMPO FORMOSO,,2906006,Campo Formoso,nombre_exacto,,2906006,True,2018|2022
BA,34215,CANÁPOLIS,,2906105,Canápolis,nombre_exacto,,2906105,True,2018|2022
BA,34231,CANARANA,,2906204,Canarana,nombre_exacto,,2906204,True,2018|2022
BA,34258,CANAVIEIRAS,,2906303,Canavieiras,nombre_exacto,,2906303,True,2018|2022
BA,34274,CANDEAL,,2906402,Candeal,nombre_exacto,,2906402,True,2018|2022
BA,34290,CANDEIAS,,2906501,Candeias,nombre_exacto,,2906501,True,2018|2022
BA,34312,CANDIBA,,2906600,Candiba,nombre_exacto,,2906600,True,2018|2022
BA,34339,CÂNDIDO SALES,,2906709,Cândido Sales,nombre_exacto,,2906709,True,2018|2022
BA,34355,CANSANÇÃO,,2906808,Cansanção,nombre_exacto,,2906808,True,2018|2022
BA,34363,CARAÍBAS,,2906899,Caraíbas,nombre_exacto,,2906899,True,2018|2022
BA,34371,CARAVELAS,,2906907,Caravelas,nombre_exacto,,2906907,True,2018|2022
BA,34398,CARDEAL DA SILVA,,2907004,Cardeal da Silva,nombre_exacto,,2907004,True,2018|2022
BA,34410,CARINHANHA,,2907103,Carinhanha,nombre_exacto,,2907103,True,2018|2022
BA,34436,CASA NOVA,,2907202,Casa Nova,nombre_exacto,,2907202,True,2018|2022
BA,34452,CASTRO ALVES,,2907301,Castro Alves,nombre_exacto,,2907301,True,2018|2022
BA,34479,CATOLÂNDIA,,2907400,Catolândia,nombre_exacto,,2907400,True,2018|2022
BA,34495,CATU,,2907509,Catu,nombre_exacto,,2907509,True,2018|2022
BA,34509,CATURAMA,,2907558,Caturama,nombre_exacto,,2907558,True,2018|2022
BA,34517,CENTRAL,,2907608,Central,nombre_exacto,,2907608,True,2018|2022
BA,34533,CHORROCHÓ,,2907707,Chorrochó,nombre_exacto,,2907707,True,2018|2022
BA,34550,CÍCERO DANTAS,,2907806,Cícero Dantas,nombre_exacto,,2907806,True,2018|2022
BA,34576,CIPÓ,,2907905,Cipó,nombre_exacto,,2907905,True,2018|2022
BA,34592,COARACI,,2908002,Coaraci,nombre_exacto,,2908002,True,2018|2022
BA,34614,COCOS,,2908101,Cocos,nombre_exacto,,2908101,True,2018|2022
BA,34630,CONCEIÇÃO DA FEIRA,,2908200,Conceição da Feira,nombre_exacto,,2908200,True,2018|2022
BA,34657,CONCEIÇÃO DO ALMEIDA,,2908309,Conceição do Almeida,nombre_exacto,,2908309,True,2018|2022
BA,34673,CONCEIÇÃO DO COITÉ,,2908408,Conceição do Coité,nombre_exacto,,2908408,True,2018|2022
BA,34690,CONCEIÇÃO DO JACUÍPE,,2908507,Conceição do Jacuípe,nombre_exacto,,2908507,True,2018|2022
BA,34711,CONDE,,2908606,Conde,nombre_exacto,,2908606,True,2018|2022
BA,34738,CONDEÚBA,,2908705,Condeúba,nombre_exacto,,2908705,True,2018|2022
BA,34754,CONTENDAS DO SINCORÁ,,2908804,Contendas do Sincorá,nombre_exacto,,2908804,True,2018|2022
BA,34770,CORAÇÃO DE MARIA,,2908903,Coração de Maria,nombre_exacto,,2908903,True,2018|2022
BA,34797,CORDEIROS,,2909000,Cordeiros,nombre_exacto,,2909000,True,2018|2022
BA,34819,CORIBE,,2909109,Coribe,nombre_exacto,,2909109,True,2018|2022
BA,34835,CORONEL JOÃO SÁ,,2909208,Coronel João Sá,nombre_exacto,,2909208,True,2018|2022
BA,34851,CORRENTINA,,2909307,Correntina,nombre_exacto,,2909307,True,2018|2022
BA,34878,COTEGIPE,,2909406,Cotegipe,nombre_exacto,,2909406,True,2018|2022
BA,34894,CRAVOLÂNDIA,,2909505,Cravolândia,nombre_exacto,,2909505,True,2018|2022
BA,34916,CRISÓPOLIS,,2909604,Crisópolis,nombre_exacto,,2909604,True,2018|2022
BA,34932,CRISTÓPOLIS,,2909703,Cristópolis,nombre_exacto,,2909703,True,2018|2022
BA,34959,CRUZ DAS ALMAS,,2909802,Cruz das Almas,nombre_exacto,,2909802,True,2018|2022
BA,34975,CURAÇÁ,,2909901,Curaçá,nombre_exacto,,2909901,True,2018|2022
BA,34991,DÁRIO MEIRA,,2910008,Dário Meira,nombre_exacto,,2910008,True,2018|2022
BA,35017,DOM BASÍLIO,,2910107,Dom Basílio,nombre_exacto,,2910107,True,2018|2022
BA,35033,DOM MACEDO COSTA,,2910206,Dom Macedo Costa,nombre_exacto,,2910206,True,2018|2022
BA,35050,ELÍSIO MEDRADO,,2910305,Elísio Medrado,nombre_exacto,,2910305,True,2018|2022
BA,35076,ENCRUZILHADA,,2910404,Encruzilhada,nombre_exacto,,2910404,True,2018|2022
BA,35092,ENTRE RIOS,,2910503,Entre Rios,nombre_exacto,,2910503,True,2018|2022
BA,35114,ESPLANADA,,2910602,Esplanada,nombre_exacto,,2910602,True,2018|2022
BA,35130,EUCLIDES DA CUNHA,,2910701,Euclides da Cunha,nombre_exacto,,2910701,True,2018|2022
BA,35149,FEIRA DA MATA,,2910776,Feira da Mata,nombre_exacto,,2910776,True,2018|2022
BA,35157,FEIRA DE SANTANA,,2910800,Feira de Santana,nombre_exacto,,2910800,True,2018|2022
BA,35173,FIRMINO ALVES,,2910909,Firmino Alves,nombre_exacto,,2910909,True,2018|2022
BA,35190,FLORESTA AZUL,,2911006,Floresta Azul,nombre_exacto,,2911006,True,2018|2022
BA,35211,FORMOSA DO RIO PRETO,,2911105,Formosa do Rio Preto,nombre_exacto,,2911105,True,2018|2022
BA,35238,GANDU,,2911204,Gandu,nombre_exacto,,2911204,True,2018|2022
BA,35254,GENTIO DO OURO,,2911303,Gentio do Ouro,nombre_exacto,,2911303,True,2018|2022
BA,35270,GLÓRIA,,2911402,Glória,nombre_exacto,,2911402,True,2018|2022
BA,35297,GONGOGI,,2911501,Gongogi,nombre_exacto,,2911501,True,2018|2022
BA,35319,GOVERNADOR MANGABEIRA,,2911600,Governador Mangabeira,nombre_exacto,,2911600,True,2018|2022
BA,35335,GUANAMBI,,2911709,Guanambi,nombre_exacto,,2911709,True,2018|2022
BA,35351,GUARATINGA,,2911808,Guaratinga,nombre_exacto,,2911808,True,2018|2022
BA,35378,IAÇU,,2911907,Iaçu,nombre_exacto,,2911907,True,2018|2022
BA,35394,IBIASSUCÊ,,2912004,Ibiassucê,nombre_exacto,,2912004,True,2018|2022
BA,35416,IBICARAÍ,,2912103,Ibicaraí,nombre_exacto,,2912103,True,2018|2022
BA,35432,IBICOARA,,2912202,Ibicoara,nombre_exacto,,2912202,True,2018|2022
BA,35459,IBICUÍ,,2912301,Ibicuí,nombre_exacto,,2912301,True,2018|2022
BA,35475,IBIPEBA,,2912400,Ibipeba,nombre_exacto,,2912400,True,2018|2022
BA,35491,SANTA RITA DE CÁSSIA,,2928406,Santa Rita de Cássia,nombre_exacto,,2928406,True,2018|2022
BA,35513,IBIPITANGA,,2912509,Ibipitanga,nombre_exacto,,2912509,True,2018|2022
BA,35530,IBIQUERA,,2912608,Ibiquera,nombre_exacto,,2912608,True,2018|2022
BA,35556,IBIRAPITANGA,,2912707,Ibirapitanga,nombre_exacto,,2912707,True,2018|2022
BA,35572,IBIRAPUÃ,,2912806,Ibirapuã,nombre_exacto,,2912806,True,2018|2022
BA,35599,IBIRATAIA,,2912905,Ibirataia,nombre_exacto,,2912905,True,2018|2022
BA,35610,IBITIARA,,2913002,Ibitiara,nombre_exacto,,2913002,True,2018|2022
BA,35637,IBITITÁ,,2913101,Ibititá,nombre_exacto,,2913101,True,2018|2022
BA,35653,IBOTIRAMA,,2913200,Ibotirama,nombre_exacto,,2913200,True,2018|2022
BA,35670,ICHU,,2913309,Ichu,nombre_exacto,,2913309,True,2018|2022
BA,35696,IGAPORÃ,,2913408,Igaporã,nombre_exacto,,2913408,True,2018|2022
BA,35700,IGRAPIÚNA,,2913457,Igrapiúna,nombre_exacto,,2913457,True,2018|2022
BA,35718,IGUAÍ,,2913507,Iguaí,nombre_exacto,,2913507,True,2018|2022
BA,35734,ILHÉUS,,2913606,Ilhéus,nombre_exacto,,2913606,True,2018|2022
BA,35750,INHAMBUPE,,2913705,Inhambupe,nombre_exacto,,2913705,True,2018|2022
BA,35777,IPECAETÁ,,2913804,Ipecaetá,nombre_exacto,,2913804,True,2018|2022
BA,35793,IPIAÚ,,2913903,Ipiaú,nombre_exacto,,2913903,True,2018|2022
BA,35815,IPIRÁ,,2914000,Ipirá,nombre_exacto,,2914000,True,2018|2022
BA,35831,IPUPIARA,,2914109,Ipupiara,nombre_exacto,,2914109,True,2018|2022
BA,35858,IRAJUBA,,2914208,Irajuba,nombre_exacto,,2914208,True,2018|2022
BA,35874,IRAMAIA,,2914307,Iramaia,nombre_exacto,,2914307,True,2018|2022
BA,35890,IRAQUARA,,2914406,Iraquara,nombre_exacto,,2914406,True,2018|2022
BA,35912,IRARÁ,,2914505,Irará,nombre_exacto,,2914505,True,2018|2022
BA,35939,IRECÊ,,2914604,Irecê,nombre_exacto,,2914604,True,2018|2022
BA,35947,ITABELA,,2914653,Itabela,nombre_exacto,,2914653,True,2018|2022
BA,35955,ITABERABA,,2914703,Itaberaba,nombre_exacto,,2914703,True,2018|2022
BA,35971,ITABUNA,,2914802,Itabuna,nombre_exacto,,2914802,True,2018|2022
BA,35998,ITACARÉ,,2914901,Itacaré,nombre_exacto,,2914901,True,2018|2022
BA,36013,ITAETÉ,,2915007,Itaeté,nombre_exacto,,2915007,True,2018|2022
BA,36030,ITAGI,,2915106,Itagi,nombre_exacto,,2915106,True,2018|2022
BA,36056,ITAGIBÁ,,2915205,Itagibá,nombre_exacto,,2915205,True,2018|2022
BA,36072,ITAGIMIRIM,,2915304,Itagimirim,nombre_exacto,,2915304,True,2018|2022
BA,36080,ITAGUAÇU DA BAHIA,,2915353,Itaguaçu da Bahia,nombre_exacto,,2915353,True,2018|2022
BA,36099,ITAJU DO COLÔNIA,,2915403,Itaju do Colônia,nombre_exacto,,2915403,True,2018|2022
BA,36110,ITAJUÍPE,,2915502,Itajuípe,nombre_exacto,,2915502,True,2018|2022
BA,36137,ITAMARAJU,,2915601,Itamaraju,nombre_exacto,,2915601,True,2018|2022
BA,36153,ITAMARI,,2915700,Itamari,nombre_exacto,,2915700,True,2018|2022
BA,36170,ITAMBÉ,,2915809,Itambé,nombre_exacto,,2915809,True,2018|2022
BA,36196,ITANAGRA,,2915908,Itanagra,nombre_exacto,,2915908,True,2018|2022
BA,36218,ITANHÉM,,2916005,Itanhém,nombre_exacto,,2916005,True,2018|2022
BA,36234,ITAPARICA,,2916104,Itaparica,nombre_exacto,,2916104,True,2018|2022
BA,36250,ITAPÉ,,2916203,Itapé,nombre_exacto,,2916203,True,2018|2022
BA,36277,ITAPEBI,,2916302,Itapebi,nombre_exacto,,2916302,True,2018|2022
BA,36293,ITAPETINGA,,2916401,Itapetinga,nombre_exacto,,2916401,True,2018|2022
BA,36315,ITAPICURU,,2916500,Itapicuru,nombre_exacto,,2916500,True,2018|2022
BA,36331,ITAPITANGA,,2916609,Itapitanga,nombre_exacto,,2916609,True,2018|2022
BA,36358,ITAQUARA,,2916708,Itaquara,nombre_exacto,,2916708,True,2018|2022
BA,36374,ITARANTIM,,2916807,Itarantim,nombre_exacto,,2916807,True,2018|2022
BA,36382,ITATIM,,2916856,Itatim,nombre_exacto,,2916856,True,2018|2022
BA,36390,ITIRUÇU,,2916906,Itiruçu,nombre_exacto,,2916906,True,2018|2022
BA,36412,ITIÚBA,,2917003,Itiúba,nombre_exacto,,2917003,True,2018|2022
BA,36439,ITORORÓ,,2917102,Itororó,nombre_exacto,,2917102,True,2018|2022
BA,36455,ITUAÇU,,2917201,Ituaçu,nombre_exacto,,2917201,True,2018|2022
BA,36471,ITUBERÁ,,2917300,Ituberá,nombre_exacto,,2917300,True,2018|2022
BA,36498,JACARACI,,2917409,Jacaraci,nombre_exacto,,2917409,True,2018|2022
BA,36510,JACOBINA,,2917508,Jacobina,nombre_exacto,,2917508,True,2018|2022
BA,36536,JAGUAQUARA,,2917607,Jaguaquara,nombre_exacto,,2917607,True,2018|2022
BA,36552,JAGUARARI,,2917706,Jaguarari,nombre_exacto,,2917706,True,2018|2022
BA,36579,JAGUARIPE,,2917805,Jaguaripe,nombre_exacto,,2917805,True,2018|2022
BA,36595,JANDAÍRA,,2917904,Jandaíra,nombre_exacto,,2917904,True,2018|2022
BA,36617,JEQUIÉ,,2918001,Jequié,nombre_exacto,,2918001,True,2018|2022
BA,36633,JEREMOABO,,2918100,Jeremoabo,nombre_exacto,,2918100,True,2018|2022
BA,36650,JIQUIRIÇÁ,,2918209,Jiquiriçá,nombre_exacto,,2918209,True,2018|2022
BA,36676,JITAÚNA,,2918308,Jitaúna,nombre_exacto,,2918308,True,2018|2022
BA,36692,JUAZEIRO,,2918407,Juazeiro,nombre_exacto,,2918407,True,2018|2022
BA,36706,JUCURUÇU,,2918456,Jucuruçu,nombre_exacto,,2918456,True,2018|2022
BA,36714,JUSSARA,,2918506,Jussara,nombre_exacto,,2918506,True,2018|2022
BA,36730,JUSSIAPE,,2918605,Jussiape,nombre_exacto,,2918605,True,2018|2022
BA,36757,LAFAIETE COUTINHO,,2918704,Lafaiete Coutinho,nombre_exacto,,2918704,True,2018|2022
BA,36765,LAGOA REAL,,2918753,Lagoa Real,nombre_exacto,,2918803,False,2018|2022
BA,36773,LAJE,,2918803,Laje,nombre_exacto,,2918902,False,2018|2022
BA,36790,LAJEDÃO,,2918902,Lajedão,nombre_exacto,,2919009,False,2018|2022
BA,36811,LAJEDINHO,,2919009,Lajedinho,nombre_exacto,,2919058,False,2018|2022
BA,36820,LAJEDO DO TABOCAL,,2919058,Lajedo do Tabocal,nombre_exacto,,2918753,False,2018|2022
BA,36838,LAMARÃO,,2919108,Lamarão,nombre_exacto,,2919108,True,2018|2022
BA,36854,LAURO DE FREITAS,,2919207,Lauro de Freitas,nombre_exacto,,2919207,True,2018|2022
BA,36870,LENÇÓIS,,2919306,Lençóis,nombre_exacto,,2919306,True,2018|2022
BA,36897,LICÍNIO DE ALMEIDA,,2919405,Licínio de Almeida,nombre_exacto,,2919405,True,2018|2022
BA,36919,LIVRAMENTO DE NOSSA SENHORA,,2919504,Livramento de Nossa Senhora,nombre_exacto,,2919504,True,2018|2022
BA,36935,MACAJUBA,,2919603,Macajuba,nombre_exacto,,2919603,True,2018|2022
BA,36951,MACARANI,,2919702,Macarani,nombre_exacto,,2919702,True,2018|2022
BA,36978,MACAÚBAS,,2919801,Macaúbas,nombre_exacto,,2919801,True,2018|2022
BA,36994,MACURURÉ,,2919900,Macururé,nombre_exacto,,2919900,True,2018|2022
BA,37010,MAIQUINIQUE,,2920007,Maiquinique,nombre_exacto,,2920007,True,2018|2022
BA,37036,MAIRI,,2920106,Mairi,nombre_exacto,,2920106,True,2018|2022
BA,37052,MALHADA,,2920205,Malhada,nombre_exacto,,2920205,True,2018|2022
BA,37079,MALHADA DE PEDRAS,,2920304,Malhada de Pedras,nombre_exacto,,2920304,True,2018|2022
BA,37095,MANOEL VITORINO,,2920403,Manoel Vitorino,nombre_exacto,,2920403,True,2018|2022
BA,37117,MARACÁS,,2920502,Maracás,nombre_exacto,,2920502,True,2018|2022
BA,37133,MARAGOGIPE,,2920601,Maragogipe,nombre_exacto,,2920601,True,2018|2022
BA,37150,MARAÚ,,2920700,Maraú,nombre_exacto,,2920700,True,2018|2022
BA,37176,MARCIONÍLIO SOUZA,,2920809,Marcionílio Souza,nombre_exacto,,2920809,True,2018|2022
BA,37192,MASCOTE,,2920908,Mascote,nombre_exacto,,2920908,True,2018|2022
BA,37214,MATA DE SÃO JOÃO,,2921005,Mata de São João,nombre_exacto,,2921005,True,2018|2022
BA,37222,MATINA,,2921054,Matina,nombre_exacto,,2921054,True,2018|2022
BA,37230,MEDEIROS NETO,,2921104,Medeiros Neto,nombre_exacto,,2921104,True,2018|2022
BA,37257,MIGUEL CALMON,,2921203,Miguel Calmon,nombre_exacto,,2921203,True,2018|2022
BA,37273,MILAGRES,,2921302,Milagres,nombre_exacto,,2921302,True,2018|2022
BA,37290,MIRANGABA,,2921401,Mirangaba,nombre_exacto,,2921401,True,2018|2022
BA,37303,MIRANTE,,2921450,Mirante,nombre_exacto,,2921450,True,2018|2022
BA,37311,MONTE SANTO,,2921500,Monte Santo,nombre_exacto,,2921500,True,2018|2022
BA,37338,MORPARÁ,,2921609,Morpará,nombre_exacto,,2921609,True,2018|2022
BA,37354,MORRO DO CHAPÉU,,2921708,Morro do Chapéu,nombre_exacto,,2921708,True,2018|2022
BA,37370,MORTUGABA,,2921807,Mortugaba,nombre_exacto,,2921807,True,2018|2022
BA,37397,MUCUGÊ,,2921906,Mucugê,nombre_exacto,,2921906,True,2018|2022
BA,37419,MUCURI,,2922003,Mucuri,nombre_exacto,,2922003,True,2018|2022
BA,37427,MULUNGU DO MORRO,,2922052,Mulungu do Morro,nombre_exacto,,2922052,True,2018|2022
BA,37435,MUNDO NOVO,,2922102,Mundo Novo,nombre_exacto,,2922102,True,2018|2022
BA,37451,MUNIZ FERREIRA,,2922201,Muniz Ferreira,nombre_exacto,,2922201,True,2018|2022
BA,37460,MUQUÉM DO SÃO FRANCISCO,,2922250,Muquém do São Francisco,nombre_exacto,,2922250,True,2018|2022
BA,37478,MURITIBA,,2922300,Muritiba,nombre_exacto,,2922300,True,2018|2022
BA,37494,MUTUÍPE,,2922409,Mutuípe,nombre_exacto,,2922409,True,2018|2022
BA,37516,NAZARÉ,,2922508,Nazaré,nombre_exacto,,2922508,True,2018|2022
BA,37532,NILO PEÇANHA,,2922607,Nilo Peçanha,nombre_exacto,,2922607,True,2018|2022
BA,37559,NOVA CANAÃ,,2922706,Nova Canaã,nombre_exacto,,2922706,True,2018|2022
BA,37567,NOVA FÁTIMA,,2922730,Nova Fátima,nombre_exacto,,2922730,True,2018|2022
BA,37575,NOVA ITARANA,,2922805,Nova Itarana,nombre_exacto,,2922805,True,2018|2022
BA,37583,NOVA REDENÇÃO,,2922854,Nova Redenção,nombre_exacto,,2922854,True,2018|2022
BA,37591,NOVA SOURE,,2922904,Nova Soure,nombre_exacto,,2922904,True,2018|2022
BA,37613,NOVA VIÇOSA,,2923001,Nova Viçosa,nombre_exacto,,2923001,True,2018|2022
BA,37621,NOVO TRIUNFO,,2923050,Novo Triunfo,nombre_exacto,,2923050,True,2018|2022
BA,37630,OLINDINA,,2923100,Olindina,nombre_exacto,,2923100,True,2018|2022
BA,37656,OLIVEIRA DOS BREJINHOS,,2923209,Oliveira dos Brejinhos,nombre_exacto,,2923209,True,2018|2022
BA,37672,OURIÇANGAS,,2923308,Ouriçangas,nombre_exacto,,2923308,True,2018|2022
BA,37680,OUROLÂNDIA,,2923357,Ourolândia,nombre_exacto,,2923357,True,2018|2022
BA,37699,PALMAS DE MONTE ALTO,,2923407,Palmas de Monte Alto,nombre_exacto,,2923407,True,2018|2022
BA,37710,PALMEIRAS,,2923506,Palmeiras,nombre_exacto,,2923506,True,2018|2022
BA,37737,PARAMIRIM,,2923605,Paramirim,nombre_exacto,,2923605,True,2018|2022
BA,37753,PARATINGA,,2923704,Paratinga,nombre_exacto,,2923704,True,2018|2022
BA,37770,PARIPIRANGA,,2923803,Paripiranga,nombre_exacto,,2923803,True,2018|2022
BA,37796,PAU BRASIL,,2923902,Pau Brasil,nombre_exacto,,2923902,True,2018|2022
BA,37818,PAULO AFONSO,,2924009,Paulo Afonso,nombre_exacto,,2924009,True,2018|2022
BA,37834,PEDRÃO,,2924108,Pedrão,nombre_exacto,,2924108,True,2018|2022
BA,37850,PEDRO ALEXANDRE,,2924207,Pedro Alexandre,nombre_exacto,,2924207,True,2018|2022
BA,37877,PIATÃ,,2924306,Piatã,nombre_exacto,,2924306,True,2018|2022
BA,37893,PILÃO ARCADO,,2924405,Pilão Arcado,nombre_exacto,,2924405,True,2018|2022
BA,37915,PINDAÍ,,2924504,Pindaí,nombre_exacto,,2924504,True,2018|2022
BA,37931,PINDOBAÇU,,2924603,Pindobaçu,nombre_exacto,,2924603,True,2018|2022
BA,37940,PIRAÍ DO NORTE,,2924678,Piraí do Norte,nombre_exacto,,2924678,True,2018|2022
BA,37958,PIRIPÁ,,2924702,Piripá,nombre_exacto,,2924702,True,2018|2022
BA,37974,PIRITIBA,,2924801,Piritiba,nombre_exacto,,2924801,True,2018|2022
BA,37990,PLANALTINO,,2924900,Planaltino,nombre_exacto,,2924900,True,2018|2022
BA,38016,PLANALTO,,2925006,Planalto,nombre_exacto,,2925006,True,2018|2022
BA,38032,POÇÕES,,2925105,Poções,nombre_exacto,,2925105,True,2018|2022
BA,38059,POJUCA,,2925204,Pojuca,nombre_exacto,,2925204,True,2018|2022
BA,38067,PONTO NOVO,,2925253,Ponto Novo,nombre_exacto,,2925253,True,2018|2022
BA,38075,PORTO SEGURO,,2925303,Porto Seguro,nombre_exacto,,2925303,True,2018|2022
BA,38091,POTIRAGUÁ,,2925402,Potiraguá,nombre_exacto,,2925402,True,2018|2022
BA,38113,PRADO,,2925501,Prado,nombre_exacto,,2925501,True,2018|2022
BA,38130,PRESIDENTE DUTRA,,2925600,Presidente Dutra,nombre_exacto,,2925600,True,2018|2022
BA,38156,PRESIDENTE JÂNIO QUADROS,,2925709,Presidente Jânio Quadros,nombre_exacto,,2925709,True,2018|2022
BA,38164,PRESIDENTE TANCREDO NEVES,,2925758,Presidente Tancredo Neves,nombre_exacto,,2925758,True,2018|2022
BA,38172,QUEIMADAS,,2925808,Queimadas,nombre_exacto,,2925808,True,2018|2022
BA,38199,QUIJINGUE,QUINJINGUE,2925907,Quijingue,nombre_exacto,,2925907,True,2018|2022
BA,38210,REMANSO,,2926004,Remanso,nombre_exacto,,2926004,True,2018|2022
BA,38237,RETIROLÂNDIA,,2926103,Retirolândia,nombre_exacto,,2926103,True,2018|2022
BA,38253,RIACHÃO DAS NEVES,,2926202,Riachão das Neves,nombre_exacto,,2926202,True,2018|2022
BA,38270,RIACHÃO DO JACUÍPE,,2926301,Riachão do Jacuípe,nombre_exacto,,2926301,True,2018|2022
BA,38296,RIACHO DE SANTANA,,2926400,Riacho de Santana,nombre_exacto,,2926400,True,2018|2022
BA,38318,RIBEIRA DO AMPARO,,2926509,Ribeira do Amparo,nombre_exacto,,2926509,True,2018|2022
BA,38334,RIBEIRA DO POMBAL,,2926608,Ribeira do Pombal,nombre_exacto,,2926608,True,2018|2022
BA,38342,RIBEIRÃO DO LARGO,,2926657,Ribeirão do Largo,nombre_exacto,,2926657,True,2018|2022
BA,38350,RIO DE CONTAS,,2926707,Rio de Contas,nombre_exacto,,2926707,True,2018|2022
BA,38377,RIO DO ANTÔNIO,,2926806,Rio do Antônio,nombre_exacto,,2926806,True,2018|2022
BA,38393,RIO DO PIRES,,2926905,Rio do Pires,nombre_exacto,,2926905,True,2018|2022
BA,38415,RIO REAL,,2927002,Rio Real,nombre_exacto,,2927002,True,2018|2022
BA,38431,RODELAS,,2927101,Rodelas,nombre_exacto,,2927101,True,2018|2022
BA,38458,RUY BARBOSA,,2927200,Ruy Barbosa,nombre_exacto,,2927200,True,2018|2022
BA,38474,SALINAS DA MARGARIDA,,2927309,Salinas da Margarida,nombre_exacto,,2927309,True,2018|2022
BA,38490,SALVADOR,,2927408,Salvador,nombre_exacto,,2927408,True,2018|2022
BA,38512,SANTA BÁRBARA,,2927507,Santa Bárbara,nombre_exacto,,2927507,True,2018|2022
BA,38539,SANTA BRÍGIDA,,2927606,Santa Brígida,nombre_exacto,,2927606,True,2018|2022
BA,38555,SANTA CRUZ CABRÁLIA,,2927705,Santa Cruz Cabrália,nombre_exacto,,2927705,True,2018|2022
BA,38571,SANTA CRUZ DA VITÓRIA,,2927804,Santa Cruz da Vitória,nombre_exacto,,2927804,True,2018|2022
BA,38598,SANTA INÊS,,2927903,Santa Inês,nombre_exacto,,2927903,True,2018|2022
BA,38610,SANTALUZ,,2928000,Santaluz,nombre_exacto,,2928000,True,2018|2022
BA,38636,SANTA MARIA DA VITÓRIA,,2928109,Santa Maria da Vitória,nombre_exacto,,2928109,True,2018|2022
BA,38652,SANTANA,,2928208,Santana,nombre_exacto,,2928208,True,2018|2022
BA,38679,SANTANÓPOLIS,,2928307,Santanópolis,nombre_exacto,,2928307,True,2018|2022
BA,38695,SANTA TEREZINHA,,2928505,Santa Terezinha,nombre_exacto,,2928505,True,2018|2022
BA,38717,SANTO AMARO,,2928604,Santo Amaro,nombre_exacto,,2928604,True,2018|2022
BA,38733,SANTO ANTÔNIO DE JESUS,,2928703,Santo Antônio de Jesus,nombre_exacto,,2928703,True,2018|2022
BA,38750,SANTO ESTEVÃO,,2928802,Santo Estêvão,nombre_exacto,,2928802,True,2018|2022
BA,38776,SÃO DESIDÉRIO,,2928901,São Desidério,nombre_exacto,,2928901,True,2018|2022
BA,38792,SÃO FÉLIX,,2929008,São Félix,nombre_exacto,,2929008,True,2018|2022
BA,38806,SÃO DOMINGOS,,2928950,São Domingos,nombre_exacto,,2928950,True,2018|2022
BA,38814,SÃO FELIPE,,2929107,São Felipe,nombre_exacto,,2929107,True,2018|2022
BA,38822,SÃO FÉLIX DO CORIBE,,2929057,São Félix do Coribe,nombre_exacto,,2929057,True,2018|2022
BA,38830,SÃO FRANCISCO DO CONDE,,2929206,São Francisco do Conde,nombre_exacto,,2929206,True,2018|2022
BA,38857,SÃO GONÇALO DOS CAMPOS,,2929305,São Gonçalo dos Campos,nombre_exacto,,2929305,True,2018|2022
BA,38865,SÃO JOSÉ DO JACUÍPE,,2929370,São José do Jacuípe,nombre_exacto,,2929370,True,2018|2022
BA,38873,SÃO MIGUEL DAS MATAS,,2929404,São Miguel das Matas,nombre_exacto,,2929404,True,2018|2022
BA,38890,SÃO SEBASTIÃO DO PASSÉ,,2929503,São Sebastião do Passé,nombre_exacto,,2929503,True,2018|2022
BA,38911,SAPEAÇU,,2929602,Sapeaçu,nombre_exacto,,2929602,True,2018|2022
BA,38938,SÁTIRO DIAS,,2929701,Sátiro Dias,nombre_exacto,,2929701,True,2018|2022
BA,38946,SAUBARA,,2929750,Saubara,nombre_exacto,,2929750,True,2018|2022
BA,38954,SAÚDE,,2929800,Saúde,nombre_exacto,,2929800,True,2018|2022
BA,38970,SEABRA,,2929909,Seabra,nombre_exacto,,2929909,True,2018|2022
BA,38997,SEBASTIÃO LARANJEIRAS,,2930006,Sebastião Laranjeiras,nombre_exacto,,2930006,True,2018|2022
BA,39012,SENHOR DO BONFIM,,2930105,Senhor do Bonfim,nombre_exacto,,2930105,True,2018|2022
BA,39039,SENTO SÉ,,2930204,Sento Sé,nombre_exacto,,2930204,True,2018|2022
BA,39047,SERRA DO RAMALHO,,2930154,Serra do Ramalho,nombre_exacto,,2930154,True,2018|2022
BA,39055,SERRA DOURADA,,2930303,Serra Dourada,nombre_exacto,,2930303,True,2018|2022
BA,39071,SERRA PRETA,,2930402,Serra Preta,nombre_exacto,,2930402,True,2018|2022
BA,39098,SERRINHA,,2930501,Serrinha,nombre_exacto,,2930501,True,2018|2022
BA,39110,SERROLÂNDIA,,2930600,Serrolândia,nombre_exacto,,2930600,True,2018|2022
BA,39136,SIMÕES FILHO,,2930709,Simões Filho,nombre_exacto,,2930709,True,2018|2022
BA,39144,SÍTIO DO MATO,,2930758,Sítio do Mato,nombre_exacto,,2930758,True,2018|2022
BA,39152,SOUTO SOARES,,2930808,Souto Soares,nombre_exacto,,2930808,True,2018|2022
BA,39179,TABOCAS DO BREJO VELHO,,2930907,Tabocas do Brejo Velho,nombre_exacto,,2930907,True,2018|2022
BA,39195,TANHAÇU,,2931004,Tanhaçu,nombre_exacto,,2931004,True,2018|2022
BA,39217,TANQUINHO,,2931103,Tanquinho,nombre_exacto,,2931103,True,2018|2022
BA,39233,TAPEROÁ,,2931202,Taperoá,nombre_exacto,,2931202,True,2018|2022
BA,39250,TAPIRAMUTÁ,,2931301,Tapiramutá,nombre_exacto,,2931301,True,2018|2022
BA,39276,TEODORO SAMPAIO,,2931400,Teodoro Sampaio,nombre_exacto,,2931400,True,2018|2022
BA,39292,TEOFILÂNDIA,,2931509,Teofilândia,nombre_exacto,,2931509,True,2018|2022
BA,39314,TEOLÂNDIA,,2931608,Teolândia,nombre_exacto,,2931608,True,2018|2022
BA,39330,TERRA NOVA,,2931707,Terra Nova,nombre_exacto,,2931707,True,2018|2022
BA,39357,TREMEDAL,,2931806,Tremedal,nombre_exacto,,2931806,True,2018|2022
BA,39373,TUCANO,,2931905,Tucano,nombre_exacto,,2931905,True,2018|2022
BA,39390,UAUÁ,,2932002,Uauá,nombre_exacto,,2932002,True,2018|2022
BA,39411,UBAÍRA,,2932101,Ubaíra,nombre_exacto,,2932101,True,2018|2022
BA,39438,UBAITABA,,2932200,Ubaitaba,nombre_exacto,,2932200,True,2018|2022
BA,39454,UBATÃ,,2932309,Ubatã,nombre_exacto,,2932309,True,2018|2022
BA,39470,UIBAÍ,,2932408,Uibaí,nombre_exacto,,2932408,True,2018|2022
BA,39489,UMBURANAS,,2932457,Umburanas,nombre_exacto,,2932457,True,2018|2022
BA,39497,UNA,,2932507,Una,nombre_exacto,,2932507,True,2018|2022
BA,39519,URANDI,,2932606,Urandi,nombre_exacto,,2932606,True,2018|2022
BA,39535,URUÇUCA,,2932705,Uruçuca,nombre_exacto,,2932705,True,2018|2022
BA,39551,UTINGA,,2932804,Utinga,nombre_exacto,,2932804,True,2018|2022
BA,39578,VALENÇA,,2932903,Valença,nombre_exacto,,2932903,True,2018|2022
BA,39594,VALENTE,,2933000,Valente,nombre_exacto,,2933000,True,2018|2022
BA,39616,VÁRZEA DO POÇO,,2933109,Várzea do Poço,nombre_exacto,,2933109,True,2018|2022
BA,39624,VARZEDO,,2933174,Varzedo,nombre_exacto,,2933174,True,2018|2022
BA,39632,VERA CRUZ,,2933208,Vera Cruz,nombre_exacto,,2933208,True,2018|2022
BA,39640,VEREDA,,2933257,Vereda,nombre_exacto,,2933257,True,2018|2022
BA,39659,VITÓRIA DA CONQUISTA,,2933307,Vitória da Conquista,nombre_exacto,,2933307,True,2018|2022
BA,39675,WAGNER,,2933406,Wagner,nombre_exacto,,2933406,True,2018|2022
BA,39691,WENCESLAU GUIMARÃES,,2933505,Wenceslau Guimarães,nombre_exacto,,2933505,True,2018|2022
BA,39713,XIQUE-XIQUE,,2933604,Xique-Xique,nombre_exacto,,2933604,True,2018|2022
BA,39730,LAPÃO,,2919157,Lapão,nombre_exacto,,2919157,True,2018|2022
BA,39748,MADRE DE DEUS,,2919926,Madre de Deus,nombre_exacto,,2919926,True,2018|2022
BA,39756,MAETINGA,,2919959,Maetinga,nombre_exacto,,2919959,True,2018|2022
BA,39772,MANSIDÃO,,2920452,Mansidão,nombre_exacto,,2920452,True,2018|2022
BA,39799,NORDESTINA,,2922656,Nordestina,nombre_exacto,,2922656,True,2018|2022
BA,39810,PÉ DE SERRA,,2924058,Pé de Serra,nombre_exacto,,2924058,True,2018|2022
BA,39837,PINTADAS,,2924652,Pintadas,nombre_exacto,,2924652,True,2018|2022
BA,39845,QUIXABEIRA,,2925931,Quixabeira,nombre_exacto,,2925931,True,2018|2022
BA,39853,RAFAEL JAMBEIRO,,2925956,Rafael Jambeiro,nombre_exacto,,2925956,True,2018|2022
BA,39870,SANTA LUZIA,,2928059,Santa Luzia,nombre_exacto,,2928059,True,2018|2022
BA,39896,SÃO GABRIEL,,2929255,São Gabriel,nombre_exacto,,2929255,True,2018|2022
BA,39900,SÍTIO DO QUINTO,,2930766,Sítio do Quinto,nombre_exacto,,2930766,True,2018|2022
BA,39918,TANQUE NOVO,,2931053,Tanque Novo,nombre_exacto,,2931053,True,2018|2022
BA,39926,SÃO JOSÉ DA VITÓRIA,,2929354,São José da Vitória,nombre_exacto,,2929354,True,2018|2022
BA,39934,TEIXEIRA DE FREITAS,,2931350,Teixeira de Freitas,nombre_exacto,,2931350,True,2018|2022
BA,39942,NOVO HORIZONTE,,2923035,Novo Horizonte,nombre_exacto,,2923035,True,2018|2022
BA,39950,VÁRZEA NOVA,,2933158,Várzea Nova,nombre_exacto,,2933158,True,2018|2022
BA,39969,NOVA IBIÁ,,2922755,Nova Ibiá,nombre_exacto,,2922755,True,2018|2022
BA,39977,VÁRZEA DA ROÇA,,2933059,Várzea da Roça,nombre_exacto,,2933059,True,2018|2022
BA,39985,SOBRADINHO,,2930774,Sobradinho,nombre_exacto,,2930774,True,2018|2022
BA,39993,WANDERLEY,,2933455,Wanderley,nombre_exacto,,2933455,True,2018|2022
CE,13005,JIJOCA DE JERICOACOARA,,2307254,Jijoca de Jericoacoara,nombre_exacto,,2307254,True,2018|2022
CE,13013,ABAIARA,,2300101,Abaiara,nombre_exacto,,2300101,True,2018|2022
CE,13021,MADALENA,,2307635,Madalena,nombre_exacto,,2307635,True,2018|2022
CE,13030,ACARAÚ,,2300200,Acaraú,nombre_exacto,,2300200,True,2018|2022
CE,13048,PIRES FERREIRA,,2310951,Pires Ferreira,nombre_exacto,,2310951,True,2018|2022
CE,13056,ACOPIARA,,2300309,Acopiara,nombre_exacto,,2300309,True,2018|2022
CE,13064,GRAÇA,,2304657,Graça,nombre_exacto,,2304657,True,2018|2022
CE,13072,AIUABA,,2300408,Aiuaba,nombre_exacto,,2300408,True,2018|2022
CE,13080,TURURU,,2313559,Tururu,nombre_exacto,,2313559,True,2018|2022
CE,13099,ALCÂNTARAS,,2300507,Alcântaras,nombre_exacto,,2300507,True,2018|2022
CE,13102,QUITERIANÓPOLIS,,2311264,Quiterianópolis,nombre_exacto,,2311264,True,2018|2022
CE,13110,ALTANEIRA,,2300606,Altaneira,nombre_exacto,,2300606,True,2018|2022
CE,13129,BARREIRA,,2301950,Barreira,nombre_exacto,,2301950,True,2018|2022
CE,13137,ALTO SANTO,,2300705,Alto Santo,nombre_exacto,,2300705,True,2018|2022
CE,13145,ACARAPE,,2300150,Acarape,nombre_exacto,,2300150,True,2018|2022
CE,13153,ANTONINA DO NORTE,,2300804,Antonina do Norte,nombre_exacto,,2300804,True,2018|2022
CE,13161,CHOROZINHO,,2303956,Chorozinho,nombre_exacto,,2303956,True,2018|2022
CE,13170,APUIARÉS,,2300903,Apuiarés,nombre_exacto,,2300903,True,2018|2022
CE,13188,HORIZONTE,,2305233,Horizonte,nombre_exacto,,2305233,True,2018|2022
CE,13196,AQUIRAZ,,2301000,Aquiraz,nombre_exacto,,2301000,True,2018|2022
CE,13200,ERERÉ,ERERÊ,2304277,Ereré,nombre_exacto,,2304277,True,2018|2022
CE,13218,ARACATI,,2301109,Aracati,nombre_exacto,,2301109,True,2018|2022
CE,13226,EUSÉBIO,,2304285,Eusébio,nombre_exacto,,2304285,True,2018|2022
CE,13234,ARACOIABA,,2301208,Aracoiaba,nombre_exacto,,2301208,True,2018|2022
CE,13242,GUAIÚBA,,2304954,Guaiúba,nombre_exacto,,2304954,True,2018|2022
CE,13250,ARARIPE,,2301307,Araripe,nombre_exacto,,2301307,True,2018|2022
CE,13269,POTIRETAMA,,2311231,Potiretama,nombre_exacto,,2311231,True,2018|2022
CE,13277,ARATUBA,,2301406,Aratuba,nombre_exacto,,2301406,True,2018|2022
CE,13285,PINDORETAMA,,2310852,Pindoretama,nombre_exacto,,2310852,True,2018|2022
CE,13293,ARNEIROZ,,2301505,Arneiroz,nombre_exacto,,2301505,True,2018|2022
CE,13307,OCARA,,2309458,Ocara,nombre_exacto,,2309458,True,2018|2022
CE,13315,ASSARÉ,,2301604,Assaré,nombre_exacto,,2301604,True,2018|2022
CE,13323,TEJUÇUOCA,,2313351,Tejuçuoca,nombre_exacto,,2313351,True,2018|2022
CE,13331,AURORA,,2301703,Aurora,nombre_exacto,,2301703,True,2018|2022
CE,13340,IPAPORANGA,,2305654,Ipaporanga,nombre_exacto,,2305654,True,2018|2022
CE,13358,BAIXIO,,2301802,Baixio,nombre_exacto,,2301802,True,2018|2022
CE,13366,TARRAFAS,,2313252,Tarrafas,nombre_exacto,,2313252,True,2018|2022
CE,13374,BARBALHA,,2301901,Barbalha,nombre_exacto,,2301901,True,2018|2022
CE,13382,BANABUIÚ,,2301851,Banabuiú,nombre_exacto,,2301851,True,2018|2022
CE,13390,BARRO,,2302008,Barro,nombre_exacto,,2302008,True,2018|2022
CE,13404,BARROQUINHA,,2302057,Barroquinha,nombre_exacto,,2302057,True,2018|2022
CE,13412,BATURITÉ,,2302107,Baturité,nombre_exacto,,2302107,True,2018|2022
CE,13420,ARARENDÁ,,2301257,Ararendá,nombre_exacto,,2301257,True,2018|2022
CE,13439,BEBERIBE,,2302206,Beberibe,nombre_exacto,,2302206,True,2018|2022
CE,13447,CATUNDA,,2303659,Catunda,nombre_exacto,,2303659,True,2018|2022
CE,13455,BELA CRUZ,,2302305,Bela Cruz,nombre_exacto,,2302305,True,2018|2022
CE,13463,CHORÓ,,2303931,Choró,nombre_exacto,,2303931,True,2018|2022
CE,13471,BOA VIAGEM,,2302404,Boa Viagem,nombre_exacto,,2302404,True,2018|2022
CE,13480,ITAITINGA,,2306256,Itaitinga,nombre_exacto,,2306256,True,2018|2022
CE,13498,BREJO SANTO,,2302503,Brejo Santo,nombre_exacto,,2302503,True,2018|2022
CE,13501,FORTIM,,2304459,Fortim,nombre_exacto,,2304459,True,2018|2022
CE,13510,CAMOCIM,,2302602,Camocim,nombre_exacto,,2302602,True,2018|2022
CE,13536,CAMPOS SALES,,2302701,Campos Sales,nombre_exacto,,2302701,True,2018|2022
CE,13552,CANINDÉ,,2302800,Canindé,nombre_exacto,,2302800,True,2018|2022
CE,13579,CAPISTRANO,,2302909,Capistrano,nombre_exacto,,2302909,True,2018|2022
CE,13595,CARIDADE,,2303006,Caridade,nombre_exacto,,2303006,True,2018|2022
CE,13617,CARIRÉ,,2303105,Cariré,nombre_exacto,,2303105,True,2018|2022
CE,13633,CARIRIAÇU,,2303204,Caririaçu,nombre_exacto,,2303204,True,2018|2022
CE,13650,CARIÚS,,2303303,Cariús,nombre_exacto,,2303303,True,2018|2022
CE,13676,CARNAUBAL,,2303402,Carnaubal,nombre_exacto,,2303402,True,2018|2022
CE,13692,CASCAVEL,,2303501,Cascavel,nombre_exacto,,2303501,True,2018|2022
CE,13714,CATARINA,,2303600,Catarina,nombre_exacto,,2303600,True,2018|2022
CE,13730,CAUCAIA,,2303709,Caucaia,nombre_exacto,,2303709,True,2018|2022
CE,13757,CEDRO,,2303808,Cedro,nombre_exacto,,2303808,True,2018|2022
CE,13773,CHAVAL,,2303907,Chaval,nombre_exacto,,2303907,True,2018|2022
CE,13811,COREAÚ,,2304004,Coreaú,nombre_exacto,,2304004,True,2018|2022
CE,13838,CRATEÚS,,2304103,Crateús,nombre_exacto,,2304103,True,2018|2022
CE,13854,CRATO,,2304202,Crato,nombre_exacto,,2304202,True,2018|2022
CE,13870,FARIAS BRITO,,2304301,Farias Brito,nombre_exacto,,2304301,True,2018|2022
CE,13897,FORTALEZA,,2304400,Fortaleza,nombre_exacto,,2304400,True,2018|2022
CE,13919,FRECHEIRINHA,,2304509,Frecheirinha,nombre_exacto,,2304509,True,2018|2022
CE,13935,GENERAL SAMPAIO,,2304608,General Sampaio,nombre_exacto,,2304608,True,2018|2022
CE,13951,GRANJA,,2304707,Granja,nombre_exacto,,2304707,True,2018|2022
CE,13978,GRANJEIRO,,2304806,Granjeiro,nombre_exacto,,2304806,True,2018|2022
CE,13994,GROAÍRAS,,2304905,Groaíras,nombre_exacto,,2304905,True,2018|2022
CE,14010,GUARACIABA DO NORTE,,2305001,Guaraciaba do Norte,nombre_exacto,,2305001,True,2018|2022
CE,14036,GUARAMIRANGA,,2305100,Guaramiranga,nombre_exacto,,2305100,True,2018|2022
CE,14052,HIDROLÂNDIA,,2305209,Hidrolândia,nombre_exacto,,2305209,True,2018|2022
CE,14060,IBARETAMA,,2305266,Ibaretama,nombre_exacto,,2305266,True,2018|2022
CE,14079,IBIAPINA,,2305308,Ibiapina,nombre_exacto,,2305308,True,2018|2022
CE,14095,ICÓ,,2305407,Icó,nombre_exacto,,2305407,True,2018|2022
CE,14117,IGUATU,,2305506,Iguatu,nombre_exacto,,2305506,True,2018|2022
CE,14133,INDEPENDÊNCIA,,2305605,Independência,nombre_exacto,,2305605,True,2018|2022
CE,14150,IPAUMIRIM,,2305704,Ipaumirim,nombre_exacto,,2305704,True,2018|2022
CE,14176,IPU,,2305803,Ipu,nombre_exacto,,2305803,True,2018|2022
CE,14192,IPUEIRAS,,2305902,Ipueiras,nombre_exacto,,2305902,True,2018|2022
CE,14214,IRACEMA,,2306009,Iracema,nombre_exacto,,2306009,True,2018|2022
CE,14230,IRAUÇUBA,,2306108,Irauçuba,nombre_exacto,,2306108,True,2018|2022
CE,14257,ITAIÇABA,,2306207,Itaiçaba,nombre_exacto,,2306207,True,2018|2022
CE,14273,ITAPAJÉ,,2306306,Itapajé,nombre_exacto,,2306306,True,2018|2022
CE,14290,ITAPIPOCA,,2306405,Itapipoca,nombre_exacto,,2306405,True,2018|2022
CE,14311,ITAPIÚNA,,2306504,Itapiúna,nombre_exacto,,2306504,True,2018|2022
CE,14338,ITATIRA,,2306603,Itatira,nombre_exacto,,2306603,True,2018|2022
CE,14354,JAGUARETAMA,,2306702,Jaguaretama,nombre_exacto,,2306702,True,2018|2022
CE,14370,JAGUARIBARA,,2306801,Jaguaribara,nombre_exacto,,2306801,True,2018|2022
CE,14397,JAGUARIBE,,2306900,Jaguaribe,nombre_exacto,,2306900,True,2018|2022
CE,14419,JAGUARUANA,,2307007,Jaguaruana,nombre_exacto,,2307007,True,2018|2022
CE,14435,JARDIM,,2307106,Jardim,nombre_exacto,,2307106,True,2018|2022
CE,14451,JATI,,2307205,Jati,nombre_exacto,,2307205,True,2018|2022
CE,14478,JUAZEIRO DO NORTE,,2307304,Juazeiro do Norte,nombre_exacto,,2307304,True,2018|2022
CE,14494,JUCÁS,,2307403,Jucás,nombre_exacto,,2307403,True,2018|2022
CE,14516,LAVRAS DA MANGABEIRA,,2307502,Lavras da Mangabeira,nombre_exacto,,2307502,True,2018|2022
CE,14532,LIMOEIRO DO NORTE,,2307601,Limoeiro do Norte,nombre_exacto,,2307601,True,2018|2022
CE,14559,MARANGUAPE,,2307700,Maranguape,nombre_exacto,,2307700,True,2018|2022
CE,14575,MARCO,,2307809,Marco,nombre_exacto,,2307809,True,2018|2022
CE,14591,MARTINÓPOLE,,2307908,Martinópole,nombre_exacto,,2307908,True,2018|2022
CE,14613,MASSAPÊ,,2308005,Massapê,nombre_exacto,,2308005,True,2018|2022
CE,14630,MAURITI,,2308104,Mauriti,nombre_exacto,,2308104,True,2018|2022
CE,14656,MERUOCA,,2308203,Meruoca,nombre_exacto,,2308203,True,2018|2022
CE,14672,MILAGRES,,2308302,Milagres,nombre_exacto,,2308302,True,2018|2022
CE,14680,MIRAÍMA,,2308377,Miraíma,nombre_exacto,,2308377,True,2018|2022
CE,14699,MISSÃO VELHA,,2308401,Missão Velha,nombre_exacto,,2308401,True,2018|2022
CE,14710,MOMBAÇA,,2308500,Mombaça,nombre_exacto,,2308500,True,2018|2022
CE,14737,MONSENHOR TABOSA,,2308609,Monsenhor Tabosa,nombre_exacto,,2308609,True,2018|2022
CE,14753,MORADA NOVA,,2308708,Morada Nova,nombre_exacto,,2308708,True,2018|2022
CE,14770,MORAÚJO,,2308807,Moraújo,nombre_exacto,,2308807,True,2018|2022
CE,14796,MORRINHOS,,2308906,Morrinhos,nombre_exacto,,2308906,True,2018|2022
CE,14818,MUCAMBO,,2309003,Mucambo,nombre_exacto,,2309003,True,2018|2022
CE,14834,MULUNGU,,2309102,Mulungu,nombre_exacto,,2309102,True,2018|2022
CE,14850,NOVA OLINDA,,2309201,Nova Olinda,nombre_exacto,,2309201,True,2018|2022
CE,14877,NOVA RUSSAS,,2309300,Nova Russas,nombre_exacto,,2309300,True,2018|2022
CE,14893,NOVO ORIENTE,,2309409,Novo Oriente,nombre_exacto,,2309409,True,2018|2022
CE,14915,ORÓS,,2309508,Orós,nombre_exacto,,2309508,True,2018|2022
CE,14931,PACAJUS,,2309607,Pacajus,nombre_exacto,,2309607,True,2018|2022
CE,14958,PACATUBA,,2309706,Pacatuba,nombre_exacto,,2309706,True,2018|2022
CE,14974,PACOTI,,2309805,Pacoti,nombre_exacto,,2309805,True,2018|2022
CE,14990,PACUJÁ,,2309904,Pacujá,nombre_exacto,,2309904,True,2018|2022
CE,15016,PALHANO,,2310001,Palhano,nombre_exacto,,2310001,True,2018|2022
CE,15032,PALMÁCIA,,2310100,Palmácia,nombre_exacto,,2310100,True,2018|2022
CE,15059,PARACURU,,2310209,Paracuru,nombre_exacto,,2310209,True,2018|2022
CE,15075,PARAMBU,,2310308,Parambu,nombre_exacto,,2310308,True,2018|2022
CE,15091,PARAMOTI,,2310407,Paramoti,nombre_exacto,,2310407,True,2018|2022
CE,15113,PEDRA BRANCA,,2310506,Pedra Branca,nombre_exacto,,2310506,True,2018|2022
CE,15130,PENAFORTE,,2310605,Penaforte,nombre_exacto,,2310605,True,2018|2022
CE,15156,PENTECOSTE,,2310704,Pentecoste,nombre_exacto,,2310704,True,2018|2022
CE,15172,PEREIRO,,2310803,Pereiro,nombre_exacto,,2310803,True,2018|2022
CE,15199,PIQUET CARNEIRO,,2310902,Piquet Carneiro,nombre_exacto,,2310902,True,2018|2022
CE,15210,PORANGA,,2311009,Poranga,nombre_exacto,,2311009,True,2018|2022
CE,15237,PORTEIRAS,,2311108,Porteiras,nombre_exacto,,2311108,True,2018|2022
CE,15253,POTENGI,,2311207,Potengi,nombre_exacto,,2311207,True,2018|2022
CE,15270,QUIXADÁ,,2311306,Quixadá,nombre_exacto,,2311306,True,2018|2022
CE,15296,QUIXERAMOBIM,,2311405,Quixeramobim,nombre_exacto,,2311405,True,2018|2022
CE,15318,QUIXERÉ,,2311504,Quixeré,nombre_exacto,,2311504,True,2018|2022
CE,15334,REDENÇÃO,,2311603,Redenção,nombre_exacto,,2311603,True,2018|2022
CE,15350,RERIUTABA,,2311702,Reriutaba,nombre_exacto,,2311702,True,2018|2022
CE,15377,RUSSAS,,2311801,Russas,nombre_exacto,,2311801,True,2018|2022
CE,15393,SABOEIRO,,2311900,Saboeiro,nombre_exacto,,2311900,True,2018|2022
CE,15415,SANTANA DO ACARAÚ,,2312007,Santana do Acaraú,nombre_exacto,,2312007,True,2018|2022
CE,15431,SANTANA DO CARIRI,,2312106,Santana do Cariri,nombre_exacto,,2312106,True,2018|2022
CE,15440,SALITRE,,2311959,Salitre,nombre_exacto,,2311959,True,2018|2022
CE,15458,SANTA QUITÉRIA,,2312205,Santa Quitéria,nombre_exacto,,2312205,True,2018|2022
CE,15474,SÃO BENEDITO,,2312304,São Benedito,nombre_exacto,,2312304,True,2018|2022
CE,15490,SÃO GONÇALO DO AMARANTE,,2312403,São Gonçalo do Amarante,nombre_exacto,,2312403,True,2018|2022
CE,15512,SÃO JOÃO DO JAGUARIBE,,2312502,São João do Jaguaribe,nombre_exacto,,2312502,True,2018|2022
CE,15539,SÃO LUÍS DO CURU,,2312601,São Luís do Curu,nombre_exacto,,2312601,True,2018|2022
CE,15555,SENADOR POMPEU,,2312700,Senador Pompeu,nombre_exacto,,2312700,True,2018|2022
CE,15571,SENADOR SÁ,,2312809,Senador Sá,nombre_exacto,,2312809,True,2018|2022
CE,15598,SOBRAL,,2312908,Sobral,nombre_exacto,,2312908,True,2018|2022
CE,15610,SOLONÓPOLE,,2313005,Solonópole,nombre_exacto,,2313005,True,2018|2022
CE,15636,TABULEIRO DO NORTE,,2313104,Tabuleiro do Norte,nombre_exacto,,2313104,True,2018|2022
CE,15652,TAMBORIL,,2313203,Tamboril,nombre_exacto,,2313203,True,2018|2022
CE,15679,TAUÁ,,2313302,Tauá,nombre_exacto,,2313302,True,2018|2022
CE,15695,TIANGUÁ,,2313401,Tianguá,nombre_exacto,,2313401,True,2018|2022
CE,15717,TRAIRI,,2313500,Trairi,nombre_exacto,,2313500,True,2018|2022
CE,15733,UBAJARA,,2313609,Ubajara,nombre_exacto,,2313609,True,2018|2022
CE,15750,UMARI,,2313708,Umari,nombre_exacto,,2313708,True,2018|2022
CE,15776,URUBURETAMA,,2313807,Uruburetama,nombre_exacto,,2313807,True,2018|2022
CE,15792,URUOCA,,2313906,Uruoca,nombre_exacto,,2313906,True,2018|2022
CE,15814,VÁRZEA ALEGRE,,2314003,Várzea Alegre,nombre_exacto,,2314003,True,2018|2022
CE,15830,VIÇOSA DO CEARÁ,,2314102,Viçosa do Ceará,nombre_exacto,,2314102,True,2018|2022
CE,15857,MARACANAÚ,,2307650,Maracanaú,nombre_exacto,,2307650,True,2018|2022
CE,15873,AMONTADA,,2300754,Amontada,nombre_exacto,,2300754,True,2018|2022
CE,15881,CROATÁ,,2304236,Croatá,nombre_exacto,,2304236,True,2018|2022
CE,15890,CRUZ,,2304251,Cruz,nombre_exacto,,2304251,True,2018|2022
CE,15911,FORQUILHA,,2304350,Forquilha,nombre_exacto,,2304350,True,2018|2022
CE,15920,IBICUITINGA,,2305332,Ibicuitinga,nombre_exacto,,2305332,True,2018|2022
CE,15938,ICAPUÍ,,2305357,Icapuí,nombre_exacto,,2305357,True,2018|2022
CE,15954,ITAREMA,,2306553,Itarema,nombre_exacto,,2306553,True,2018|2022
CE,15970,MILHÃ,,2308351,Milhã,nombre_exacto,,2308351,True,2018|2022
CE,15989,DEPUTADO IRAPUAN PINHEIRO,,2304269,Deputado Irapuan Pinheiro,nombre_exacto,,2304269,True,2018|2022
CE,15997,PARAIPABA,,2310258,Paraipaba,nombre_exacto,,2310258,True,2018|2022
CE,98531,QUIXELÔ,,2311355,Quixelô,nombre_exacto,,2311355,True,2018|2022
CE,98558,UMIRIM,,2313757,Umirim,nombre_exacto,,2313757,True,2018|2022
CE,98574,VARJOTA,,2313955,Varjota,nombre_exacto,,2313955,True,2018|2022
DF,97012,BRASÍLIA,,5300108,Brasília,nombre_exacto,,5300108,True,2018|2022
ES,56006,SÃO DOMINGOS DO NORTE,,3204658,São Domingos do Norte,nombre_exacto,,3204658,True,2018|2022
ES,56014,AFONSO CLÁUDIO,,3200102,Afonso Cláudio,nombre_exacto,,3200102,True,2018|2022
ES,56022,ÁGUA DOCE DO NORTE,,3200169,Água Doce do Norte,nombre_exacto,,3200169,True,2018|2022
ES,56030,ALEGRE,,3200201,Alegre,nombre_exacto,,3200201,True,2018|2022
ES,56049,IRUPI,,3202652,Irupi,nombre_exacto,,3202652,True,2018|2022
ES,56057,ALFREDO CHAVES,,3200300,Alfredo Chaves,nombre_exacto,,3200300,True,2018|2022
ES,56065,ALTO RIO NOVO,,3200359,Alto Rio Novo,nombre_exacto,,3200359,True,2018|2022
ES,56073,ANCHIETA,,3200409,Anchieta,nombre_exacto,,3200409,True,2018|2022
ES,56081,VILA PAVÃO,,3205150,Vila Pavão,nombre_exacto,,3205150,True,2018|2022
ES,56090,APIACÁ,,3200508,Apiacá,nombre_exacto,,3200508,True,2018|2022
ES,56103,MARECHAL FLORIANO,,3203346,Marechal Floriano,nombre_exacto,,3203346,True,2018|2022
ES,56111,ARACRUZ,,3200607,Aracruz,nombre_exacto,,3200607,True,2018|2022
ES,56120,MARATAÍZES,,3203320,Marataízes,nombre_exacto,,3203320,True,2018|2022
ES,56138,ATÍLIO VIVÁCQUA,,3200706,Atílio Vivácqua,nombre_exacto,,3200706,True,2018|2022
ES,56146,BREJETUBA,,3201159,Brejetuba,nombre_exacto,,3201159,True,2018|2022
ES,56154,BAIXO GUANDU,,3200805,Baixo Guandu,nombre_exacto,,3200805,True,2018|2022
ES,56162,SÃO ROQUE DO CANAÃ,,3204955,São Roque do Canaã,nombre_exacto,,3204955,True,2018|2022
ES,56170,BARRA DE SÃO FRANCISCO,,3200904,Barra de São Francisco,nombre_exacto,,3200904,True,2018|2022
ES,56189,SOORETAMA,,3205010,Sooretama,nombre_exacto,,3205010,True,2018|2022
ES,56197,BOA ESPERANÇA,,3201001,Boa Esperança,nombre_exacto,,3201001,True,2018|2022
ES,56200,PONTO BELO,,3204252,Ponto Belo,nombre_exacto,,3204252,True,2018|2022
ES,56219,BOM JESUS DO NORTE,,3201100,Bom Jesus do Norte,nombre_exacto,,3201100,True,2018|2022
ES,56227,VILA VALÉRIO,,3205176,Vila Valério,nombre_exacto,,3205176,True,2018|2022
ES,56235,CACHOEIRO DE ITAPEMIRIM,,3201209,Cachoeiro de Itapemirim,nombre_exacto,,3201209,True,2018|2022
ES,56251,CARIACICA,,3201308,Cariacica,nombre_exacto,,3201308,True,2018|2022
ES,56278,CASTELO,,3201407,Castelo,nombre_exacto,,3201407,True,2018|2022
ES,56294,COLATINA,,3201506,Colatina,nombre_exacto,,3201506,True,2018|2022
ES,56308,GOVERNADOR LINDENBERG,,3202256,Governador Lindenberg,nombre_exacto,,3202256,True,2018|2022
ES,56316,CONCEIÇÃO DA BARRA,,3201605,Conceição da Barra,nombre_exacto,,3201605,True,2018|2022
ES,56332,CONCEIÇÃO DO CASTELO,,3201704,Conceição do Castelo,nombre_exacto,,3201704,True,2018|2022
ES,56359,DIVINO DE SÃO LOURENÇO,,3201803,Divino de São Lourenço,nombre_exacto,,3201803,True,2018|2022
ES,56375,DOMINGOS MARTINS,,3201902,Domingos Martins,nombre_exacto,,3201902,True,2018|2022
ES,56391,DORES DO RIO PRETO,,3202009,Dores do Rio Preto,nombre_exacto,,3202009,True,2018|2022
ES,56413,ECOPORANGA,,3202108,Ecoporanga,nombre_exacto,,3202108,True,2018|2022
ES,56430,FUNDÃO,,3202207,Fundão,nombre_exacto,,3202207,True,2018|2022
ES,56456,GUAÇUÍ,,3202306,Guaçuí,nombre_exacto,,3202306,True,2018|2022
ES,56472,GUARAPARI,,3202405,Guarapari,nombre_exacto,,3202405,True,2018|2022
ES,56499,IBIRAÇU,,3202504,Ibiraçu,nombre_exacto,,3202504,True,2018|2022
ES,56502,IBITIRAMA,,3202553,Ibitirama,nombre_exacto,,3202553,True,2018|2022
ES,56510,ICONHA,,3202603,Iconha,nombre_exacto,,3202603,True,2018|2022
ES,56537,ITAGUAÇU,,3202702,Itaguaçu,nombre_exacto,,3202702,True,2018|2022
ES,56553,ITAPEMIRIM,,3202801,Itapemirim,nombre_exacto,,3202801,True,2018|2022
ES,56570,ITARANA,,3202900,Itarana,nombre_exacto,,3202900,True,2018|2022
ES,56596,IÚNA,,3203007,Iúna,nombre_exacto,,3203007,True,2018|2022
ES,56618,JERÔNIMO MONTEIRO,,3203106,Jerônimo Monteiro,nombre_exacto,,3203106,True,2018|2022
ES,56626,JOÃO NEIVA,,3203130,João Neiva,nombre_exacto,,3203130,True,2018|2022
ES,56634,LINHARES,,3203205,Linhares,nombre_exacto,,3203205,True,2018|2022
ES,56650,MANTENÓPOLIS,,3203304,Mantenópolis,nombre_exacto,,3203304,True,2018|2022
ES,56677,MIMOSO DO SUL,,3203403,Mimoso do Sul,nombre_exacto,,3203403,True,2018|2022
ES,56693,MONTANHA,,3203502,Montanha,nombre_exacto,,3203502,True,2018|2022
ES,56715,MUCURICI,,3203601,Mucurici,nombre_exacto,,3203601,True,2018|2022
ES,56731,MUNIZ FREIRE,,3203700,Muniz Freire,nombre_exacto,,3203700,True,2018|2022
ES,56758,MUQUI,,3203809,Muqui,nombre_exacto,,3203809,True,2018|2022
ES,56774,NOVA VENÉCIA,,3203908,Nova Venécia,nombre_exacto,,3203908,True,2018|2022
ES,56790,PANCAS,,3204005,Pancas,nombre_exacto,,3204005,True,2018|2022
ES,56812,PINHEIROS,,3204104,Pinheiros,nombre_exacto,,3204104,True,2018|2022
ES,56839,PIÚMA,,3204203,Piúma,nombre_exacto,,3204203,True,2018|2022
ES,56855,PRESIDENTE KENNEDY,,3204302,Presidente Kennedy,nombre_exacto,,3204302,True,2018|2022
ES,56871,RIO NOVO DO SUL,,3204401,Rio Novo do Sul,nombre_exacto,,3204401,True,2018|2022
ES,56898,SANTA LEOPOLDINA,,3204500,Santa Leopoldina,nombre_exacto,,3204500,True,2018|2022
ES,56910,SANTA TERESA,,3204609,Santa Teresa,nombre_exacto,,3204609,True,2018|2022
ES,56936,SÃO GABRIEL DA PALHA,,3204708,São Gabriel da Palha,nombre_exacto,,3204708,True,2018|2022
ES,56952,SÃO JOSÉ DO CALÇADO,,3204807,São José do Calçado,nombre_exacto,,3204807,True,2018|2022
ES,56979,SÃO MATEUS,,3204906,São Mateus,nombre_exacto,,3204906,True,2018|2022
ES,56995,SERRA,,3205002,Serra,nombre_exacto,,3205002,True,2018|2022
ES,57010,VIANA,,3205101,Viana,nombre_exacto,,3205101,True,2018|2022
ES,57037,VILA VELHA,,3205200,Vila Velha,nombre_exacto,,3205200,True,2018|2022
ES,57053,VITÓRIA,,3205309,Vitória,nombre_exacto,,3205309,True,2018|2022
ES,57070,MARILÂNDIA,,3203353,Marilândia,nombre_exacto,,3203353,True,2018|2022
ES,57096,IBATIBA,,3202454,Ibatiba,nombre_exacto,,3202454,True,2018|2022
ES,57118,RIO BANANAL,,3204351,Rio Bananal,nombre_exacto,,3204351,True,2018|2022
ES,57134,JAGUARÉ,,3203056,Jaguaré,nombre_exacto,,3203056,True,2018|2022
ES,57150,PEDRO CANÁRIO,,3204054,Pedro Canário,nombre_exacto,,3204054,True,2018|2022
ES,57916,LARANJA DA TERRA,,3203163,Laranja da Terra,nombre_exacto,,3203163,True,2018|2022
ES,57932,SANTA MARIA DE JETIBÁ,,3204559,Santa Maria de Jetibá,nombre_exacto,,3204559,True,2018|2022
ES,57959,VARGEM ALTA,,3205036,Vargem Alta,nombre_exacto,,3205036,True,2018|2022
ES,57975,VENDA NOVA DO IMIGRANTE,,3205069,Venda Nova do Imigrante,nombre_exacto,,3205069,True,2018|2022
ES,57991,ÁGUIA BRANCA,,3200136,Águia Branca,nombre_exacto,,3200136,True,2018|2022
GO,92010,ABADIÂNIA,,5200100,Abadiânia,nombre_exacto,,5200100,True,2018|2022
GO,92029,BONFINÓPOLIS,,5203559,Bonfinópolis,nombre_exacto,,5203559,True,2018|2022
GO,92037,ÁGUA LIMPA,,5200209,Água Limpa,nombre_exacto,,5200209,True,2018|2022
GO,92053,ALEXÂNIA,,5200308,Alexânia,nombre_exacto,,5200308,True,2018|2022
GO,92061,CAMPOS VERDES,,5204953,Campos Verdes,nombre_exacto,,5204953,True,2018|2022
GO,92096,ALOÂNDIA,,5200506,Aloândia,nombre_exacto,,5200506,True,2018|2022
GO,92100,CEZARINA,,5205455,Cezarina,nombre_exacto,,5205455,True,2018|2022
GO,92118,ALTO PARAÍSO DE GOIÁS,,5200605,Alto Paraíso de Goiás,nombre_exacto,,5200605,True,2018|2022
GO,92126,COLINAS DO SUL,,5205521,Colinas do Sul,nombre_exacto,,5205521,True,2018|2022
GO,92150,ALVORADA DO NORTE,,5200803,Alvorada do Norte,nombre_exacto,,5200803,True,2018|2022
GO,92169,MORRO AGUDO DE GOIÁS,,5213855,Morro Agudo de Goiás,nombre_exacto,,5213855,True,2018|2022
GO,92177,AMORINÓPOLIS,,5200902,Amorinópolis,nombre_exacto,,5200902,True,2018|2022
GO,92207,EDEALINA,,5207352,Edealina,nombre_exacto,,5207352,True,2018|2022
GO,92215,ANÁPOLIS,,5201108,Anápolis,nombre_exacto,,5201108,True,2018|2022
GO,92223,FAINA,,5207535,Faina,nombre_exacto,,5207535,True,2018|2022
GO,92231,ANHANGÜERA,,5201207,Anhanguera,nombre_exacto,,5201207,True,2018|2022
GO,92258,ANICUNS,,5201306,Anicuns,nombre_exacto,,5201306,True,2018|2022
GO,92266,GOUVELÂNDIA,,5209150,Gouvelândia,nombre_exacto,,5209150,True,2018|2022
GO,92274,APARECIDA DE GOIÂNIA,,5201405,Aparecida de Goiânia,nombre_exacto,,5201405,True,2018|2022
GO,92282,ITAGUARI,,5210562,Itaguari,nombre_exacto,,5210562,True,2018|2022
GO,92290,APORÉ,,5201504,Aporé,nombre_exacto,,5201504,True,2018|2022
GO,92312,ARAÇU,,5201603,Araçu,nombre_exacto,,5201603,True,2018|2022
GO,92320,MATRINCHÃ,,5212956,Matrinchã,nombre_exacto,,5212956,True,2018|2022
GO,92339,ARAGARÇAS,,5201702,Aragarças,nombre_exacto,,5201702,True,2018|2022
GO,92347,MIMOSO DE GOIÁS,,5213053,Mimoso de Goiás,nombre_exacto,,5213053,True,2018|2022
GO,92355,ARAGOIÂNIA,,5201801,Aragoiânia,nombre_exacto,,5201801,True,2018|2022
GO,92363,MONTIVIDIU,,5213756,Montividiu,nombre_exacto,,5213756,True,2018|2022
GO,92444,NOVO PLANALTO,,5215256,Novo Planalto,nombre_exacto,,5215256,True,2018|2022
GO,92460,PALESTINA DE GOIÁS,,5215652,Palestina de Goiás,nombre_exacto,,5215652,True,2018|2022
GO,92495,ARUANÃ,,5202502,Aruanã,nombre_exacto,,5202502,True,2018|2022
GO,92517,AURILÂNDIA,,5202601,Aurilândia,nombre_exacto,,5202601,True,2018|2022
GO,92550,AVELINÓPOLIS,,5202809,Avelinópolis,nombre_exacto,,5202809,True,2018|2022
GO,92568,SANTA FÉ DE GOIÁS,,5219258,Santa Fé de Goiás,nombre_exacto,,5219258,True,2018|2022
GO,92614,BALIZA,,5203104,Baliza,nombre_exacto,,5203104,True,2018|2022
GO,92622,SÃO JOÃO DA PARAÚNA,,5220058,São João da Paraúna,nombre_exacto,,5220058,True,2018|2022
GO,92630,BARRO ALTO,,5203203,Barro Alto,nombre_exacto,,5203203,True,2018|2022
GO,92649,SÃO LUIZ DO NORTE,,5220157,São Luiz do Norte,nombre_exacto,,5220157,True,2018|2022
GO,92657,BELA VISTA DE GOIÁS,,5203302,Bela Vista de Goiás,nombre_exacto,,5203302,True,2018|2022
GO,92665,SÃO MIGUEL DO PASSA QUATRO,,5220264,São Miguel do Passa Quatro,nombre_exacto,,5220264,True,2018|2022
GO,92673,BOM JARDIM DE GOIÁS,,5203401,Bom Jardim de Goiás,nombre_exacto,,5203401,True,2018|2022
GO,92690,BOM JESUS DE GOIÁS,,5203500,Bom Jesus de Goiás,nombre_exacto,,5203500,True,2018|2022
GO,92703,SENADOR CANEDO,,5220454,Senador Canedo,nombre_exacto,,5220454,True,2018|2022
GO,92711,BRAZABRANTES,,5203609,Brazabrantes,nombre_exacto,,5203609,True,2018|2022
GO,92720,SIMOLÂNDIA,,5220686,Simolândia,nombre_exacto,,5220686,True,2018|2022
GO,92754,BRITÂNIA,,5203807,Britânia,nombre_exacto,,5203807,True,2018|2022
GO,92762,TERESINA DE GOIÁS,,5221080,Teresina de Goiás,nombre_exacto,,5221080,True,2018|2022
GO,92770,BURITI ALEGRE,,5203906,Buriti Alegre,nombre_exacto,,5203906,True,2018|2022
GO,92789,TROMBAS,,5221452,Trombas,nombre_exacto,,5221452,True,2018|2022
GO,92797,CABECEIRAS,,5204003,Cabeceiras,nombre_exacto,,5204003,True,2018|2022
GO,92800,TURVELÂNDIA,,5221551,Turvelândia,nombre_exacto,,5221551,True,2018|2022
GO,92819,CACHOEIRA ALTA,,5204102,Cachoeira Alta,nombre_exacto,,5204102,True,2018|2022
GO,92827,RIO QUENTE,,5218789,Rio Quente,nombre_exacto,,5218789,True,2018|2022
GO,92835,CACHOEIRA DE GOIÁS,,5204201,Cachoeira de Goiás,nombre_exacto,,5204201,True,2018|2022
GO,92851,CAÇU,,5204300,Caçu,nombre_exacto,,5204300,True,2018|2022
GO,92860,GUARINOS,,5209457,Guarinos,nombre_exacto,,5209457,True,2018|2022
GO,92878,CAIAPÔNIA,,5204409,Caiapônia,nombre_exacto,,5204409,True,2018|2022
GO,92886,COCALZINHO DE GOIÁS,,5205513,Cocalzinho de Goiás,nombre_exacto,,5205513,True,2018|2022
GO,92894,CALDAS NOVAS,,5204508,Caldas Novas,nombre_exacto,,5204508,True,2018|2022
GO,92908,SANTO ANTÔNIO DE GOIÁS,,5219738,Santo Antônio de Goiás,nombre_exacto,,5219738,True,2018|2022
GO,92916,CAMPESTRE DE GOIÁS,,5204607,Campestre de Goiás,nombre_exacto,,5204607,True,2018|2022
GO,92924,CHAPADÃO DO CÉU,,5205471,Chapadão do Céu,nombre_exacto,,5205471,True,2018|2022
GO,92932,CAMPINORTE,,5204706,Campinorte,nombre_exacto,,5204706,True,2018|2022
GO,92940,ALTO HORIZONTE,,5200555,Alto Horizonte,nombre_exacto,,5200555,True,2018|2022
GO,92959,CAMPO ALEGRE DE GOIÁS,,5204805,Campo Alegre de Goiás,nombre_exacto,,5204805,True,2018|2022
GO,92967,CASTELÂNDIA,,5205059,Castelândia,nombre_exacto,,5205059,True,2018|2022
GO,92975,CAMPOS BELOS,,5204904,Campos Belos,nombre_exacto,,5204904,True,2018|2022
GO,92983,JESÚPOLIS,,5212055,Jesúpolis,nombre_exacto,,5212055,True,2018|2022
GO,92991,CARMO DO RIO VERDE,,5205000,Carmo do Rio Verde,nombre_exacto,,5205000,True,2018|2022
GO,93009,APARECIDA DO RIO DOCE,,5201454,Aparecida do Rio Doce,nombre_exacto,,5201454,True,2018|2022
GO,93017,CATALÃO,,5205109,Catalão,nombre_exacto,,5205109,True,2018|2022
GO,93025,CIDADE OCIDENTAL,,5205497,Cidade Ocidental,nombre_exacto,,5205497,True,2018|2022
GO,93033,CATURAÍ,,5205208,Caturaí,nombre_exacto,,5205208,True,2018|2022
GO,93041,PROFESSOR JAMIL,,5218391,Professor Jamil,nombre_exacto,,5218391,True,2018|2022
GO,93050,CAVALCANTE,,5205307,Cavalcante,nombre_exacto,,5205307,True,2018|2022
GO,93068,PEROLÂNDIA,,5216452,Perolândia,nombre_exacto,,5216452,True,2018|2022
GO,93076,CERES,,5205406,Ceres,nombre_exacto,,5205406,True,2018|2022
GO,93084,NOVA IGUAÇU DE GOIÁS,,5214879,Nova Iguaçu de Goiás,nombre_exacto,,5214879,True,2018|2022
GO,93092,DIVINÓPOLIS DE GOIÁS,,5208301,Divinópolis de Goiás,nombre_exacto,,5208301,True,2018|2022
GO,93106,BURITI DE GOIÁS,,5203939,Buriti de Goiás,nombre_exacto,,5203939,True,2018|2022
GO,93122,CALDAZINHA,,5204557,Caldazinha,nombre_exacto,,5204557,True,2018|2022
GO,93149,GUARAÍTA,,5209291,Guaraíta,nombre_exacto,,5209291,True,2018|2022
GO,93157,CÓRREGO DO OURO,,5205703,Córrego do Ouro,nombre_exacto,,5205703,True,2018|2022
GO,93165,INACIOLÂNDIA,,5209937,Inaciolândia,nombre_exacto,,5209937,True,2018|2022
GO,93173,CORUMBÁ DE GOIÁS,,5205802,Corumbá de Goiás,nombre_exacto,,5205802,True,2018|2022
GO,93181,MONTIVIDIU DO NORTE,,5213772,Montividiu do Norte,nombre_exacto,,5213772,True,2018|2022
GO,93190,CORUMBAÍBA,,5205901,Corumbaíba,nombre_exacto,,5205901,True,2018|2022
GO,93203,SANTO ANTÔNIO DA BARRA,,5219712,Santo Antônio da Barra,nombre_exacto,,5219712,True,2018|2022
GO,93220,TEREZÓPOLIS DE GOIÁS,,5221197,Terezópolis de Goiás,nombre_exacto,,5221197,True,2018|2022
GO,93246,UIRAPURU,,5221577,Uirapuru,nombre_exacto,,5221577,True,2018|2022
GO,93254,CRISTALINA,,5206206,Cristalina,nombre_exacto,,5206206,True,2018|2022
GO,93262,BURITINÓPOLIS,,5203962,Buritinópolis,nombre_exacto,,5203962,True,2018|2022
GO,93270,CRISTIANÓPOLIS,,5206305,Cristianópolis,nombre_exacto,,5206305,True,2018|2022
GO,93289,VILA BOA,,5222203,Vila Boa,nombre_exacto,,5222203,True,2018|2022
GO,93297,CRIXÁS,,5206404,Crixás,nombre_exacto,,5206404,True,2018|2022
GO,93300,VALPARAÍSO DE GOIÁS,,5221858,Valparaíso de Goiás,nombre_exacto,,5221858,True,2018|2022
GO,93319,CROMÍNIA,,5206503,Cromínia,nombre_exacto,,5206503,True,2018|2022
GO,93327,NOVO GAMA,,5215231,Novo Gama,nombre_exacto,,5215231,True,2018|2022
GO,93335,CUMARI,,5206602,Cumari,nombre_exacto,,5206602,True,2018|2022
GO,93343,ÁGUAS LINDAS DE GOIÁS,,5200258,Águas Lindas de Goiás,nombre_exacto,,5200258,True,2018|2022
GO,93351,DAMIANÓPOLIS,,5206701,Damianópolis,nombre_exacto,,5206701,True,2018|2022
GO,93360,ABADIA DE GOIÁS,,5200050,Abadia de Goiás,nombre_exacto,,5200050,True,2018|2022
GO,93378,DAMOLÂNDIA,,5206800,Damolândia,nombre_exacto,,5206800,True,2018|2022
GO,93386,AMARALINA,,5200829,Amaralina,nombre_exacto,,5200829,True,2018|2022
GO,93394,DAVINÓPOLIS,,5206909,Davinópolis,nombre_exacto,,5206909,True,2018|2022
GO,93408,BONÓPOLIS,,5203575,Bonópolis,nombre_exacto,,5203575,True,2018|2022
GO,93424,PORTEIRÃO,,5218052,Porteirão,nombre_exacto,,5218052,True,2018|2022
GO,93432,DIORAMA,,5207105,Diorama,nombre_exacto,,5207105,True,2018|2022
GO,93440,SANTA RITA DO NOVO DESTINO,,5219456,Santa Rita do Novo Destino,nombre_exacto,,5219456,True,2018|2022
GO,93483,SÃO PATRÍCIO,,5220280,São Patrício,nombre_exacto,,5220280,True,2018|2022
GO,93491,EDÉIA,,5207402,Edéia,nombre_exacto,,5207402,True,2018|2022
GO,93505,VILA PROPÍCIO,,5222302,Vila Propício,nombre_exacto,,5222302,True,2018|2022
GO,93513,ESTRELA DO NORTE,,5207501,Estrela do Norte,nombre_exacto,,5207501,True,2018|2022
GO,93530,FAZENDA NOVA,,5207600,Fazenda Nova,nombre_exacto,,5207600,True,2018|2022
GO,93548,IPIRANGA DE GOIÁS,,5210158,Ipiranga de Goiás,nombre_exacto,,5210158,True,2018|2022
GO,93564,GAMELEIRA DE GOIÁS,,5208152,Gameleira de Goiás,nombre_exacto,,5208152,True,2018|2022
GO,93572,FIRMINÓPOLIS,,5207808,Firminópolis,nombre_exacto,,5207808,True,2018|2022
GO,93580,CAMPO LIMPO DE GOIÁS,,5204854,Campo Limpo de Goiás,nombre_exacto,,5204854,True,2018|2022
GO,93599,FLORES DE GOIÁS,,5207907,Flores de Goiás,nombre_exacto,,5207907,True,2018|2022
GO,93602,LAGOA SANTA,,5212253,Lagoa Santa,nombre_exacto,,5212253,True,2018|2022
GO,93610,FORMOSA,,5208004,Formosa,nombre_exacto,,5208004,True,2018|2022
GO,93637,FORMOSO,,5208103,Formoso,nombre_exacto,,5208103,True,2018|2022
GO,93670,GOIANÁPOLIS,,5208400,Goianápolis,nombre_exacto,,5208400,True,2018|2022
GO,93696,GOIANDIRA,,5208509,Goiandira,nombre_exacto,,5208509,True,2018|2022
GO,93718,GOIANÉSIA,,5208608,Goianésia,nombre_exacto,,5208608,True,2018|2022
GO,93734,GOIÂNIA,,5208707,Goiânia,nombre_exacto,,5208707,True,2018|2022
GO,93750,GOIANIRA,,5208806,Goianira,nombre_exacto,,5208806,True,2018|2022
GO,93777,GOIÁS,,5208905,Goiás,nombre_exacto,,5208905,True,2018|2022
GO,93793,GOIATUBA,,5209101,Goiatuba,nombre_exacto,,5209101,True,2018|2022
GO,93815,GUAPÓ,,5209200,Guapó,nombre_exacto,,5209200,True,2018|2022
GO,93831,GUARANI DE GOIÁS,,5209408,Guarani de Goiás,nombre_exacto,,5209408,True,2018|2022
GO,93874,HEITORAÍ,,5209606,Heitoraí,nombre_exacto,,5209606,True,2018|2022
GO,93890,HIDROLÂNDIA,,5209705,Hidrolândia,nombre_exacto,,5209705,True,2018|2022
GO,93912,HIDROLINA,,5209804,Hidrolina,nombre_exacto,,5209804,True,2018|2022
GO,93939,IACIARA,,5209903,Iaciara,nombre_exacto,,5209903,True,2018|2022
GO,93955,INHUMAS,,5210000,Inhumas,nombre_exacto,,5210000,True,2018|2022
GO,93971,IPAMERI,,5210109,Ipameri,nombre_exacto,,5210109,True,2018|2022
GO,93998,IPORÁ,,5210208,Iporá,nombre_exacto,,5210208,True,2018|2022
GO,94013,ISRAELÂNDIA,,5210307,Israelândia,nombre_exacto,,5210307,True,2018|2022
GO,94030,ITABERAÍ,,5210406,Itaberaí,nombre_exacto,,5210406,True,2018|2022
GO,94072,ITAGUARU,,5210604,Itaguaru,nombre_exacto,,5210604,True,2018|2022
GO,94110,ITAJÁ,,5210802,Itajá,nombre_exacto,,5210802,True,2018|2022
GO,94137,ITAPACI,,5210901,Itapaci,nombre_exacto,,5210901,True,2018|2022
GO,94153,ITAPIRAPUÃ,,5211008,Itapirapuã,nombre_exacto,,5211008,True,2018|2022
GO,94196,ITAPURANGA,,5211206,Itapuranga,nombre_exacto,,5211206,True,2018|2022
GO,94218,ITARUMÃ,,5211305,Itarumã,nombre_exacto,,5211305,True,2018|2022
GO,94234,ITAUÇU,,5211404,Itauçu,nombre_exacto,,5211404,True,2018|2022
GO,94250,ITUMBIARA,,5211503,Itumbiara,nombre_exacto,,5211503,True,2018|2022
GO,94277,IVOLÂNDIA,,5211602,Ivolândia,nombre_exacto,,5211602,True,2018|2022
GO,94293,JANDAIA,,5211701,Jandaia,nombre_exacto,,5211701,True,2018|2022
GO,94315,JARAGUÁ,,5211800,Jaraguá,nombre_exacto,,5211800,True,2018|2022
GO,94331,JATAÍ,,5211909,Jataí,nombre_exacto,,5211909,True,2018|2022
GO,94358,JAUPACI,,5212006,Jaupaci,nombre_exacto,,5212006,True,2018|2022
GO,94374,JOVIÂNIA,,5212105,Joviânia,nombre_exacto,,5212105,True,2018|2022
GO,94390,JUSSARA,,5212204,Jussara,nombre_exacto,,5212204,True,2018|2022
GO,94439,LEOPOLDO DE BULHÕES,,5212303,Leopoldo de Bulhões,nombre_exacto,,5212303,True,2018|2022
GO,94455,LUZIÂNIA,,5212501,Luziânia,nombre_exacto,,5212501,True,2018|2022
GO,94471,MAIRIPOTABA,,5212600,Mairipotaba,nombre_exacto,,5212600,True,2018|2022
GO,94498,MAMBAÍ,,5212709,Mambaí,nombre_exacto,,5212709,True,2018|2022
GO,94510,MARA ROSA,,5212808,Mara Rosa,nombre_exacto,,5212808,True,2018|2022
GO,94536,MARZAGÃO,,5212907,Marzagão,nombre_exacto,,5212907,True,2018|2022
GO,94552,PARANAIGUARA,,5216304,Paranaiguara,nombre_exacto,,5216304,True,2018|2022
GO,94579,MAURILÂNDIA,,5213004,Maurilândia,nombre_exacto,,5213004,True,2018|2022
GO,94595,MINEIROS,,5213103,Mineiros,nombre_exacto,,5213103,True,2018|2022
GO,94650,MOIPORÁ,,5213400,Moiporá,nombre_exacto,,5213400,True,2018|2022
GO,94676,MONTE ALEGRE DE GOIÁS,,5213509,Monte Alegre de Goiás,nombre_exacto,,5213509,True,2018|2022
GO,94714,MONTES CLAROS DE GOIÁS,,5213707,Montes Claros de Goiás,nombre_exacto,,5213707,True,2018|2022
GO,94730,MORRINHOS,,5213806,Morrinhos,nombre_exacto,,5213806,True,2018|2022
GO,94757,MOSSÂMEDES,,5213905,Mossâmedes,nombre_exacto,,5213905,True,2018|2022
GO,94773,MOZARLÂNDIA,,5214002,Mozarlândia,nombre_exacto,,5214002,True,2018|2022
GO,94790,MUTUNÓPOLIS,,5214101,Mutunópolis,nombre_exacto,,5214101,True,2018|2022
GO,94854,NAZÁRIO,,5214408,Nazário,nombre_exacto,,5214408,True,2018|2022
GO,94870,NERÓPOLIS,,5214507,Nerópolis,nombre_exacto,,5214507,True,2018|2022
GO,94897,NIQUELÂNDIA,,5214606,Niquelândia,nombre_exacto,,5214606,True,2018|2022
GO,94919,NOVA AMÉRICA,,5214705,Nova América,nombre_exacto,,5214705,True,2018|2022
GO,94935,NOVA AURORA,,5214804,Nova Aurora,nombre_exacto,,5214804,True,2018|2022
GO,94951,NOVA ROMA,,5214903,Nova Roma,nombre_exacto,,5214903,True,2018|2022
GO,94978,NOVA VENEZA,,5215009,Nova Veneza,nombre_exacto,,5215009,True,2018|2022
GO,95010,NOVO BRASIL,,5215207,Novo Brasil,nombre_exacto,,5215207,True,2018|2022
GO,95036,ORIZONA,,5215306,Orizona,nombre_exacto,,5215306,True,2018|2022
GO,95052,OURO VERDE DE GOIÁS,,5215405,Ouro Verde de Goiás,nombre_exacto,,5215405,True,2018|2022
GO,95079,OUVIDOR,,5215504,Ouvidor,nombre_exacto,,5215504,True,2018|2022
GO,95095,PADRE BERNARDO,,5215603,Padre Bernardo,nombre_exacto,,5215603,True,2018|2022
GO,95117,PALMEIRAS DE GOIÁS,,5215702,Palmeiras de Goiás,nombre_exacto,,5215702,True,2018|2022
GO,95133,PALMELO,,5215801,Palmelo,nombre_exacto,,5215801,True,2018|2022
GO,95150,PALMINÓPOLIS,,5215900,Palminópolis,nombre_exacto,,5215900,True,2018|2022
GO,95176,PANAMÁ,,5216007,Panamá,nombre_exacto,,5216007,True,2018|2022
GO,95230,PARAÚNA,,5216403,Paraúna,nombre_exacto,,5216403,True,2018|2022
GO,95311,PETROLINA DE GOIÁS,,5216809,Petrolina de Goiás,nombre_exacto,,5216809,True,2018|2022
GO,95354,PILAR DE GOIÁS,,5216908,Pilar de Goiás,nombre_exacto,,5216908,True,2018|2022
GO,95397,PIRACANJUBA,,5217104,Piracanjuba,nombre_exacto,,5217104,True,2018|2022
GO,95419,PIRANHAS,,5217203,Piranhas,nombre_exacto,,5217203,True,2018|2022
GO,95435,PIRENÓPOLIS,,5217302,Pirenópolis,nombre_exacto,,5217302,True,2018|2022
GO,95451,PIRES DO RIO,,5217401,Pires do Rio,nombre_exacto,,5217401,True,2018|2022
GO,95494,PONTALINA,,5217708,Pontalina,nombre_exacto,,5217708,True,2018|2022
GO,95559,PORANGATU,,5218003,Porangatu,nombre_exacto,,5218003,True,2018|2022
GO,95575,PORTELÂNDIA,,5218102,Portelândia,nombre_exacto,,5218102,True,2018|2022
GO,95613,POSSE,,5218300,Posse,nombre_exacto,,5218300,True,2018|2022
GO,95630,QUIRINÓPOLIS,,5218508,Quirinópolis,nombre_exacto,,5218508,True,2018|2022
GO,95656,RIALMA,,5218607,Rialma,nombre_exacto,,5218607,True,2018|2022
GO,95672,RIANÁPOLIS,,5218706,Rianápolis,nombre_exacto,,5218706,True,2018|2022
GO,95710,RIO VERDE,,5218805,Rio Verde,nombre_exacto,,5218805,True,2018|2022
GO,95737,RUBIATABA,,5218904,Rubiataba,nombre_exacto,,5218904,True,2018|2022
GO,95753,SANCLERLÂNDIA,,5219001,Sanclerlândia,nombre_exacto,,5219001,True,2018|2022
GO,95770,SANTA BÁRBARA DE GOIÁS,,5219100,Santa Bárbara de Goiás,nombre_exacto,,5219100,True,2018|2022
GO,95796,SANTA CRUZ DE GOIÁS,,5219209,Santa Cruz de Goiás,nombre_exacto,,5219209,True,2018|2022
GO,95818,SANTA HELENA DE GOIÁS,,5219308,Santa Helena de Goiás,nombre_exacto,,5219308,True,2018|2022
GO,95834,SANTA RITA DO ARAGUAIA,,5219407,Santa Rita do Araguaia,nombre_exacto,,5219407,True,2018|2022
GO,95850,SANTA ROSA DE GOIÁS,,5219506,Santa Rosa de Goiás,nombre_exacto,,5219506,True,2018|2022
GO,95877,SANTA TEREZA DE GOIÁS,,5219605,Santa Tereza de Goiás,nombre_exacto,,5219605,True,2018|2022
GO,95893,SANTA TEREZINHA DE GOIÁS,,5219704,Santa Terezinha de Goiás,nombre_exacto,,5219704,True,2018|2022
GO,95915,SÃO DOMINGOS,,5219803,São Domingos,nombre_exacto,,5219803,True,2018|2022
GO,95931,SÃO FRANCISCO DE GOIÁS,,5219902,São Francisco de Goiás,nombre_exacto,,5219902,True,2018|2022
GO,95958,PLANALTINA,,5217609,Planaltina,nombre_exacto,,5217609,True,2018|2022
GO,95974,SÃO JOÃO D ALIANÇA,,5220009,São João d'Aliança,nombre_exacto,,5220009,True,2018|2022
GO,95990,SÃO LUÍS DE MONTES BELOS,,5220108,São Luís de Montes Belos,nombre_exacto,,5220108,True,2018|2022
GO,96016,SÃO MIGUEL DO ARAGUAIA,,5220207,São Miguel do Araguaia,nombre_exacto,,5220207,True,2018|2022
GO,96059,SÃO SIMÃO,,5220405,São Simão,nombre_exacto,,5220405,True,2018|2022
GO,96075,SERRANÓPOLIS,,5220504,Serranópolis,nombre_exacto,,5220504,True,2018|2022
GO,96091,SILVÂNIA,,5220603,Silvânia,nombre_exacto,,5220603,True,2018|2022
GO,96113,SÍTIO D ABADIA,,5220702,Sítio d'Abadia,nombre_exacto,,5220702,True,2018|2022
GO,96172,TAQUARAL DE GOIÁS,,5221007,Taquaral de Goiás,nombre_exacto,,5221007,True,2018|2022
GO,96237,TRÊS RANCHOS,,5221304,Três Ranchos,nombre_exacto,,5221304,True,2018|2022
GO,96253,TRINDADE,,5221403,Trindade,nombre_exacto,,5221403,True,2018|2022
GO,96318,TURVÂNIA,,5221502,Turvânia,nombre_exacto,,5221502,True,2018|2022
GO,96334,URUAÇU,,5221601,Uruaçu,nombre_exacto,,5221601,True,2018|2022
GO,96350,URUANA,,5221700,Uruana,nombre_exacto,,5221700,True,2018|2022
GO,96377,URUTAÍ,,5221809,Urutaí,nombre_exacto,,5221809,True,2018|2022
GO,96393,VARJÃO,,5221908,Varjão,nombre_exacto,,5221908,True,2018|2022
GO,96415,VIANÓPOLIS,,5222005,Vianópolis,nombre_exacto,,5222005,True,2018|2022
GO,96458,ACREÚNA,,5200134,Acreúna,nombre_exacto,,5200134,True,2018|2022
GO,96474,MINAÇU,,5213087,Minaçu,nombre_exacto,,5213087,True,2018|2022
GO,96512,MUNDO NOVO,,5214051,Mundo Novo,nombre_exacto,,5214051,True,2018|2022
GO,96539,NOVA CRIXÁS,,5214838,Nova Crixás,nombre_exacto,,5214838,True,2018|2022
GO,96555,NOVA GLÓRIA,,5214861,Nova Glória,nombre_exacto,,5214861,True,2018|2022
GO,96571,VICENTINÓPOLIS,,5222054,Vicentinópolis,nombre_exacto,,5222054,True,2018|2022
GO,96610,AMERICANO DO BRASIL,,5200852,Americano do Brasil,nombre_exacto,,5200852,True,2018|2022
GO,96695,ARAGUAPAZ,,5202155,Araguapaz,nombre_exacto,,5202155,True,2018|2022
GO,96717,ARENÓPOLIS,,5202353,Arenópolis,nombre_exacto,,5202353,True,2018|2022
GO,96733,CACHOEIRA DOURADA,,5204250,Cachoeira Dourada,nombre_exacto,,5204250,True,2018|2022
GO,96750,DOVERLÂNDIA,,5207253,Doverlândia,nombre_exacto,,5207253,True,2018|2022
GO,96776,SANTO ANTÔNIO DO DESCOBERTO,,5219753,Santo Antônio do Descoberto,nombre_exacto,,5219753,True,2018|2022
GO,96814,INDIARA,,5209952,Indiara,nombre_exacto,,5209952,True,2018|2022
GO,96873,CAMPINAÇU,,5204656,Campinaçu,nombre_exacto,,5204656,True,2018|2022
GO,96890,SANTA ISABEL,,5219357,Santa Isabel,nombre_exacto,,5219357,True,2018|2022
GO,96911,ADELÂNDIA,,5200159,Adelândia,nombre_exacto,,5200159,True,2018|2022
GO,96938,ÁGUA FRIA DE GOIÁS,,5200175,Água Fria de Goiás,nombre_exacto,,5200175,True,2018|2022
MA,07005,ÁGUA DOCE DO MARANHÃO,,2100154,Água Doce do Maranhão,nombre_exacto,,2100154,True,2018|2022
MA,07013,AFONSO CUNHA,,2100105,Afonso Cunha,nombre_exacto,,2100105,True,2018|2022
MA,07021,ALTO ALEGRE DO MARANHÃO,,2100436,Alto Alegre do Maranhão,nombre_exacto,,2100436,True,2018|2022
MA,07030,ALCÂNTARA,,2100204,Alcântara,nombre_exacto,,2100204,True,2018|2022
MA,07048,ALTO ALEGRE DO PINDARÉ,,2100477,Alto Alegre do Pindaré,nombre_exacto,,2100477,True,2018|2022
MA,07056,ALDEIAS ALTAS,,2100303,Aldeias Altas,nombre_exacto,,2100303,True,2018|2022
MA,07064,APICUM-AÇU,,2100832,Apicum-Açu,nombre_exacto,,2100832,True,2018|2022
MA,07072,ALTAMIRA DO MARANHÃO,,2100402,Altamira do Maranhão,nombre_exacto,,2100402,True,2018|2022
MA,07080,AMAPÁ DO MARANHÃO,,2100550,Amapá do Maranhão,nombre_exacto,,2100550,True,2018|2022
MA,07099,ALTO PARNAÍBA,,2100501,Alto Parnaíba,nombre_exacto,,2100501,True,2018|2022
MA,07102,ARAGUANÃ,,2100873,Araguanã,nombre_exacto,,2100873,True,2018|2022
MA,07110,AMARANTE DO MARANHÃO,,2100600,Amarante do Maranhão,nombre_exacto,,2100600,True,2018|2022
MA,07129,BACABEIRA,,2101251,Bacabeira,nombre_exacto,,2101251,True,2018|2022
MA,07137,ANAJATUBA,,2100709,Anajatuba,nombre_exacto,,2100709,True,2018|2022
MA,07145,BACURITUBA,,2101350,Bacurituba,nombre_exacto,,2101350,True,2018|2022
MA,07153,ANAPURUS,,2100808,Anapurus,nombre_exacto,,2100808,True,2018|2022
MA,07161,BELÁGUA,,2101731,Belágua,nombre_exacto,,2101731,True,2018|2022
MA,07170,ARAIOSES,,2100907,Araioses,nombre_exacto,,2100907,True,2018|2022
MA,07188,BELA VISTA DO MARANHÃO,,2101772,Bela Vista do Maranhão,nombre_exacto,,2101772,True,2018|2022
MA,07196,ARARI,,2101004,Arari,nombre_exacto,,2101004,True,2018|2022
MA,07200,BERNARDO DO MEARIM,,2101939,Bernardo do Mearim,nombre_exacto,,2101939,True,2018|2022
MA,07218,AXIXÁ,,2101103,Axixá,nombre_exacto,,2101103,True,2018|2022
MA,07226,CACHOEIRA GRANDE,,2102374,Cachoeira Grande,nombre_exacto,,2102374,True,2018|2022
MA,07234,BACABAL,,2101202,Bacabal,nombre_exacto,,2101202,True,2018|2022
MA,07242,DAVINÓPOLIS,,2103752,Davinópolis,nombre_exacto,,2103752,True,2018|2022
MA,07250,BACURI,,2101301,Bacuri,nombre_exacto,,2101301,True,2018|2022
MA,07269,BOM JESUS DAS SELVAS,,2102036,Bom Jesus das Selvas,nombre_exacto,,2102036,True,2018|2022
MA,07277,BALSAS,,2101400,Balsas,nombre_exacto,,2101400,True,2018|2022
MA,07285,BOM LUGAR,,2102077,Bom Lugar,nombre_exacto,,2102077,True,2018|2022
MA,07293,BARÃO DE GRAJAÚ,,2101509,Barão de Grajaú,nombre_exacto,,2101509,True,2018|2022
MA,07307,BREJO DE AREIA,,2102150,Brejo de Areia,nombre_exacto,,2102150,True,2018|2022
MA,07315,BARRA DO CORDA,,2101608,Barra do Corda,nombre_exacto,,2101608,True,2018|2022
MA,07323,BOA VISTA DO GURUPI,,2101970,Boa Vista do Gurupi,nombre_exacto,,2101970,True,2018|2022
MA,07331,BARREIRINHAS,,2101707,Barreirinhas,nombre_exacto,,2101707,True,2018|2022
MA,07340,BURITICUPU,,2102325,Buriticupu,nombre_exacto,,2102325,True,2018|2022
MA,07358,BENEDITO LEITE,,2101806,Benedito Leite,nombre_exacto,,2101806,True,2018|2022
MA,07366,BURITIRANA,,2102358,Buritirana,nombre_exacto,,2102358,True,2018|2022
MA,07374,BEQUIMÃO,,2101905,Bequimão,nombre_exacto,,2101905,True,2018|2022
MA,07382,CAMPESTRE DO MARANHÃO,,2102556,Campestre do Maranhão,nombre_exacto,,2102556,True,2018|2022
MA,07390,BREJO,,2102101,Brejo,nombre_exacto,,2102101,True,2018|2022
MA,07404,CAPINZAL DO NORTE,,2102754,Capinzal do Norte,nombre_exacto,,2102754,True,2018|2022
MA,07412,BURITI,,2102200,Buriti,nombre_exacto,,2102200,True,2018|2022
MA,07420,CENTRAL DO MARANHÃO,,2103125,Central do Maranhão,nombre_exacto,,2103125,True,2018|2022
MA,07439,BURITI BRAVO,,2102309,Buriti Bravo,nombre_exacto,,2102309,True,2018|2022
MA,07447,CENTRO DO GUILHERME,,2103158,Centro do Guilherme,nombre_exacto,,2103158,True,2018|2022
MA,07455,CAJAPIÓ,,2102408,Cajapió,nombre_exacto,,2102408,True,2018|2022
MA,07463,CENTRO NOVO DO MARANHÃO,,2103174,Centro Novo do Maranhão,nombre_exacto,,2103174,True,2018|2022
MA,07471,CAJARI,,2102507,Cajari,nombre_exacto,,2102507,True,2018|2022
MA,07480,CIDELÂNDIA,,2103257,Cidelândia,nombre_exacto,,2103257,True,2018|2022
MA,07498,CÂNDIDO MENDES,,2102606,Cândido Mendes,nombre_exacto,,2102606,True,2018|2022
MA,07501,CONCEIÇÃO DO LAGO-AÇU,,2103554,Conceição do Lago-Açu,nombre_exacto,,2103554,True,2018|2022
MA,07510,CANTANHEDE,,2102705,Cantanhede,nombre_exacto,,2102705,True,2018|2022
MA,07528,FEIRA NOVA DO MARANHÃO,,2104073,Feira Nova do Maranhão,nombre_exacto,,2104073,True,2018|2022
MA,07536,CAROLINA,,2102804,Carolina,nombre_exacto,,2102804,True,2018|2022
MA,07544,FERNANDO FALCÃO,,2104081,Fernando Falcão,nombre_exacto,,2104081,True,2018|2022
MA,07552,CARUTAPERA,,2102903,Carutapera,nombre_exacto,,2102903,True,2018|2022
MA,07560,FORMOSA DA SERRA NEGRA,,2104099,Formosa da Serra Negra,nombre_exacto,,2104099,True,2018|2022
MA,07579,CAXIAS,,2103000,Caxias,nombre_exacto,,2103000,True,2018|2022
MA,07595,CEDRAL,,2103109,Cedral,nombre_exacto,,2103109,True,2018|2022
MA,07609,GOVERNADOR EDISON LOBÃO,,2104552,Governador Edison Lobão,nombre_exacto,,2104552,True,2018|2022
MA,07617,CHAPADINHA,,2103208,Chapadinha,nombre_exacto,,2103208,True,2018|2022
MA,07625,GOVERNADOR LUIZ ROCHA,,2104628,Governador Luiz Rocha,nombre_exacto,,2104628,True,2018|2022
MA,07633,CODÓ,,2103307,Codó,nombre_exacto,,2103307,True,2018|2022
MA,07641,GOVERNADOR NEWTON BELLO,,2104651,Governador Newton Bello,nombre_exacto,,2104651,True,2018|2022
MA,07650,COELHO NETO,,2103406,Coelho Neto,nombre_exacto,,2103406,True,2018|2022
MA,07668,GOVERNADOR NUNES FREIRE,,2104677,Governador Nunes Freire,nombre_exacto,,2104677,True,2018|2022
MA,07676,COLINAS,,2103505,Colinas,nombre_exacto,,2103505,True,2018|2022
MA,07684,IGARAPÉ DO MEIO,,2105153,Igarapé do Meio,nombre_exacto,,2105153,True,2018|2022
MA,07692,COROATÁ,,2103604,Coroatá,nombre_exacto,,2103604,True,2018|2022
MA,07706,ITAIPAVA DO GRAJAÚ,,2105351,Itaipava do Grajaú,nombre_exacto,,2105351,True,2018|2022
MA,07714,CURURUPU,,2103703,Cururupu,nombre_exacto,,2103703,True,2018|2022
MA,07722,ITINGA DO MARANHÃO,,2105427,Itinga do Maranhão,nombre_exacto,,2105427,True,2018|2022
MA,07730,DOM PEDRO,,2103802,Dom Pedro,nombre_exacto,,2103802,True,2018|2022
MA,07749,JATOBÁ,,2105450,Jatobá,nombre_exacto,,2105450,True,2018|2022
MA,07757,DUQUE BACELAR,,2103901,Duque Bacelar,nombre_exacto,,2103901,True,2018|2022
MA,07765,JENIPAPO DOS VIEIRAS,,2105476,Jenipapo dos Vieiras,nombre_exacto,,2105476,True,2018|2022
MA,07773,ESPERANTINÓPOLIS,,2104008,Esperantinópolis,nombre_exacto,,2104008,True,2018|2022
MA,07781,JUNCO DO MARANHÃO,,2105658,Junco do Maranhão,nombre_exacto,,2105658,True,2018|2022
MA,07790,FORTALEZA DOS NOGUEIRAS,,2104107,Fortaleza dos Nogueiras,nombre_exacto,,2104107,True,2018|2022
MA,07803,LAGO DOS RODRIGUES,,2105948,Lago dos Rodrigues,nombre_exacto,,2105948,True,2018|2022
MA,07811,FORTUNA,,2104206,Fortuna,nombre_exacto,,2104206,True,2018|2022
MA,07820,LAGOA DO MATO,,2105922,Lagoa do Mato,nombre_exacto,,2105922,True,2018|2022
MA,07838,GODOFREDO VIANA,,2104305,Godofredo Viana,nombre_exacto,,2104305,True,2018|2022
MA,07846,LAGOA GRANDE DO MARANHÃO,,2105963,Lagoa Grande do Maranhão,nombre_exacto,,2105963,True,2018|2022
MA,07854,GONÇALVES DIAS,,2104404,Gonçalves Dias,nombre_exacto,,2104404,True,2018|2022
MA,07862,LAJEADO NOVO,,2105989,Lajeado Novo,nombre_exacto,,2105989,True,2018|2022
MA,07870,GOVERNADOR ARCHER,,2104503,Governador Archer,nombre_exacto,,2104503,True,2018|2022
MA,07889,MARACAÇUMÉ,,2106326,Maracaçumé,nombre_exacto,,2106326,True,2018|2022
MA,07897,GOVERNADOR EUGÊNIO BARROS,,2104602,Governador Eugênio Barros,nombre_exacto,,2104602,True,2018|2022
MA,07900,MARAJÁ DO SENA,,2106359,Marajá do Sena,nombre_exacto,,2106359,True,2018|2022
MA,07919,GRAÇA ARANHA,,2104701,Graça Aranha,nombre_exacto,,2104701,True,2018|2022
MA,07927,MARANHÃOZINHO,,2106375,Maranhãozinho,nombre_exacto,,2106375,True,2018|2022
MA,07935,GRAJAÚ,,2104800,Grajaú,nombre_exacto,,2104800,True,2018|2022
MA,07943,MATÕES DO NORTE,,2106631,Matões do Norte,nombre_exacto,,2106631,True,2018|2022
MA,07951,GUIMARÃES,,2104909,Guimarães,nombre_exacto,,2104909,True,2018|2022
MA,07960,MILAGRES DO MARANHÃO,,2106672,Milagres do Maranhão,nombre_exacto,,2106672,True,2018|2022
MA,07978,HUMBERTO DE CAMPOS,,2105005,Humberto de Campos,nombre_exacto,,2105005,True,2018|2022
MA,07986,NOVA COLINAS,,2107258,Nova Colinas,nombre_exacto,,2107258,True,2018|2022
MA,07994,ICATU,,2105104,Icatu,nombre_exacto,,2105104,True,2018|2022
MA,08001,NOVA OLINDA DO MARANHÃO,,2107357,Nova Olinda do Maranhão,nombre_exacto,,2107357,True,2018|2022
MA,08010,IGARAPÉ GRANDE,,2105203,Igarapé Grande,nombre_exacto,,2105203,True,2018|2022
MA,08028,OLINDA NOVA DO MARANHÃO,,2107456,Olinda Nova do Maranhão,nombre_exacto,,2107456,True,2018|2022
MA,08036,IMPERATRIZ,,2105302,Imperatriz,nombre_exacto,,2105302,True,2018|2022
MA,08044,PAULINO NEVES,,2108058,Paulino Neves,nombre_exacto,,2108058,True,2018|2022
MA,08052,SÃO LUÍS GONZAGA DO MARANHÃO,,2111409,São Luís Gonzaga do Maranhão,nombre_exacto,,2111409,True,2018|2022
MA,08060,PEDRO DO ROSÁRIO,,2108256,Pedro do Rosário,nombre_exacto,,2108256,True,2018|2022
MA,08079,ITAPECURU MIRIM,,2105401,Itapecuru Mirim,nombre_exacto,,2105401,True,2018|2022
MA,08087,PERITORÓ,,2108454,Peritoró,nombre_exacto,,2108454,True,2018|2022
MA,08095,JOÃO LISBOA,,2105500,João Lisboa,nombre_exacto,,2105500,True,2018|2022
MA,08109,PORTO RICO DO MARANHÃO,,2109056,Porto Rico do Maranhão,nombre_exacto,,2109056,True,2018|2022
MA,08117,JOSELÂNDIA,,2105609,Joselândia,nombre_exacto,,2105609,True,2018|2022
MA,08125,PRESIDENTE MÉDICI,,2109239,Presidente Médici,nombre_exacto,,2109239,True,2018|2022
MA,08133,LAGO DA PEDRA,,2105708,Lago da Pedra,nombre_exacto,,2105708,True,2018|2022
MA,08141,PRESIDENTE SARNEY,,2109270,Presidente Sarney,nombre_exacto,,2109270,True,2018|2022
MA,08150,LAGO DO JUNCO,,2105807,Lago do Junco,nombre_exacto,,2105807,True,2018|2022
MA,08168,RAPOSA,,2109452,Raposa,nombre_exacto,,2109452,True,2018|2022
MA,08176,LAGO VERDE,,2105906,Lago Verde,nombre_exacto,,2105906,True,2018|2022
MA,08184,RIBAMAR FIQUENE,,2109551,Ribamar Fiquene,nombre_exacto,,2109551,True,2018|2022
MA,08192,LIMA CAMPOS,,2106003,Lima Campos,nombre_exacto,,2106003,True,2018|2022
MA,08206,SANTA FILOMENA DO MARANHÃO,,2109759,Santa Filomena do Maranhão,nombre_exacto,,2109759,True,2018|2022
MA,08214,LORETO,,2106102,Loreto,nombre_exacto,,2106102,True,2018|2022
MA,08222,SANTANA DO MARANHÃO,,2110237,Santana do Maranhão,nombre_exacto,,2110237,True,2018|2022
MA,08230,LUÍS DOMINGUES,,2106201,Luís Domingues,nombre_exacto,,2106201,True,2018|2022
MA,08249,SANTO AMARO DO MARANHÃO,,2110278,Santo Amaro do Maranhão,nombre_exacto,,2110278,True,2018|2022
MA,08257,MAGALHÃES DE ALMEIDA,,2106300,Magalhães de Almeida,nombre_exacto,,2106300,True,2018|2022
MA,08265,SÃO DOMINGOS DO AZEITÃO,,2110658,São Domingos do Azeitão,nombre_exacto,,2110658,True,2018|2022
MA,08273,MATA ROMA,,2106409,Mata Roma,nombre_exacto,,2106409,True,2018|2022
MA,08281,SÃO FRANCISCO DO BREJÃO,,2110856,São Francisco do Brejão,nombre_exacto,,2110856,True,2018|2022
MA,08290,MATINHA,,2106508,Matinha,nombre_exacto,,2106508,True,2018|2022
MA,08303,SÃO JOÃO DO CARÚ,,2111029,São João do Carú,nombre_exacto,,2111029,True,2018|2022
MA,08311,MATÕES,,2106607,Matões,nombre_exacto,,2106607,True,2018|2022
MA,08320,SÃO JOÃO DO PARAÍSO,,2111052,São João do Paraíso,nombre_exacto,,2111052,True,2018|2022
MA,08338,MIRADOR,,2106706,Mirador,nombre_exacto,,2106706,True,2018|2022
MA,08346,SÃO JOÃO DO SOTER,,2111078,São João do Soter,nombre_exacto,,2111078,True,2018|2022
MA,08354,MIRINZAL,,2106805,Mirinzal,nombre_exacto,,2106805,True,2018|2022
MA,08362,SÃO JOSÉ DOS BASÍLIOS,,2111250,São José dos Basílios,nombre_exacto,,2111250,True,2018|2022
MA,08370,MONÇÃO,,2106904,Monção,nombre_exacto,,2106904,True,2018|2022
MA,08389,SÃO PEDRO DA ÁGUA BRANCA,,2111532,São Pedro da Água Branca,nombre_exacto,,2111532,True,2018|2022
MA,08397,MONTES ALTOS,,2107001,Montes Altos,nombre_exacto,,2107001,True,2018|2022
MA,08400,SÃO PEDRO DOS CRENTES,,2111573,São Pedro dos Crentes,nombre_exacto,,2111573,True,2018|2022
MA,08419,MORROS,,2107100,Morros,nombre_exacto,,2107100,True,2018|2022
MA,08427,SÃO RAIMUNDO DO DOCA BEZERRA,,2111631,São Raimundo do Doca Bezerra,nombre_exacto,,2111631,True,2018|2022
MA,08435,NINA RODRIGUES,,2107209,Nina Rodrigues,nombre_exacto,,2107209,True,2018|2022
MA,08443,SÃO ROBERTO,,2111672,São Roberto,nombre_exacto,,2111672,True,2018|2022
MA,08451,NOVA IORQUE,,2107308,Nova Iorque,nombre_exacto,,2107308,True,2018|2022
MA,08460,SATUBINHA,,2111722,Satubinha,nombre_exacto,,2111722,True,2018|2022
MA,08478,OLHO D ÁGUA DAS CUNHÃS,,2107407,Olho d'Água das Cunhãs,nombre_exacto,,2107407,True,2018|2022
MA,08486,SENADOR ALEXANDRE COSTA,,2111748,Senador Alexandre Costa,nombre_exacto,,2111748,True,2018|2022
MA,08494,PAÇO DO LUMIAR,,2107506,Paço do Lumiar,nombre_exacto,,2107506,True,2018|2022
MA,08508,SENADOR LA ROCQUE,,2111763,Senador La Rocque,nombre_exacto,,2111763,True,2018|2022
MA,08516,PALMEIRÂNDIA,,2107605,Palmeirândia,nombre_exacto,,2107605,True,2018|2022
MA,08524,SERRANO DO MARANHÃO,,2111789,Serrano do Maranhão,nombre_exacto,,2111789,True,2018|2022
MA,08532,PARAIBANO,,2107704,Paraibano,nombre_exacto,,2107704,True,2018|2022
MA,08540,SUCUPIRA DO RIACHÃO,,2111953,Sucupira do Riachão,nombre_exacto,,2111953,True,2018|2022
MA,08559,PARNARAMA,,2107803,Parnarama,nombre_exacto,,2107803,True,2018|2022
MA,08567,TRIZIDELA DO VALE,,2112233,Trizidela do Vale,nombre_exacto,,2112233,True,2018|2022
MA,08575,PASSAGEM FRANCA,,2107902,Passagem Franca,nombre_exacto,,2107902,True,2018|2022
MA,08583,TUFILÂNDIA,,2112274,Tufilândia,nombre_exacto,,2112274,True,2018|2022
MA,08591,PASTOS BONS,,2108009,Pastos Bons,nombre_exacto,,2108009,True,2018|2022
MA,08605,TURILÂNDIA,,2112456,Turilândia,nombre_exacto,,2112456,True,2018|2022
MA,08613,PEDREIRAS,,2108207,Pedreiras,nombre_exacto,,2108207,True,2018|2022
MA,08621,VILA NOVA DOS MARTÍRIOS,,2112852,Vila Nova dos Martírios,nombre_exacto,,2112852,True,2018|2022
MA,08630,PENALVA,,2108306,Penalva,nombre_exacto,,2108306,True,2018|2022
MA,08656,PERI MIRIM,,2108405,Peri Mirim,nombre_exacto,,2108405,True,2018|2022
MA,08672,PINDARÉ-MIRIM,,2108504,Pindaré-Mirim,nombre_exacto,,2108504,True,2018|2022
MA,08699,PINHEIRO,,2108603,Pinheiro,nombre_exacto,,2108603,True,2018|2022
MA,08710,PIO XII,,2108702,Pio XII,nombre_exacto,,2108702,True,2018|2022
MA,08737,PIRAPEMAS,,2108801,Pirapemas,nombre_exacto,,2108801,True,2018|2022
MA,08753,POÇÃO DE PEDRAS,,2108900,Poção de Pedras,nombre_exacto,,2108900,True,2018|2022
MA,08770,PORTO FRANCO,,2109007,Porto Franco,nombre_exacto,,2109007,True,2018|2022
MA,08796,PRESIDENTE DUTRA,,2109106,Presidente Dutra,nombre_exacto,,2109106,True,2018|2022
MA,08818,PRESIDENTE JUSCELINO,,2109205,Presidente Juscelino,nombre_exacto,,2109205,True,2018|2022
MA,08834,PRESIDENTE VARGAS,,2109304,Presidente Vargas,nombre_exacto,,2109304,True,2018|2022
MA,08850,PRIMEIRA CRUZ,,2109403,Primeira Cruz,nombre_exacto,,2109403,True,2018|2022
MA,08877,RIACHÃO,,2109502,Riachão,nombre_exacto,,2109502,True,2018|2022
MA,08893,SÃO JOSÉ DE RIBAMAR,,2111201,São José de Ribamar,nombre_exacto,,2111201,True,2018|2022
MA,08915,ROSÁRIO,,2109601,Rosário,nombre_exacto,,2109601,True,2018|2022
MA,08931,SAMBAÍBA,,2109700,Sambaíba,nombre_exacto,,2109700,True,2018|2022
MA,08958,SANTA HELENA,,2109809,Santa Helena,nombre_exacto,,2109809,True,2018|2022
MA,08974,SANTA LUZIA,,2110005,Santa Luzia,nombre_exacto,,2110005,True,2018|2022
MA,08990,SANTA QUITÉRIA DO MARANHÃO,,2110104,Santa Quitéria do Maranhão,nombre_exacto,,2110104,True,2018|2022
MA,09016,SANTA RITA,,2110203,Santa Rita,nombre_exacto,,2110203,True,2018|2022
MA,09032,SANTO ANTÔNIO DOS LOPES,,2110302,Santo Antônio dos Lopes,nombre_exacto,,2110302,True,2018|2022
MA,09059,SÃO BENEDITO DO RIO PRETO,,2110401,São Benedito do Rio Preto,nombre_exacto,,2110401,True,2018|2022
MA,09075,SÃO BENTO,,2110500,São Bento,nombre_exacto,,2110500,True,2018|2022
MA,09091,SÃO BERNARDO,,2110609,São Bernardo,nombre_exacto,,2110609,True,2018|2022
MA,09113,SÃO DOMINGOS DO MARANHÃO,,2110708,São Domingos do Maranhão,nombre_exacto,,2110708,True,2018|2022
MA,09130,SÃO FÉLIX DE BALSAS,,2110807,São Félix de Balsas,nombre_exacto,,2110807,True,2018|2022
MA,09156,SÃO FRANCISCO DO MARANHÃO,,2110906,São Francisco do Maranhão,nombre_exacto,,2110906,True,2018|2022
MA,09172,SÃO JOÃO BATISTA,,2111003,São João Batista,nombre_exacto,,2111003,True,2018|2022
MA,09199,SÃO JOÃO DOS PATOS,,2111102,São João dos Patos,nombre_exacto,,2111102,True,2018|2022
MA,09210,SÃO LUÍS,,2111300,São Luís,nombre_exacto,,2111300,True,2018|2022
MA,09237,SÃO MATEUS DO MARANHÃO,,2111508,São Mateus do Maranhão,nombre_exacto,,2111508,True,2018|2022
MA,09253,SÃO RAIMUNDO DAS MANGABEIRAS,,2111607,São Raimundo das Mangabeiras,nombre_exacto,,2111607,True,2018|2022
MA,09270,SÃO VICENTE FERRER,,2111706,São Vicente Ferrer,nombre_exacto,,2111706,True,2018|2022
MA,09296,SÍTIO NOVO,,2111805,Sítio Novo,nombre_exacto,,2111805,True,2018|2022
MA,09318,SUCUPIRA DO NORTE,,2111904,Sucupira do Norte,nombre_exacto,,2111904,True,2018|2022
MA,09334,TASSO FRAGOSO,,2112001,Tasso Fragoso,nombre_exacto,,2112001,True,2018|2022
MA,09350,TIMBIRAS,,2112100,Timbiras,nombre_exacto,,2112100,True,2018|2022
MA,09377,TIMON,,2112209,Timon,nombre_exacto,,2112209,True,2018|2022
MA,09393,TUNTUM,,2112308,Tuntum,nombre_exacto,,2112308,True,2018|2022
MA,09415,TURIAÇU,,2112407,Turiaçu,nombre_exacto,,2112407,True,2018|2022
MA,09431,TUTÓIA,,2112506,Tutóia,nombre_exacto,,2112506,True,2018|2022
MA,09458,URBANO SANTOS,,2112605,Urbano Santos,nombre_exacto,,2112605,True,2018|2022
MA,09474,VARGEM GRANDE,,2112704,Vargem Grande,nombre_exacto,,2112704,True,2018|2022
MA,09490,VIANA,,2112803,Viana,nombre_exacto,,2112803,True,2018|2022
MA,09512,VITÓRIA DO MEARIM,,2112902,Vitória do Mearim,nombre_exacto,,2112902,True,2018|2022
MA,09539,VITORINO FREIRE,,2113009,Vitorino Freire,nombre_exacto,,2113009,True,2018|2022
MA,09555,BOM JARDIM,,2102002,Bom Jardim,nombre_exacto,,2102002,True,2018|2022
MA,09571,SANTA INÊS,,2109908,Santa Inês,nombre_exacto,,2109908,True,2018|2022
MA,09598,PAULO RAMOS,,2108108,Paulo Ramos,nombre_exacto,,2108108,True,2018|2022
MA,09610,AÇAILÂNDIA,,2100055,Açailândia,nombre_exacto,,2100055,True,2018|2022
MA,09636,ESTREITO,,2104057,Estreito,nombre_exacto,,2104057,True,2018|2022
MA,09652,SANTA LUZIA DO PARUÁ,,2110039,Santa Luzia do Paruá,nombre_exacto,,2110039,True,2018|2022
MA,09679,ARAME,,2100956,Arame,nombre_exacto,,2100956,True,2018|2022
MA,09695,MIRANDA DO NORTE,,2106755,Miranda do Norte,nombre_exacto,,2106755,True,2018|2022
MA,09717,ZÉ DOCA,,2114007,Zé Doca,nombre_exacto,,2114007,True,2018|2022
MG,40002,ALFREDO VASCONCELOS,,3101631,Alfredo Vasconcelos,nombre_exacto,,3101631,True,2018|2022
MG,40010,ABADIA DOS DOURADOS,,3100104,Abadia dos Dourados,nombre_exacto,,3100104,True,2018|2022
MG,40029,ARAPORÃ,,3103751,Araporã,nombre_exacto,,3103751,True,2018|2022
MG,40037,ABAETÉ,,3100203,Abaeté,nombre_exacto,,3100203,True,2018|2022
MG,40045,BRASILÂNDIA DE MINAS,,3108552,Brasilândia de Minas,nombre_exacto,,3108552,True,2018|2022
MG,40053,ABRE CAMPO,,3100302,Abre Campo,nombre_exacto,,3100302,True,2018|2022
MG,40061,CAPITÃO ANDRADE,,3112653,Capitão Andrade,nombre_exacto,,3112653,True,2018|2022
MG,40070,ACAIACA,,3100401,Acaiaca,nombre_exacto,,3100401,True,2018|2022
MG,40088,CARNEIRINHO,,3114550,Carneirinho,nombre_exacto,,3114550,True,2018|2022
MG,40096,AÇUCENA,,3100500,Açucena,nombre_exacto,,3100500,True,2018|2022
MG,40100,CATUJI,,3115458,Catuji,nombre_exacto,,3115458,True,2018|2022
MG,40118,ÁGUA BOA,,3100609,Água Boa,nombre_exacto,,3100609,True,2018|2022
MG,40126,DIVISA ALEGRE,,3122355,Divisa Alegre,nombre_exacto,,3122355,True,2018|2022
MG,40134,ÁGUA COMPRIDA,,3100708,Água Comprida,nombre_exacto,,3100708,True,2018|2022
MG,40142,DIVISÓPOLIS,,3122454,Divisópolis,nombre_exacto,,3122454,True,2018|2022
MG,40150,AGUANIL,,3100807,Aguanil,nombre_exacto,,3100807,True,2018|2022
MG,40169,DURANDÉ,,3123528,Durandé,nombre_exacto,,3123528,True,2018|2022
MG,40177,ÁGUAS FORMOSAS,,3100906,Águas Formosas,nombre_exacto,,3100906,True,2018|2022
MG,40185,ENTRE FOLHAS,,3123858,Entre Folhas,nombre_exacto,,3123858,True,2018|2022
MG,40193,ÁGUAS VERMELHAS,,3101003,Águas Vermelhas,nombre_exacto,,3101003,True,2018|2022
MG,40207,FERVEDOURO,,3125952,Fervedouro,nombre_exacto,,3125952,True,2018|2022
MG,40215,AIMORÉS,,3101102,Aimorés,nombre_exacto,,3101102,True,2018|2022
MG,40223,FRANCISCÓPOLIS,,3126752,Franciscópolis,nombre_exacto,,3126752,True,2018|2022
MG,40231,AIURUOCA,,3101201,Aiuruoca,nombre_exacto,,3101201,True,2018|2022
MG,40240,ICARAÍ DE MINAS,,3130051,Icaraí de Minas,nombre_exacto,,3130051,True,2018|2022
MG,40258,ALAGOA,,3101300,Alagoa,nombre_exacto,,3101300,True,2018|2022
MG,40266,IPABA,,3131158,Ipaba,nombre_exacto,,3131158,True,2018|2022
MG,40274,ALBERTINA,,3101409,Albertina,nombre_exacto,,3101409,True,2018|2022
MG,40282,JAÍBA,,3135050,Jaíba,nombre_exacto,,3135050,True,2018|2022
MG,40290,ALÉM PARAÍBA,,3101508,Além Paraíba,nombre_exacto,,3101508,True,2018|2022
MG,40304,JAMPRUCA,,3135076,Jampruca,nombre_exacto,,3135076,True,2018|2022
MG,40312,ALFENAS,,3101607,Alfenas,nombre_exacto,,3101607,True,2018|2022
MG,40320,JUATUBA,,3136652,Juatuba,nombre_exacto,,3136652,True,2018|2022
MG,40339,ALMENARA,,3101706,Almenara,nombre_exacto,,3101706,True,2018|2022
MG,40347,LAGOA GRANDE,,3137536,Lagoa Grande,nombre_exacto,,3137536,True,2018|2022
MG,40355,ALPERCATA,,3101805,Alpercata,nombre_exacto,,3101805,True,2018|2022
MG,40363,LIMEIRA DO OESTE,,3138625,Limeira do Oeste,nombre_exacto,,3138625,True,2018|2022
MG,40371,ALPINÓPOLIS,,3101904,Alpinópolis,nombre_exacto,,3101904,True,2018|2022
MG,40380,LONTRA,,3138658,Lontra,nombre_exacto,,3138658,True,2018|2022
MG,40398,ALTEROSA,,3102001,Alterosa,nombre_exacto,,3102001,True,2018|2022
MG,40401,MAMONAS,,3139250,Mamonas,nombre_exacto,,3139250,True,2018|2022
MG,40410,ALTO RIO DOCE,,3102100,Alto Rio Doce,nombre_exacto,,3102100,True,2018|2022
MG,40428,MATA VERDE,,3140555,Mata Verde,nombre_exacto,,3140555,True,2018|2022
MG,40436,ALVARENGA,,3102209,Alvarenga,nombre_exacto,,3102209,True,2018|2022
MG,40444,MATIAS CARDOSO,,3140852,Matias Cardoso,nombre_exacto,,3140852,True,2018|2022
MG,40452,ALVINÓPOLIS,,3102308,Alvinópolis,nombre_exacto,,3102308,True,2018|2022
MG,40460,MONTEZUMA,,3143450,Montezuma,nombre_exacto,,3143450,True,2018|2022
MG,40479,ALVORADA DE MINAS,,3102407,Alvorada de Minas,nombre_exacto,,3102407,True,2018|2022
MG,40487,NAQUE,,3144359,Naque,nombre_exacto,,3144359,True,2018|2022
MG,40495,AMPARO DO SERRA,,3102506,Amparo do Serra,nombre_exacto,,3102506,True,2018|2022
MG,40509,NOVO ORIENTE DE MINAS,,3145356,Novo Oriente de Minas,nombre_exacto,,3145356,True,2018|2022
MG,40517,ANDRADAS,,3102605,Andradas,nombre_exacto,,3102605,True,2018|2022
MG,40525,PALMÓPOLIS,,3146750,Palmópolis,nombre_exacto,,3146750,True,2018|2022
MG,40533,CACHOEIRA DE PAJEÚ,,3102704,Cachoeira de Pajeú,nombre_exacto,,3102704,True,2018|2022
MG,40541,PEDRAS DE MARIA DA CRUZ,,3149150,Pedras de Maria da Cruz,nombre_exacto,,3149150,True,2018|2022
MG,40550,ANDRELÂNDIA,,3102803,Andrelândia,nombre_exacto,,3102803,True,2018|2022
MG,40568,PERIQUITO,,3149952,Periquito,nombre_exacto,,3149952,True,2018|2022
MG,40576,ANTÔNIO CARLOS,,3102902,Antônio Carlos,nombre_exacto,,3102902,True,2018|2022
MG,40584,PONTO DOS VOLANTES,,3152170,Ponto dos Volantes,nombre_exacto,,3152170,True,2018|2022
MG,40592,ANTÔNIO DIAS,,3103009,Antônio Dias,nombre_exacto,,3103009,True,2018|2022
MG,40606,RIACHINHO,,3154457,Riachinho,nombre_exacto,,3154457,True,2018|2022
MG,40614,ANTÔNIO PRADO DE MINAS,,3103108,Antônio Prado de Minas,nombre_exacto,,3103108,True,2018|2022
MG,40622,ROSÁRIO DA LIMEIRA,,3156452,Rosário da Limeira,nombre_exacto,,3156452,True,2018|2022
MG,40630,ARAÇAÍ,,3103207,Araçaí,nombre_exacto,,3103207,True,2018|2022
MG,40649,SANTA BÁRBARA DO LESTE,,3157252,Santa Bárbara do Leste,nombre_exacto,,3157252,True,2018|2022
MG,40657,ARACITABA,,3103306,Aracitaba,nombre_exacto,,3103306,True,2018|2022
MG,40665,SANTA RITA DE MINAS,,3159357,Santa Rita de Minas,nombre_exacto,,3159357,True,2018|2022
MG,40673,ARAÇUAÍ,,3103405,Araçuaí,nombre_exacto,,3103405,True,2018|2022
MG,40681,SANTANA DO PARAÍSO,,3158953,Santana do Paraíso,nombre_exacto,,3158953,True,2018|2022
MG,40690,ARAGUARI,,3103504,Araguari,nombre_exacto,,3103504,True,2018|2022
MG,40703,SÃO JOÃO DA LAGOA,,3162252,São João da Lagoa,nombre_exacto,,3162252,True,2018|2022
MG,40711,ARANTINA,,3103603,Arantina,nombre_exacto,,3103603,True,2018|2022
MG,40720,SÃO JOÃO DO MANHUAÇU,,3162559,São João do Manhuaçu,nombre_exacto,,3162559,True,2018|2022
MG,40738,ARAPONGA,,3103702,Araponga,nombre_exacto,,3103702,True,2018|2022
MG,40746,SÃO JOÃO DO MANTENINHA,,3162575,São João do Manteninha,nombre_exacto,,3162575,True,2018|2022
MG,40754,ARAPUÁ,,3103801,Arapuá,nombre_exacto,,3103801,True,2018|2022
MG,40762,SÃO JOÃO DO PACUÍ,,3162658,São João do Pacuí,nombre_exacto,,3162658,True,2018|2022
MG,40770,ARAÚJOS,,3103900,Araújos,nombre_exacto,,3103900,True,2018|2022
MG,40789,SÃO JOSÉ DA LAPA,,3162955,São José da Lapa,nombre_exacto,,3162955,True,2018|2022
MG,40797,ARAXÁ,,3104007,Araxá,nombre_exacto,,3104007,True,2018|2022
MG,40800,SARZEDO,,3165537,Sarzedo,nombre_exacto,,3165537,True,2018|2022
MG,40819,ARCEBURGO,,3104106,Arceburgo,nombre_exacto,,3104106,True,2018|2022
MG,40827,SEM PEIXE,,3165560,Sem-Peixe,nombre_exacto,,3165560,True,2018|2022
MG,40835,ARCOS,,3104205,Arcos,nombre_exacto,,3104205,True,2018|2022
MG,40843,SENADOR AMARAL,,3165578,Senador Amaral,nombre_exacto,,3165578,True,2018|2022
MG,40851,AREADO,,3104304,Areado,nombre_exacto,,3104304,True,2018|2022
MG,40860,UBAPORANGA,,3170057,Ubaporanga,nombre_exacto,,3170057,True,2018|2022
MG,40878,ARGIRITA,,3104403,Argirita,nombre_exacto,,3104403,True,2018|2022
MG,40886,URUCUIA,,3170529,Urucuia,nombre_exacto,,3170529,True,2018|2022
MG,40894,ARINOS,,3104502,Arinos,nombre_exacto,,3104502,True,2018|2022
MG,40908,VARGEM ALEGRE,,3170578,Vargem Alegre,nombre_exacto,,3170578,True,2018|2022
MG,40916,ASTOLFO DUTRA,,3104601,Astolfo Dutra,nombre_exacto,,3104601,True,2018|2022
MG,40924,JOSENÓPOLIS,,3136579,Josenópolis,nombre_exacto,,3136579,True,2018|2022
MG,40932,ATALÉIA,,3104700,Ataléia,nombre_exacto,,3104700,True,2018|2022
MG,40940,JUVENÍLIA,,3136959,Juvenília,nombre_exacto,,3136959,True,2018|2022
MG,40959,AUGUSTO DE LIMA,,3104809,Augusto de Lima,nombre_exacto,,3104809,True,2018|2022
MG,40967,LEME DO PRADO,,3138351,Leme do Prado,nombre_exacto,,3138351,True,2018|2022
MG,40975,BAEPENDI,,3104908,Baependi,nombre_exacto,,3104908,True,2018|2022
MG,40983,LUISBURGO,,3138674,Luisburgo,nombre_exacto,,3138674,True,2018|2022
MG,40991,BALDIM,,3105004,Baldim,nombre_exacto,,3105004,True,2018|2022
MG,41009,LUISLÂNDIA,,3138682,Luislândia,nombre_exacto,,3138682,True,2018|2022
MG,41017,BAMBUÍ,,3105103,Bambuí,nombre_exacto,,3105103,True,2018|2022
MG,41025,MÁRIO CAMPOS,,3140159,Mário Campos,nombre_exacto,,3140159,True,2018|2022
MG,41033,BANDEIRA,,3105202,Bandeira,nombre_exacto,,3105202,True,2018|2022
MG,41041,MARTINS SOARES,,3140530,Martins Soares,nombre_exacto,,3140530,True,2018|2022
MG,41050,BANDEIRA DO SUL,,3105301,Bandeira do Sul,nombre_exacto,,3105301,True,2018|2022
MG,41068,MIRAVÂNIA,,3142254,Miravânia,nombre_exacto,,3142254,True,2018|2022
MG,41076,BARÃO DE COCAIS,,3105400,Barão de Cocais,nombre_exacto,,3105400,True,2018|2022
MG,41084,MONTE FORMOSO,,3143153,Monte Formoso,nombre_exacto,,3143153,True,2018|2022
MG,41092,BARÃO DE MONTE ALTO,,3105509,Barão do Monte Alto,nombre_aproximado,,3105509,True,2018|2022
MG,41106,NATALÂNDIA,,3144375,Natalândia,nombre_exacto,,3144375,True,2018|2022
MG,41114,BARBACENA,,3105608,Barbacena,nombre_exacto,,3105608,True,2018|2022
MG,41122,NINHEIRA,,3144656,Ninheira,nombre_exacto,,3144656,True,2018|2022
MG,41130,BARRA LONGA,,3105707,Barra Longa,nombre_exacto,,3105707,True,2018|2022
MG,41149,NOVA BELÉM,,3144672,Nova Belém,nombre_exacto,,3144672,True,2018|2022
MG,41157,TRÊS MARIAS,,3169356,Três Marias,nombre_exacto,,3169356,True,2018|2022
MG,41165,NOVA PORTEIRINHA,,3145059,Nova Porteirinha,nombre_exacto,,3145059,True,2018|2022
MG,41173,BARROSO,,3105905,Barroso,nombre_exacto,,3105905,True,2018|2022
MG,41181,NOVORIZONTE,,3145372,Novorizonte,nombre_exacto,,3145372,True,2018|2022
MG,41190,BELA VISTA DE MINAS,,3106002,Bela Vista de Minas,nombre_exacto,,3106002,True,2018|2022
MG,41203,OLHOS D ÁGUA,,3145455,Olhos-d'Água,nombre_exacto,,3145455,True,2018|2022
MG,41211,BELMIRO BRAGA,,3106101,Belmiro Braga,nombre_exacto,,3106101,True,2018|2022
MG,41220,ORATÓRIOS,,3145851,Oratórios,nombre_exacto,,3145851,True,2018|2022
MG,41238,BELO HORIZONTE,,3106200,Belo Horizonte,nombre_exacto,,3106200,True,2018|2022
MG,41246,ORIZÂNIA,,3145877,Orizânia,nombre_exacto,,3145877,True,2018|2022
MG,41254,BELO ORIENTE,,3106309,Belo Oriente,nombre_exacto,,3106309,True,2018|2022
MG,41262,PADRE CARVALHO,,3146255,Padre Carvalho,nombre_exacto,,3146255,True,2018|2022
MG,41270,BELO VALE,,3106408,Belo Vale,nombre_exacto,,3106408,True,2018|2022
MG,41289,PAI PEDRO,,3146552,Pai Pedro,nombre_exacto,,3146552,True,2018|2022
MG,41297,BERILO,,3106507,Berilo,nombre_exacto,,3106507,True,2018|2022
MG,41300,PATIS,,3147956,Patis,nombre_exacto,,3147956,True,2018|2022
MG,41319,BERTÓPOLIS,,3106606,Bertópolis,nombre_exacto,,3106606,True,2018|2022
MG,41327,PEDRA BONITA,,3148756,Pedra Bonita,nombre_exacto,,3148756,True,2018|2022
MG,41335,BETIM,,3106705,Betim,nombre_exacto,,3106705,True,2018|2022
MG,41343,PIEDADE DE CARATINGA,,3150158,Piedade de Caratinga,nombre_exacto,,3150158,True,2018|2022
MG,41351,BIAS FORTES,,3106804,Bias Fortes,nombre_exacto,,3106804,True,2018|2022
MG,41360,PINGO D ÁGUA,,3150539,Pingo-d'Água,nombre_exacto,,3150539,True,2018|2022
MG,41378,BICAS,,3106903,Bicas,nombre_exacto,,3106903,True,2018|2022
MG,41386,PINTÓPOLIS,,3150570,Pintópolis,nombre_exacto,,3150570,True,2018|2022
MG,41394,BIQUINHAS,,3107000,Biquinhas,nombre_exacto,,3107000,True,2018|2022
MG,41408,PONTO CHIQUE,,3152131,Ponto Chique,nombre_exacto,,3152131,True,2018|2022
MG,41416,BOA ESPERANÇA,,3107109,Boa Esperança,nombre_exacto,,3107109,True,2018|2022
MG,41424,REDUTO,,3154150,Reduto,nombre_exacto,,3154150,True,2018|2022
MG,41432,BOCAINA DE MINAS,,3107208,Bocaina de Minas,nombre_exacto,,3107208,True,2018|2022
MG,41440,SANTA BÁRBARA DO MONTE VERDE,,3157278,Santa Bárbara do Monte Verde,nombre_exacto,,3157278,True,2018|2022
MG,41459,BOCAIÚVA,,3107307,Bocaiúva,nombre_exacto,,3107307,True,2018|2022
MG,41467,SANTA CRUZ DE MINAS,,3157336,Santa Cruz de Minas,nombre_exacto,,3157336,True,2018|2022
MG,41475,BOM DESPACHO,,3107406,Bom Despacho,nombre_exacto,,3107406,True,2018|2022
MG,41483,SANTA CRUZ DE SALINAS,,3157377,Santa Cruz de Salinas,nombre_exacto,,3157377,True,2018|2022
MG,41491,BOM JARDIM DE MINAS,,3107505,Bom Jardim de Minas,nombre_exacto,,3107505,True,2018|2022
MG,41505,SANTA HELENA DE MINAS,,3157658,Santa Helena de Minas,nombre_exacto,,3157658,True,2018|2022
MG,41513,BOM JESUS DA PENHA,,3107604,Bom Jesus da Penha,nombre_exacto,,3107604,True,2018|2022
MG,41521,SANTO ANTÔNIO DO RETIRO,,3160454,Santo Antônio do Retiro,nombre_exacto,,3160454,True,2018|2022
MG,41530,BOM JESUS DO AMPARO,,3107703,Bom Jesus do Amparo,nombre_exacto,,3107703,True,2018|2022
MG,41548,SÃO DOMINGOS DAS DORES,,3160959,São Domingos das Dores,nombre_exacto,,3160959,True,2018|2022
MG,41556,BOM JESUS DO GALHO,,3107802,Bom Jesus do Galho,nombre_exacto,,3107802,True,2018|2022
MG,41564,SÃO FÉLIX DE MINAS,,3161056,São Félix de Minas,nombre_exacto,,3161056,True,2018|2022
MG,41572,BOM REPOUSO,,3107901,Bom Repouso,nombre_exacto,,3107901,True,2018|2022
MG,41580,SÃO GERALDO DO BAIXIO,,3161650,São Geraldo do Baixio,nombre_exacto,,3161650,True,2018|2022
MG,41599,BOM SUCESSO,,3108008,Bom Sucesso,nombre_exacto,,3108008,True,2018|2022
MG,41602,SÃO JOÃO DAS MISSÕES,,3162450,São João das Missões,nombre_exacto,,3162450,True,2018|2022
MG,41610,BONFIM,,3108107,Bonfim,nombre_exacto,,3108107,True,2018|2022
MG,41629,SÃO JOAQUIM DE BICAS,,3162922,São Joaquim de Bicas,nombre_exacto,,3162922,True,2018|2022
MG,41637,BONFINÓPOLIS DE MINAS,,3108206,Bonfinópolis de Minas,nombre_exacto,,3108206,True,2018|2022
MG,41645,SÃO JOSÉ DA BARRA,,3162948,São José da Barra,nombre_exacto,,3162948,True,2018|2022
MG,41653,BORDA DA MATA,,3108305,Borda da Mata,nombre_exacto,,3108305,True,2018|2022
MG,41661,ALTO CAPARAÓ,,3102050,Alto Caparaó,nombre_exacto,,3102050,True,2018|2022
MG,41670,BOTELHOS,,3108404,Botelhos,nombre_exacto,,3108404,True,2018|2022
MG,41688,ANGELÂNDIA,,3102852,Angelândia,nombre_exacto,,3102852,True,2018|2022
MG,41696,BOTUMIRIM,,3108503,Botumirim,nombre_exacto,,3108503,True,2018|2022
MG,41700,ARICANDUVA,,3104452,Aricanduva,nombre_exacto,,3104452,True,2018|2022
MG,41718,BRASÍLIA DE MINAS,,3108602,Brasília de Minas,nombre_exacto,,3108602,True,2018|2022
MG,41726,BERIZAL,,3106655,Berizal,nombre_exacto,,3106655,True,2018|2022
MG,41734,BRÁS PIRES,,3108701,Brás Pires,nombre_exacto,,3108701,True,2018|2022
MG,41742,BONITO DE MINAS,,3108255,Bonito de Minas,nombre_exacto,,3108255,True,2018|2022
MG,41750,BRAÚNAS,,3108800,Braúnas,nombre_exacto,,3108800,True,2018|2022
MG,41769,BUGRE,,3109253,Bugre,nombre_exacto,,3109253,True,2018|2022
MG,41777,BRAZÓPOLIS,,3108909,Brazópolis,nombre_exacto,,3108909,True,2018|2022
MG,41785,CABECEIRA GRANDE,,3109451,Cabeceira Grande,nombre_exacto,,3109451,True,2018|2022
MG,41793,BRUMADINHO,,3109006,Brumadinho,nombre_exacto,,3109006,True,2018|2022
MG,41807,CAMPO AZUL,,3111150,Campo Azul,nombre_exacto,,3111150,True,2018|2022
MG,41815,BUENO BRANDÃO,,3109105,Bueno Brandão,nombre_exacto,,3109105,True,2018|2022
MG,41823,CANTAGALO,,3112059,Cantagalo,nombre_exacto,,3112059,True,2018|2022
MG,41831,BUENÓPOLIS,,3109204,Buenópolis,nombre_exacto,,3109204,True,2018|2022
MG,41840,CATAS ALTAS,,3115359,Catas Altas,nombre_exacto,,3115359,True,2018|2022
MG,41858,BURITIS,,3109303,Buritis,nombre_exacto,,3109303,True,2018|2022
MG,41866,CATUTI,,3115474,Catuti,nombre_exacto,,3115474,True,2018|2022
MG,41874,BURITIZEIRO,,3109402,Buritizeiro,nombre_exacto,,3109402,True,2018|2022
MG,41882,CHAPADA GAÚCHA,,3116159,Chapada Gaúcha,nombre_exacto,,3116159,True,2018|2022
MG,41890,CABO VERDE,,3109501,Cabo Verde,nombre_exacto,,3109501,True,2018|2022
MG,41904,CÔNEGO MARINHO,,3117836,Cônego Marinho,nombre_exacto,,3117836,True,2018|2022
MG,41912,CACHOEIRA DA PRATA,,3109600,Cachoeira da Prata,nombre_exacto,,3109600,True,2018|2022
MG,41920,CONFINS,,3117876,Confins,nombre_exacto,,3117876,True,2018|2022
MG,41939,CACHOEIRA DE MINAS,,3109709,Cachoeira de Minas,nombre_exacto,,3109709,True,2018|2022
MG,41947,CÓRREGO FUNDO,,3119955,Córrego Fundo,nombre_exacto,,3119955,True,2018|2022
MG,41955,CACHOEIRA DOURADA,,3109808,Cachoeira Dourada,nombre_exacto,,3109808,True,2018|2022
MG,41963,CRISÓLITA,,3120151,Crisólita,nombre_exacto,,3120151,True,2018|2022
MG,41971,CAETANÓPOLIS,,3109907,Caetanópolis,nombre_exacto,,3109907,True,2018|2022
MG,41980,CUPARAQUE,,3120839,Cuparaque,nombre_exacto,,3120839,True,2018|2022
MG,41998,CAETÉ,,3110004,Caeté,nombre_exacto,,3110004,True,2018|2022
MG,42005,CURRAL DE DENTRO,,3120870,Curral de Dentro,nombre_exacto,,3120870,True,2018|2022
MG,42013,CAIANA,,3110103,Caiana,nombre_exacto,,3110103,True,2018|2022
MG,42021,DELTA,,3121258,Delta,nombre_exacto,,3121258,True,2018|2022
MG,42030,CAJURI,,3110202,Cajuri,nombre_exacto,,3110202,True,2018|2022
MG,42048,DOM BOSCO,,3122470,Dom Bosco,nombre_exacto,,3122470,True,2018|2022
MG,42056,CALDAS,,3110301,Caldas,nombre_exacto,,3110301,True,2018|2022
MG,42064,FREI LAGONEGRO,,3126950,Frei Lagonegro,nombre_exacto,,3126950,True,2018|2022
MG,42072,CAMACHO,,3110400,Camacho,nombre_exacto,,3110400,True,2018|2022
MG,42080,FRUTA DE LEITE,,3127073,Fruta de Leite,nombre_exacto,,3127073,True,2018|2022
MG,42099,CAMANDUCAIA,,3110509,Camanducaia,nombre_exacto,,3110509,True,2018|2022
MG,42102,GAMELEIRAS,,3127339,Gameleiras,nombre_exacto,,3127339,True,2018|2022
MG,42110,CAMBUÍ,,3110608,Cambuí,nombre_exacto,,3110608,True,2018|2022
MG,42129,GLAUCILÂNDIA,,3127354,Glaucilândia,nombre_exacto,,3127354,True,2018|2022
MG,42137,CAMBUQUIRA,,3110707,Cambuquira,nombre_exacto,,3110707,True,2018|2022
MG,42145,GOIABEIRA,,3127370,Goiabeira,nombre_exacto,,3127370,True,2018|2022
MG,42153,CAMPANÁRIO,,3110806,Campanário,nombre_exacto,,3110806,True,2018|2022
MG,42161,GOIANÁ,,3127388,Goianá,nombre_exacto,,3127388,True,2018|2022
MG,42170,CAMPANHA,,3110905,Campanha,nombre_exacto,,3110905,True,2018|2022
MG,42188,GUARACIAMA,,3128253,Guaraciama,nombre_exacto,,3128253,True,2018|2022
MG,42196,CAMPESTRE,,3111002,Campestre,nombre_exacto,,3111002,True,2018|2022
MG,42200,IBIRACATU,,3129657,Ibiracatu,nombre_exacto,,3129657,True,2018|2022
MG,42218,CAMPINA VERDE,,3111101,Campina Verde,nombre_exacto,,3111101,True,2018|2022
MG,42226,IMBÉ DE MINAS,,3130556,Imbé de Minas,nombre_exacto,,3130556,True,2018|2022
MG,42234,CAMPO BELO,,3111200,Campo Belo,nombre_exacto,,3111200,True,2018|2022
MG,42242,INDAIABIRA,,3130655,Indaiabira,nombre_exacto,,3130655,True,2018|2022
MG,42250,CAMPO DO MEIO,,3111309,Campo do Meio,nombre_exacto,,3111309,True,2018|2022
MG,42269,JAPONVAR,,3135357,Japonvar,nombre_exacto,,3135357,True,2018|2022
MG,42277,CAMPO FLORIDO,,3111408,Campo Florido,nombre_exacto,,3111408,True,2018|2022
MG,42285,JENIPAPO DE MINAS,,3135456,Jenipapo de Minas,nombre_exacto,,3135456,True,2018|2022
MG,42293,CAMPOS ALTOS,,3111507,Campos Altos,nombre_exacto,,3111507,True,2018|2022
MG,42307,JOSÉ GONÇALVES DE MINAS,,3136520,José Gonçalves de Minas,nombre_exacto,,3136520,True,2018|2022
MG,42315,CAMPOS GERAIS,,3111606,Campos Gerais,nombre_exacto,,3111606,True,2018|2022
MG,42323,JOSÉ RAYDAN,,3136553,José Raydan,nombre_exacto,,3136553,True,2018|2022
MG,42331,CANAÃ,,3111705,Canaã,nombre_exacto,,3111705,True,2018|2022
MG,42340,SÃO SEBASTIÃO DA VARGEM ALEGRE,,3164431,São Sebastião da Vargem Alegre,nombre_exacto,,3164431,True,2018|2022
MG,42358,CANÁPOLIS,,3111804,Canápolis,nombre_exacto,,3111804,True,2018|2022
MG,42366,SÃO SEBASTIÃO DO ANTA,,3164472,São Sebastião do Anta,nombre_exacto,,3164472,True,2018|2022
MG,42374,CANA VERDE,,3111903,Cana Verde,nombre_exacto,,3111903,True,2018|2022
MG,42382,SERRANÓPOLIS DE MINAS,,3166956,Serranópolis de Minas,nombre_exacto,,3166956,True,2018|2022
MG,42390,CANDEIAS,,3112000,Candeias,nombre_exacto,,3112000,True,2018|2022
MG,42404,SETUBINHA,,3165552,Setubinha,nombre_exacto,,3165552,True,2018|2022
MG,42412,CAPARAÓ,,3112109,Caparaó,nombre_exacto,,3112109,True,2018|2022
MG,42420,TAPARUBA,,3168051,Taparuba,nombre_exacto,,3168051,True,2018|2022
MG,42439,CAPELA NOVA,,3112208,Capela Nova,nombre_exacto,,3112208,True,2018|2022
MG,42447,UNIÃO DE MINAS,,3170438,União de Minas,nombre_exacto,,3170438,True,2018|2022
MG,42455,CAPELINHA,,3112307,Capelinha,nombre_exacto,,3112307,True,2018|2022
MG,42463,URUANA DE MINAS,,3170479,Uruana de Minas,nombre_exacto,,3170479,True,2018|2022
MG,42471,CAPETINGA,,3112406,Capetinga,nombre_exacto,,3112406,True,2018|2022
MG,42480,VARGEM GRANDE DO RIO PARDO,,3170651,Vargem Grande do Rio Pardo,nombre_exacto,,3170651,True,2018|2022
MG,42498,CAPIM BRANCO,,3112505,Capim Branco,nombre_exacto,,3112505,True,2018|2022
MG,42501,VARJÃO DE MINAS,,3170750,Varjão de Minas,nombre_exacto,,3170750,True,2018|2022
MG,42510,CAPINÓPOLIS,,3112604,Capinópolis,nombre_exacto,,3112604,True,2018|2022
MG,42528,VERDELÂNDIA,,3171030,Verdelândia,nombre_exacto,,3171030,True,2018|2022
MG,42536,CAPITÃO ENÉAS,,3112703,Capitão Enéas,nombre_exacto,,3112703,True,2018|2022
MG,42544,VEREDINHA,,3171071,Veredinha,nombre_exacto,,3171071,True,2018|2022
MG,42552,CAPITÓLIO,,3112802,Capitólio,nombre_exacto,,3112802,True,2018|2022
MG,42560,VERMELHO NOVO,,3171154,Vermelho Novo,nombre_exacto,,3171154,True,2018|2022
MG,42579,CAPUTIRA,,3112901,Caputira,nombre_exacto,,3112901,True,2018|2022
MG,42587,TOCOS DO MOJI,,3169059,Tocos do Moji,nombre_exacto,,3169059,True,2018|2022
MG,42595,CARAÍ,,3113008,Caraí,nombre_exacto,,3113008,True,2018|2022
MG,42617,CARANAÍBA,,3113107,Caranaíba,nombre_exacto,,3113107,True,2018|2022
MG,42633,CARANDAÍ,,3113206,Carandaí,nombre_exacto,,3113206,True,2018|2022
MG,42650,CARANGOLA,,3113305,Carangola,nombre_exacto,,3113305,True,2018|2022
MG,42676,CARATINGA,,3113404,Caratinga,nombre_exacto,,3113404,True,2018|2022
MG,42692,CARBONITA,,3113503,Carbonita,nombre_exacto,,3113503,True,2018|2022
MG,42714,CAREAÇU,,3113602,Careaçu,nombre_exacto,,3113602,True,2018|2022
MG,42730,CARLOS CHAGAS,,3113701,Carlos Chagas,nombre_exacto,,3113701,True,2018|2022
MG,42757,CARMÉSIA,,3113800,Carmésia,nombre_exacto,,3113800,True,2018|2022
MG,42773,CARMO DA CACHOEIRA,,3113909,Carmo da Cachoeira,nombre_exacto,,3113909,True,2018|2022
MG,42790,CARMO DA MATA,,3114006,Carmo da Mata,nombre_exacto,,3114006,True,2018|2022
MG,42811,CARMO DE MINAS,,3114105,Carmo de Minas,nombre_exacto,,3114105,True,2018|2022
MG,42838,CARMO DO CAJURU,,3114204,Carmo do Cajuru,nombre_exacto,,3114204,True,2018|2022
MG,42854,CARMO DO PARANAÍBA,,3114303,Carmo do Paranaíba,nombre_exacto,,3114303,True,2018|2022
MG,42870,CARMO DO RIO CLARO,,3114402,Carmo do Rio Claro,nombre_exacto,,3114402,True,2018|2022
MG,42897,CARMÓPOLIS DE MINAS,,3114501,Carmópolis de Minas,nombre_exacto,,3114501,True,2018|2022
MG,42919,CARRANCAS,,3114600,Carrancas,nombre_exacto,,3114600,True,2018|2022
MG,42935,CARVALHÓPOLIS,,3114709,Carvalhópolis,nombre_exacto,,3114709,True,2018|2022
MG,42951,CARVALHOS,,3114808,Carvalhos,nombre_exacto,,3114808,True,2018|2022
MG,42978,CASA GRANDE,,3114907,Casa Grande,nombre_exacto,,3114907,True,2018|2022
MG,42994,CASCALHO RICO,,3115003,Cascalho Rico,nombre_exacto,,3115003,True,2018|2022
MG,43010,CÁSSIA,,3115102,Cássia,nombre_exacto,,3115102,True,2018|2022
MG,43036,CONCEIÇÃO DA BARRA DE MINAS,,3115201,Conceição da Barra de Minas,nombre_exacto,,3115201,True,2018|2022
MG,43052,CATAGUASES,,3115300,Cataguases,nombre_exacto,,3115300,True,2018|2022
MG,43079,CATAS ALTAS DA NORUEGA,,3115409,Catas Altas da Noruega,nombre_exacto,,3115409,True,2018|2022
MG,43095,CAXAMBU,,3115508,Caxambu,nombre_exacto,,3115508,True,2018|2022
MG,43117,CEDRO DO ABAETÉ,,3115607,Cedro do Abaeté,nombre_exacto,,3115607,True,2018|2022
MG,43133,CENTRAL DE MINAS,,3115706,Central de Minas,nombre_exacto,,3115706,True,2018|2022
MG,43150,CENTRALINA,,3115805,Centralina,nombre_exacto,,3115805,True,2018|2022
MG,43176,CHÁCARA,,3115904,Chácara,nombre_exacto,,3115904,True,2018|2022
MG,43192,CHALÉ,,3116001,Chalé,nombre_exacto,,3116001,True,2018|2022
MG,43214,CHAPADA DO NORTE,,3116100,Chapada do Norte,nombre_exacto,,3116100,True,2018|2022
MG,43230,CHIADOR,,3116209,Chiador,nombre_exacto,,3116209,True,2018|2022
MG,43257,CIPOTÂNEA,,3116308,Cipotânea,nombre_exacto,,3116308,True,2018|2022
MG,43273,CLARAVAL,,3116407,Claraval,nombre_exacto,,3116407,True,2018|2022
MG,43290,CLARO DOS POÇÕES,,3116506,Claro dos Poções,nombre_exacto,,3116506,True,2018|2022
MG,43311,CLÁUDIO,,3116605,Cláudio,nombre_exacto,,3116605,True,2018|2022
MG,43338,COIMBRA,,3116704,Coimbra,nombre_exacto,,3116704,True,2018|2022
MG,43354,COLUNA,,3116803,Coluna,nombre_exacto,,3116803,True,2018|2022
MG,43370,COMENDADOR GOMES,,3116902,Comendador Gomes,nombre_exacto,,3116902,True,2018|2022
MG,43397,COMERCINHO,,3117009,Comercinho,nombre_exacto,,3117009,True,2018|2022
MG,43419,CONCEIÇÃO DA APARECIDA,,3117108,Conceição da Aparecida,nombre_exacto,,3117108,True,2018|2022
MG,43435,CONCEIÇÃO DAS PEDRAS,,3117207,Conceição das Pedras,nombre_exacto,,3117207,True,2018|2022
MG,43451,CONCEIÇÃO DAS ALAGOAS,,3117306,Conceição das Alagoas,nombre_exacto,,3117306,True,2018|2022
MG,43478,CONCEIÇÃO DE IPANEMA,,3117405,Conceição de Ipanema,nombre_exacto,,3117405,True,2018|2022
MG,43494,CONCEIÇÃO DO MATO DENTRO,,3117504,Conceição do Mato Dentro,nombre_exacto,,3117504,True,2018|2022
MG,43516,CONCEIÇÃO DO PARÁ,,3117603,Conceição do Pará,nombre_exacto,,3117603,True,2018|2022
MG,43532,CONCEIÇÃO DO RIO VERDE,,3117702,Conceição do Rio Verde,nombre_exacto,,3117702,True,2018|2022
MG,43559,CONCEIÇÃO DOS OUROS,,3117801,Conceição dos Ouros,nombre_exacto,,3117801,True,2018|2022
MG,43575,CONGONHAL,,3117900,Congonhal,nombre_exacto,,3117900,True,2018|2022
MG,43591,CONGONHAS,,3118007,Congonhas,nombre_exacto,,3118007,True,2018|2022
MG,43613,CONGONHAS DO NORTE,,3118106,Congonhas do Norte,nombre_exacto,,3118106,True,2018|2022
MG,43630,CONQUISTA,,3118205,Conquista,nombre_exacto,,3118205,True,2018|2022
MG,43656,CONSELHEIRO LAFAIETE,,3118304,Conselheiro Lafaiete,nombre_exacto,,3118304,True,2018|2022
MG,43672,CONSELHEIRO PENA,,3118403,Conselheiro Pena,nombre_exacto,,3118403,True,2018|2022
MG,43699,CONSOLAÇÃO,,3118502,Consolação,nombre_exacto,,3118502,True,2018|2022
MG,43710,CONTAGEM,,3118601,Contagem,nombre_exacto,,3118601,True,2018|2022
MG,43737,COQUEIRAL,,3118700,Coqueiral,nombre_exacto,,3118700,True,2018|2022
MG,43753,CORAÇÃO DE JESUS,,3118809,Coração de Jesus,nombre_exacto,,3118809,True,2018|2022
MG,43770,CORDISBURGO,,3118908,Cordisburgo,nombre_exacto,,3118908,True,2018|2022
MG,43796,CORDISLÂNDIA,,3119005,Cordislândia,nombre_exacto,,3119005,True,2018|2022
MG,43818,CORINTO,,3119104,Corinto,nombre_exacto,,3119104,True,2018|2022
MG,43834,COROACI,,3119203,Coroaci,nombre_exacto,,3119203,True,2018|2022
MG,43850,COROMANDEL,,3119302,Coromandel,nombre_exacto,,3119302,True,2018|2022
MG,43877,CORONEL FABRICIANO,,3119401,Coronel Fabriciano,nombre_exacto,,3119401,True,2018|2022
MG,43893,CORONEL MURTA,,3119500,Coronel Murta,nombre_exacto,,3119500,True,2018|2022
MG,43915,CORONEL PACHECO,,3119609,Coronel Pacheco,nombre_exacto,,3119609,True,2018|2022
MG,43931,CORONEL XAVIER CHAVES,,3119708,Coronel Xavier Chaves,nombre_exacto,,3119708,True,2018|2022
MG,43958,CÓRREGO DANTA,,3119807,Córrego Danta,nombre_exacto,,3119807,True,2018|2022
MG,43974,CÓRREGO DO BOM JESUS,,3119906,Córrego do Bom Jesus,nombre_exacto,,3119906,True,2018|2022
MG,43990,CÓRREGO NOVO,,3120003,Córrego Novo,nombre_exacto,,3120003,True,2018|2022
MG,44016,COUTO DE MAGALHÃES DE MINAS,,3120102,Couto de Magalhães de Minas,nombre_exacto,,3120102,True,2018|2022
MG,44032,CRISTAIS,,3120201,Cristais,nombre_exacto,,3120201,True,2018|2022
MG,44059,CRISTÁLIA,,3120300,Cristália,nombre_exacto,,3120300,True,2018|2022
MG,44075,CRISTIANO OTONI,,3120409,Cristiano Otoni,nombre_exacto,,3120409,True,2018|2022
MG,44091,CRISTINA,,3120508,Cristina,nombre_exacto,,3120508,True,2018|2022
MG,44113,CRUCILÂNDIA,,3120607,Crucilândia,nombre_exacto,,3120607,True,2018|2022
MG,44130,CRUZEIRO DA FORTALEZA,,3120706,Cruzeiro da Fortaleza,nombre_exacto,,3120706,True,2018|2022
MG,44156,CRUZÍLIA,,3120805,Cruzília,nombre_exacto,,3120805,True,2018|2022
MG,44172,CURVELO,,3120904,Curvelo,nombre_exacto,,3120904,True,2018|2022
MG,44199,DATAS,,3121001,Datas,nombre_exacto,,3121001,True,2018|2022
MG,44210,DELFIM MOREIRA,,3121100,Delfim Moreira,nombre_exacto,,3121100,True,2018|2022
MG,44237,DELFINÓPOLIS,,3121209,Delfinópolis,nombre_exacto,,3121209,True,2018|2022
MG,44253,DESCOBERTO,,3121308,Descoberto,nombre_exacto,,3121308,True,2018|2022
MG,44270,DESTERRO DE ENTRE RIOS,,3121407,Desterro de Entre Rios,nombre_exacto,,3121407,True,2018|2022
MG,44296,DESTERRO DO MELO,,3121506,Desterro do Melo,nombre_exacto,,3121506,True,2018|2022
MG,44318,DIAMANTINA,,3121605,Diamantina,nombre_exacto,,3121605,True,2018|2022
MG,44334,DIOGO DE VASCONCELOS,,3121704,Diogo de Vasconcelos,nombre_exacto,,3121704,True,2018|2022
MG,44350,DIONÍSIO,,3121803,Dionísio,nombre_exacto,,3121803,True,2018|2022
MG,44377,DIVINÉSIA,,3121902,Divinésia,nombre_exacto,,3121902,True,2018|2022
MG,44393,DIVINO,,3122009,Divino,nombre_exacto,,3122009,True,2018|2022
MG,44415,DIVINO DAS LARANJEIRAS,,3122108,Divino das Laranjeiras,nombre_exacto,,3122108,True,2018|2022
MG,44431,DIVINOLÂNDIA DE MINAS,,3122207,Divinolândia de Minas,nombre_exacto,,3122207,True,2018|2022
MG,44458,DIVINÓPOLIS,,3122306,Divinópolis,nombre_exacto,,3122306,True,2018|2022
MG,44474,DIVISA NOVA,,3122405,Divisa Nova,nombre_exacto,,3122405,True,2018|2022
MG,44490,DOM CAVATI,,3122504,Dom Cavati,nombre_exacto,,3122504,True,2018|2022
MG,44512,DOM JOAQUIM,,3122603,Dom Joaquim,nombre_exacto,,3122603,True,2018|2022
MG,44539,DOM SILVÉRIO,,3122702,Dom Silvério,nombre_exacto,,3122702,True,2018|2022
MG,44555,DOM VIÇOSO,,3122801,Dom Viçoso,nombre_exacto,,3122801,True,2018|2022
MG,44571,DONA EUSÉBIA,,3122900,Dona Euzébia,nombre_aproximado,,3122900,True,2018|2022
MG,44598,DORES DE CAMPOS,,3123007,Dores de Campos,nombre_exacto,,3123007,True,2018|2022
MG,44610,DORES DE GUANHÃES,,3123106,Dores de Guanhães,nombre_exacto,,3123106,True,2018|2022
MG,44636,DORES DO INDAIÁ,,3123205,Dores do Indaiá,nombre_exacto,,3123205,True,2018|2022
MG,44652,DORES DO TURVO,,3123304,Dores do Turvo,nombre_exacto,,3123304,True,2018|2022
MG,44679,DORESÓPOLIS,,3123403,Doresópolis,nombre_exacto,,3123403,True,2018|2022
MG,44695,DOURADOQUARA,,3123502,Douradoquara,nombre_exacto,,3123502,True,2018|2022
MG,44717,ELÓI MENDES,,3123601,Elói Mendes,nombre_exacto,,3123601,True,2018|2022
MG,44733,ENGENHEIRO CALDAS,,3123700,Engenheiro Caldas,nombre_exacto,,3123700,True,2018|2022
MG,44750,ENGENHEIRO NAVARRO,,3123809,Engenheiro Navarro,nombre_exacto,,3123809,True,2018|2022
MG,44776,ENTRE RIOS DE MINAS,,3123908,Entre Rios de Minas,nombre_exacto,,3123908,True,2018|2022
MG,44792,ERVÁLIA,,3124005,Ervália,nombre_exacto,,3124005,True,2018|2022
MG,44814,ESMERALDAS,,3124104,Esmeraldas,nombre_exacto,,3124104,True,2018|2022
MG,44830,ESPERA FELIZ,,3124203,Espera Feliz,nombre_exacto,,3124203,True,2018|2022
MG,44857,ESPINOSA,,3124302,Espinosa,nombre_exacto,,3124302,True,2018|2022
MG,44873,ESPÍRITO SANTO DO DOURADO,,3124401,Espírito Santo do Dourado,nombre_exacto,,3124401,True,2018|2022
MG,44890,ESTIVA,,3124500,Estiva,nombre_exacto,,3124500,True,2018|2022
MG,44911,ESTRELA DALVA,,3124609,Estrela Dalva,nombre_exacto,,3124609,True,2018|2022
MG,44938,ESTRELA DO INDAIÁ,,3124708,Estrela do Indaiá,nombre_exacto,,3124708,True,2018|2022
MG,44954,ESTRELA DO SUL,,3124807,Estrela do Sul,nombre_exacto,,3124807,True,2018|2022
MG,44970,EUGENÓPOLIS,,3124906,Eugenópolis,nombre_exacto,,3124906,True,2018|2022
MG,44997,EWBANK DA CÂMARA,,3125002,Ewbank da Câmara,nombre_exacto,,3125002,True,2018|2022
MG,45012,EXTREMA,,3125101,Extrema,nombre_exacto,,3125101,True,2018|2022
MG,45039,FAMA,,3125200,Fama,nombre_exacto,,3125200,True,2018|2022
MG,45055,FARIA LEMOS,,3125309,Faria Lemos,nombre_exacto,,3125309,True,2018|2022
MG,45071,FELÍCIO DOS SANTOS,,3125408,Felício dos Santos,nombre_exacto,,3125408,True,2018|2022
MG,45098,SÃO GONÇALO DO RIO PRETO,,3125507,São Gonçalo do Rio Preto,nombre_exacto,,3125507,True,2018|2022
MG,45110,FELISBURGO,,3125606,Felisburgo,nombre_exacto,,3125606,True,2018|2022
MG,45136,FELIXLÂNDIA,,3125705,Felixlândia,nombre_exacto,,3125705,True,2018|2022
MG,45152,FERNANDES TOURINHO,,3125804,Fernandes Tourinho,nombre_exacto,,3125804,True,2018|2022
MG,45179,FERROS,,3125903,Ferros,nombre_exacto,,3125903,True,2018|2022
MG,45195,FLORESTAL,,3126000,Florestal,nombre_exacto,,3126000,True,2018|2022
MG,45217,FORMIGA,,3126109,Formiga,nombre_exacto,,3126109,True,2018|2022
MG,45233,FORMOSO,,3126208,Formoso,nombre_exacto,,3126208,True,2018|2022
MG,45250,FORTALEZA DE MINAS,,3126307,Fortaleza de Minas,nombre_exacto,,3126307,True,2018|2022
MG,45276,FORTUNA DE MINAS,,3126406,Fortuna de Minas,nombre_exacto,,3126406,True,2018|2022
MG,45292,FRANCISCO BADARÓ,,3126505,Francisco Badaró,nombre_exacto,,3126505,True,2018|2022
MG,45314,FRANCISCO DUMONT,,3126604,Francisco Dumont,nombre_exacto,,3126604,True,2018|2022
MG,45330,FRANCISCO SÁ,,3126703,Francisco Sá,nombre_exacto,,3126703,True,2018|2022
MG,45357,FREI GASPAR,,3126802,Frei Gaspar,nombre_exacto,,3126802,True,2018|2022
MG,45373,FREI INOCÊNCIO,,3126901,Frei Inocêncio,nombre_exacto,,3126901,True,2018|2022
MG,45390,FRONTEIRA,,3127008,Fronteira,nombre_exacto,,3127008,True,2018|2022
MG,45411,FRUTAL,,3127107,Frutal,nombre_exacto,,3127107,True,2018|2022
MG,45438,FUNILÂNDIA,,3127206,Funilândia,nombre_exacto,,3127206,True,2018|2022
MG,45454,GALILÉIA,,3127305,Galiléia,nombre_exacto,,3127305,True,2018|2022
MG,45470,GONÇALVES,,3127404,Gonçalves,nombre_exacto,,3127404,True,2018|2022
MG,45497,GONZAGA,,3127503,Gonzaga,nombre_exacto,,3127503,True,2018|2022
MG,45519,GOUVEIA,,3127602,Gouveia,nombre_exacto,,3127602,True,2018|2022
MG,45535,GOVERNADOR VALADARES,,3127701,Governador Valadares,nombre_exacto,,3127701,True,2018|2022
MG,45551,GRÃO MOGOL,,3127800,Grão Mogol,nombre_exacto,,3127800,True,2018|2022
MG,45578,GRUPIARA,,3127909,Grupiara,nombre_exacto,,3127909,True,2018|2022
MG,45594,GUANHÃES,,3128006,Guanhães,nombre_exacto,,3128006,True,2018|2022
MG,45616,GUAPÉ,,3128105,Guapé,nombre_exacto,,3128105,True,2018|2022
MG,45632,GUARACIABA,,3128204,Guaraciaba,nombre_exacto,,3128204,True,2018|2022
MG,45659,GUARANÉSIA,,3128303,Guaranésia,nombre_exacto,,3128303,True,2018|2022
MG,45675,GUARANI,,3128402,Guarani,nombre_exacto,,3128402,True,2018|2022
MG,45691,GUARARÁ,,3128501,Guarará,nombre_exacto,,3128501,True,2018|2022
MG,45713,GUARDA-MOR,,3128600,Guarda-Mor,nombre_exacto,,3128600,True,2018|2022
MG,45730,GUAXUPÉ,,3128709,Guaxupé,nombre_exacto,,3128709,True,2018|2022
MG,45756,GUIDOVAL,,3128808,Guidoval,nombre_exacto,,3128808,True,2018|2022
MG,45772,GUIMARÂNIA,,3128907,Guimarânia,nombre_exacto,,3128907,True,2018|2022
MG,45799,GUIRICEMA,,3129004,Guiricema,nombre_exacto,,3129004,True,2018|2022
MG,45810,GURINHATÃ,,3129103,Gurinhatã,nombre_exacto,,3129103,True,2018|2022
MG,45837,HELIODORA,,3129202,Heliodora,nombre_exacto,,3129202,True,2018|2022
MG,45853,IAPU,,3129301,Iapu,nombre_exacto,,3129301,True,2018|2022
MG,45870,IBERTIOGA,,3129400,Ibertioga,nombre_exacto,,3129400,True,2018|2022
MG,45896,IBIÁ,,3129509,Ibiá,nombre_exacto,,3129509,True,2018|2022
MG,45918,IBIAÍ,,3129608,Ibiaí,nombre_exacto,,3129608,True,2018|2022
MG,45934,IBIRACI,,3129707,Ibiraci,nombre_exacto,,3129707,True,2018|2022
MG,45950,IBIRITÉ,,3129806,Ibirité,nombre_exacto,,3129806,True,2018|2022
MG,45977,IBITIÚRA DE MINAS,,3129905,Ibitiúra de Minas,nombre_exacto,,3129905,True,2018|2022
MG,45993,IBITURUNA,,3130002,Ibituruna,nombre_exacto,,3130002,True,2018|2022
MG,46019,IGARAPÉ,,3130101,Igarapé,nombre_exacto,,3130101,True,2018|2022
MG,46035,IGARATINGA,,3130200,Igaratinga,nombre_exacto,,3130200,True,2018|2022
MG,46051,IGUATAMA,,3130309,Iguatama,nombre_exacto,,3130309,True,2018|2022
MG,46078,IJACI,,3130408,Ijaci,nombre_exacto,,3130408,True,2018|2022
MG,46094,ILICÍNEA,,3130507,Ilicínea,nombre_exacto,,3130507,True,2018|2022
MG,46116,INCONFIDENTES,,3130606,Inconfidentes,nombre_exacto,,3130606,True,2018|2022
MG,46132,INDIANÓPOLIS,,3130705,Indianópolis,nombre_exacto,,3130705,True,2018|2022
MG,46159,INGAÍ,,3130804,Ingaí,nombre_exacto,,3130804,True,2018|2022
MG,46175,INHAPIM,,3130903,Inhapim,nombre_exacto,,3130903,True,2018|2022
MG,46191,INHAÚMA,,3131000,Inhaúma,nombre_exacto,,3131000,True,2018|2022
MG,46213,INIMUTABA,,3131109,Inimutaba,nombre_exacto,,3131109,True,2018|2022
MG,46230,IPANEMA,,3131208,Ipanema,nombre_exacto,,3131208,True,2018|2022
MG,46256,IPATINGA,,3131307,Ipatinga,nombre_exacto,,3131307,True,2018|2022
MG,46272,IPIAÇU,,3131406,Ipiaçu,nombre_exacto,,3131406,True,2018|2022
MG,46299,IPUIÚNA,,3131505,Ipuiúna,nombre_exacto,,3131505,True,2018|2022
MG,46310,IRAÍ DE MINAS,,3131604,Iraí de Minas,nombre_exacto,,3131604,True,2018|2022
MG,46337,ITABIRA,,3131703,Itabira,nombre_exacto,,3131703,True,2018|2022
MG,46353,ITABIRINHA,,3131802,Itabirinha,nombre_exacto,,3131802,True,2018|2022
MG,46370,ITABIRITO,,3131901,Itabirito,nombre_exacto,,3131901,True,2018|2022
MG,46396,ITACAMBIRA,,3132008,Itacambira,nombre_exacto,,3132008,True,2018|2022
MG,46418,ITACARAMBI,,3132107,Itacarambi,nombre_exacto,,3132107,True,2018|2022
MG,46434,ITAGUARA,,3132206,Itaguara,nombre_exacto,,3132206,True,2018|2022
MG,46450,ITAIPÉ,,3132305,Itaipé,nombre_exacto,,3132305,True,2018|2022
MG,46477,ITAJUBÁ,,3132404,Itajubá,nombre_exacto,,3132404,True,2018|2022
MG,46493,ITAMARANDIBA,,3132503,Itamarandiba,nombre_exacto,,3132503,True,2018|2022
MG,46515,ITAMARATI DE MINAS,,3132602,Itamarati de Minas,nombre_exacto,,3132602,True,2018|2022
MG,46531,ITAMBACURI,,3132701,Itambacuri,nombre_exacto,,3132701,True,2018|2022
MG,46558,ITAMBÉ DO MATO DENTRO,,3132800,Itambé do Mato Dentro,nombre_exacto,,3132800,True,2018|2022
MG,46574,ITAMOGI,,3132909,Itamogi,nombre_exacto,,3132909,True,2018|2022
MG,46590,ITAMONTE,,3133006,Itamonte,nombre_exacto,,3133006,True,2018|2022
MG,46612,ITANHANDU,,3133105,Itanhandu,nombre_exacto,,3133105,True,2018|2022
MG,46639,ITANHOMI,,3133204,Itanhomi,nombre_exacto,,3133204,True,2018|2022
MG,46655,ITAOBIM,,3133303,Itaobim,nombre_exacto,,3133303,True,2018|2022
MG,46671,ITAPAGIPE,,3133402,Itapagipe,nombre_exacto,,3133402,True,2018|2022
MG,46698,ITAPECERICA,,3133501,Itapecerica,nombre_exacto,,3133501,True,2018|2022
MG,46710,ITAPEVA,,3133600,Itapeva,nombre_exacto,,3133600,True,2018|2022
MG,46736,ITATIAIUÇU,,3133709,Itatiaiuçu,nombre_exacto,,3133709,True,2018|2022
MG,46752,ITAÚNA,,3133808,Itaúna,nombre_exacto,,3133808,True,2018|2022
MG,46779,ITAVERAVA,,3133907,Itaverava,nombre_exacto,,3133907,True,2018|2022
MG,46795,ITINGA,,3134004,Itinga,nombre_exacto,,3134004,True,2018|2022
MG,46817,ITUETA,,3134103,Itueta,nombre_exacto,,3134103,True,2018|2022
MG,46833,ITUIUTABA,,3134202,Ituiutaba,nombre_exacto,,3134202,True,2018|2022
MG,46850,ITUMIRIM,,3134301,Itumirim,nombre_exacto,,3134301,True,2018|2022
MG,46876,ITURAMA,,3134400,Iturama,nombre_exacto,,3134400,True,2018|2022
MG,46892,ITUTINGA,,3134509,Itutinga,nombre_exacto,,3134509,True,2018|2022
MG,46914,JABOTICATUBAS,,3134608,Jaboticatubas,nombre_exacto,,3134608,True,2018|2022
MG,46930,JACINTO,,3134707,Jacinto,nombre_exacto,,3134707,True,2018|2022
MG,46957,JACUÍ,,3134806,Jacuí,nombre_exacto,,3134806,True,2018|2022
MG,46973,JACUTINGA,,3134905,Jacutinga,nombre_exacto,,3134905,True,2018|2022
MG,46990,JAGUARAÇU,,3135001,Jaguaraçu,nombre_exacto,,3135001,True,2018|2022
MG,47015,JANAÚBA,,3135100,Janaúba,nombre_exacto,,3135100,True,2018|2022
MG,47031,JANUÁRIA,,3135209,Januária,nombre_exacto,,3135209,True,2018|2022
MG,47058,JAPARAÍBA,,3135308,Japaraíba,nombre_exacto,,3135308,True,2018|2022
MG,47074,JECEABA,,3135407,Jeceaba,nombre_exacto,,3135407,True,2018|2022
MG,47090,JEQUERI,,3135506,Jequeri,nombre_exacto,,3135506,True,2018|2022
MG,47112,JEQUITAÍ,,3135605,Jequitaí,nombre_exacto,,3135605,True,2018|2022
MG,47139,JEQUITIBÁ,,3135704,Jequitibá,nombre_exacto,,3135704,True,2018|2022
MG,47155,JEQUITINHONHA,,3135803,Jequitinhonha,nombre_exacto,,3135803,True,2018|2022
MG,47171,JESUÂNIA,,3135902,Jesuânia,nombre_exacto,,3135902,True,2018|2022
MG,47198,JOAÍMA,,3136009,Joaíma,nombre_exacto,,3136009,True,2018|2022
MG,47210,JOANÉSIA,,3136108,Joanésia,nombre_exacto,,3136108,True,2018|2022
MG,47236,JOÃO MONLEVADE,,3136207,João Monlevade,nombre_exacto,,3136207,True,2018|2022
MG,47252,JOÃO PINHEIRO,,3136306,João Pinheiro,nombre_exacto,,3136306,True,2018|2022
MG,47279,JOAQUIM FELÍCIO,,3136405,Joaquim Felício,nombre_exacto,,3136405,True,2018|2022
MG,47295,JORDÂNIA,,3136504,Jordânia,nombre_exacto,,3136504,True,2018|2022
MG,47317,NOVA UNIÃO,,3136603,Nova União,nombre_exacto,,3136603,True,2018|2022
MG,47333,JUIZ DE FORA,,3136702,Juiz de Fora,nombre_exacto,,3136702,True,2018|2022
MG,47350,JURAMENTO,,3136801,Juramento,nombre_exacto,,3136801,True,2018|2022
MG,47376,JURUAIA,,3136900,Juruaia,nombre_exacto,,3136900,True,2018|2022
MG,47392,LADAINHA,,3137007,Ladainha,nombre_exacto,,3137007,True,2018|2022
MG,47414,LAGAMAR,,3137106,Lagamar,nombre_exacto,,3137106,True,2018|2022
MG,47430,LAGOA DA PRATA,,3137205,Lagoa da Prata,nombre_exacto,,3137205,True,2018|2022
MG,47457,LAGOA DOS PATOS,,3137304,Lagoa dos Patos,nombre_exacto,,3137304,True,2018|2022
MG,47473,LAGOA DOURADA,,3137403,Lagoa Dourada,nombre_exacto,,3137403,True,2018|2022
MG,47490,LAGOA FORMOSA,,3137502,Lagoa Formosa,nombre_exacto,,3137502,True,2018|2022
MG,47511,LAGOA SANTA,,3137601,Lagoa Santa,nombre_exacto,,3137601,True,2018|2022
MG,47538,LAJINHA,,3137700,Lajinha,nombre_exacto,,3137700,True,2018|2022
MG,47554,LAMBARI,,3137809,Lambari,nombre_exacto,,3137809,True,2018|2022
MG,47570,LAMIM,,3137908,Lamim,nombre_exacto,,3137908,True,2018|2022
MG,47597,LARANJAL,,3138005,Laranjal,nombre_exacto,,3138005,True,2018|2022
MG,47619,LASSANCE,,3138104,Lassance,nombre_exacto,,3138104,True,2018|2022
MG,47635,LAVRAS,,3138203,Lavras,nombre_exacto,,3138203,True,2018|2022
MG,47651,LEANDRO FERREIRA,,3138302,Leandro Ferreira,nombre_exacto,,3138302,True,2018|2022
MG,47678,LEOPOLDINA,,3138401,Leopoldina,nombre_exacto,,3138401,True,2018|2022
MG,47694,LIBERDADE,,3138500,Liberdade,nombre_exacto,,3138500,True,2018|2022
MG,47716,LIMA DUARTE,,3138609,Lima Duarte,nombre_exacto,,3138609,True,2018|2022
MG,47732,LUMINÁRIAS,,3138708,Luminárias,nombre_exacto,,3138708,True,2018|2022
MG,47759,LUZ,,3138807,Luz,nombre_exacto,,3138807,True,2018|2022
MG,47775,MACHACALIS,,3138906,Machacalis,nombre_exacto,,3138906,True,2018|2022
MG,47791,MACHADO,,3139003,Machado,nombre_exacto,,3139003,True,2018|2022
MG,47813,MADRE DE DEUS DE MINAS,,3139102,Madre de Deus de Minas,nombre_exacto,,3139102,True,2018|2022
MG,47830,MALACACHETA,,3139201,Malacacheta,nombre_exacto,,3139201,True,2018|2022
MG,47856,MANGA,,3139300,Manga,nombre_exacto,,3139300,True,2018|2022
MG,47872,MANHUAÇU,,3139409,Manhuaçu,nombre_exacto,,3139409,True,2018|2022
MG,47899,MANHUMIRIM,,3139508,Manhumirim,nombre_exacto,,3139508,True,2018|2022
MG,47910,MANTENA,,3139607,Mantena,nombre_exacto,,3139607,True,2018|2022
MG,47937,MARAVILHAS,,3139706,Maravilhas,nombre_exacto,,3139706,True,2018|2022
MG,47953,MAR DE ESPANHA,,3139805,Mar de Espanha,nombre_exacto,,3139805,True,2018|2022
MG,47970,MARIA DA FÉ,,3139904,Maria da Fé,nombre_exacto,,3139904,True,2018|2022
MG,47996,MARIANA,,3140001,Mariana,nombre_exacto,,3140001,True,2018|2022
MG,48011,MARILAC,,3140100,Marilac,nombre_exacto,,3140100,True,2018|2022
MG,48038,MARIPÁ DE MINAS,,3140209,Maripá de Minas,nombre_exacto,,3140209,True,2018|2022
MG,48054,MARLIÉRIA,,3140308,Marliéria,nombre_exacto,,3140308,True,2018|2022
MG,48070,MARMELÓPOLIS,,3140407,Marmelópolis,nombre_exacto,,3140407,True,2018|2022
MG,48097,MARTINHO CAMPOS,,3140506,Martinho Campos,nombre_exacto,,3140506,True,2018|2022
MG,48119,MATERLÂNDIA,,3140605,Materlândia,nombre_exacto,,3140605,True,2018|2022
MG,48135,MATEUS LEME,,3140704,Mateus Leme,nombre_exacto,,3140704,True,2018|2022
MG,48151,MATIAS BARBOSA,,3140803,Matias Barbosa,nombre_exacto,,3140803,True,2018|2022
MG,48178,MATIPÓ,,3140902,Matipó,nombre_exacto,,3140902,True,2018|2022
MG,48194,MATO VERDE,,3141009,Mato Verde,nombre_exacto,,3141009,True,2018|2022
MG,48216,MATOZINHOS,,3141108,Matozinhos,nombre_exacto,,3141108,True,2018|2022
MG,48232,MATUTINA,,3141207,Matutina,nombre_exacto,,3141207,True,2018|2022
MG,48259,MEDEIROS,,3141306,Medeiros,nombre_exacto,,3141306,True,2018|2022
MG,48275,MEDINA,,3141405,Medina,nombre_exacto,,3141405,True,2018|2022
MG,48291,MENDES PIMENTEL,,3141504,Mendes Pimentel,nombre_exacto,,3141504,True,2018|2022
MG,48313,MERCÊS,,3141603,Mercês,nombre_exacto,,3141603,True,2018|2022
MG,48330,MESQUITA,,3141702,Mesquita,nombre_exacto,,3141702,True,2018|2022
MG,48356,MINAS NOVAS,,3141801,Minas Novas,nombre_exacto,,3141801,True,2018|2022
MG,48372,MINDURI,,3141900,Minduri,nombre_exacto,,3141900,True,2018|2022
MG,48399,MIRABELA,,3142007,Mirabela,nombre_exacto,,3142007,True,2018|2022
MG,48410,MIRADOURO,,3142106,Miradouro,nombre_exacto,,3142106,True,2018|2022
MG,48437,MIRAÍ,,3142205,Miraí,nombre_exacto,,3142205,True,2018|2022
MG,48453,MOEDA,,3142304,Moeda,nombre_exacto,,3142304,True,2018|2022
MG,48470,MOEMA,,3142403,Moema,nombre_exacto,,3142403,True,2018|2022
MG,48496,MONJOLOS,,3142502,Monjolos,nombre_exacto,,3142502,True,2018|2022
MG,48518,MONSENHOR PAULO,,3142601,Monsenhor Paulo,nombre_exacto,,3142601,True,2018|2022
MG,48534,MONTALVÂNIA,,3142700,Montalvânia,nombre_exacto,,3142700,True,2018|2022
MG,48550,MONTE ALEGRE DE MINAS,,3142809,Monte Alegre de Minas,nombre_exacto,,3142809,True,2018|2022
MG,48577,MONTE AZUL,,3142908,Monte Azul,nombre_exacto,,3142908,True,2018|2022
MG,48593,MONTE BELO,,3143005,Monte Belo,nombre_exacto,,3143005,True,2018|2022
MG,48615,MONTE CARMELO,,3143104,Monte Carmelo,nombre_exacto,,3143104,True,2018|2022
MG,48631,MONTE SANTO DE MINAS,,3143203,Monte Santo de Minas,nombre_exacto,,3143203,True,2018|2022
MG,48658,MONTES CLAROS,,3143302,Montes Claros,nombre_exacto,,3143302,True,2018|2022
MG,48674,MONTE SIÃO,,3143401,Monte Sião,nombre_exacto,,3143401,True,2018|2022
MG,48690,MORADA NOVA DE MINAS,,3143500,Morada Nova de Minas,nombre_exacto,,3143500,True,2018|2022
MG,48712,MORRO DA GARÇA,,3143609,Morro da Garça,nombre_exacto,,3143609,True,2018|2022
MG,48739,MORRO DO PILAR,,3143708,Morro do Pilar,nombre_exacto,,3143708,True,2018|2022
MG,48755,MUNHOZ,,3143807,Munhoz,nombre_exacto,,3143807,True,2018|2022
MG,48771,MURIAÉ,,3143906,Muriaé,nombre_exacto,,3143906,True,2018|2022
MG,48798,MUTUM,,3144003,Mutum,nombre_exacto,,3144003,True,2018|2022
MG,48810,MUZAMBINHO,,3144102,Muzambinho,nombre_exacto,,3144102,True,2018|2022
MG,48836,NACIP RAYDAN,,3144201,Nacip Raydan,nombre_exacto,,3144201,True,2018|2022
MG,48852,NANUQUE,,3144300,Nanuque,nombre_exacto,,3144300,True,2018|2022
MG,48879,NATÉRCIA,,3144409,Natércia,nombre_exacto,,3144409,True,2018|2022
MG,48895,NAZARENO,,3144508,Nazareno,nombre_exacto,,3144508,True,2018|2022
MG,48917,NEPOMUCENO,,3144607,Nepomuceno,nombre_exacto,,3144607,True,2018|2022
MG,48933,NOVA ERA,,3144706,Nova Era,nombre_exacto,,3144706,True,2018|2022
MG,48950,NOVA LIMA,,3144805,Nova Lima,nombre_exacto,,3144805,True,2018|2022
MG,48976,NOVA MÓDICA,,3144904,Nova Módica,nombre_exacto,,3144904,True,2018|2022
MG,48992,NOVA PONTE,,3145000,Nova Ponte,nombre_exacto,,3145000,True,2018|2022
MG,49018,NOVA RESENDE,,3145109,Nova Resende,nombre_exacto,,3145109,True,2018|2022
MG,49034,NOVA SERRANA,,3145208,Nova Serrana,nombre_exacto,,3145208,True,2018|2022
MG,49050,NOVO CRUZEIRO,,3145307,Novo Cruzeiro,nombre_exacto,,3145307,True,2018|2022
MG,49077,OLARIA,,3145406,Olaria,nombre_exacto,,3145406,True,2018|2022
MG,49093,OLÍMPIO NORONHA,,3145505,Olímpio Noronha,nombre_exacto,,3145505,True,2018|2022
MG,49115,OLIVEIRA,,3145604,Oliveira,nombre_exacto,,3145604,True,2018|2022
MG,49131,OLIVEIRA FORTES,,3145703,Oliveira Fortes,nombre_exacto,,3145703,True,2018|2022
MG,49158,ONÇA DE PITANGUI,,3145802,Onça de Pitangui,nombre_exacto,,3145802,True,2018|2022
MG,49174,OURO BRANCO,,3145901,Ouro Branco,nombre_exacto,,3145901,True,2018|2022
MG,49190,OURO FINO,,3146008,Ouro Fino,nombre_exacto,,3146008,True,2018|2022
MG,49212,OURO PRETO,,3146107,Ouro Preto,nombre_exacto,,3146107,True,2018|2022
MG,49239,OURO VERDE DE MINAS,,3146206,Ouro Verde de Minas,nombre_exacto,,3146206,True,2018|2022
MG,49255,PADRE PARAÍSO,,3146305,Padre Paraíso,nombre_exacto,,3146305,True,2018|2022
MG,49271,PAINEIRAS,,3146404,Paineiras,nombre_exacto,,3146404,True,2018|2022
MG,49298,PAINS,,3146503,Pains,nombre_exacto,,3146503,True,2018|2022
MG,49310,PAIVA,,3146602,Paiva,nombre_exacto,,3146602,True,2018|2022
MG,49336,PALMA,,3146701,Palma,nombre_exacto,,3146701,True,2018|2022
MG,49352,FRONTEIRA DOS VALES,,3127057,Fronteira dos Vales,nombre_exacto,,3127057,True,2018|2022
MG,49379,PAPAGAIOS,,3146909,Papagaios,nombre_exacto,,3146909,True,2018|2022
MG,49395,PARACATU,,3147006,Paracatu,nombre_exacto,,3147006,True,2018|2022
MG,49417,PARÁ DE MINAS,,3147105,Pará de Minas,nombre_exacto,,3147105,True,2018|2022
MG,49433,PARAGUAÇU,,3147204,Paraguaçu,nombre_exacto,,3147204,True,2018|2022
MG,49450,PARAISÓPOLIS,,3147303,Paraisópolis,nombre_exacto,,3147303,True,2018|2022
MG,49476,PARAOPEBA,,3147402,Paraopeba,nombre_exacto,,3147402,True,2018|2022
MG,49492,PASSABÉM,,3147501,Passabém,nombre_exacto,,3147501,True,2018|2022
MG,49514,PASSA QUATRO,,3147600,Passa Quatro,nombre_exacto,,3147600,True,2018|2022
MG,49530,PASSA TEMPO,,3147709,Passa Tempo,nombre_exacto,,3147709,True,2018|2022
MG,49557,PASSA VINTE,,3147808,Passa Vinte,nombre_exacto,,3147808,True,2018|2022
MG,49573,PASSOS,,3147907,Passos,nombre_exacto,,3147907,True,2018|2022
MG,49590,PATOS DE MINAS,,3148004,Patos de Minas,nombre_exacto,,3148004,True,2018|2022
MG,49611,PATROCÍNIO,,3148103,Patrocínio,nombre_exacto,,3148103,True,2018|2022
MG,49638,PATROCÍNIO DO MURIAÉ,,3148202,Patrocínio do Muriaé,nombre_exacto,,3148202,True,2018|2022
MG,49654,PAULA CÂNDIDO,,3148301,Paula Cândido,nombre_exacto,,3148301,True,2018|2022
MG,49670,PAULISTAS,,3148400,Paulistas,nombre_exacto,,3148400,True,2018|2022
MG,49697,PAVÃO,,3148509,Pavão,nombre_exacto,,3148509,True,2018|2022
MG,49719,PEÇANHA,,3148608,Peçanha,nombre_exacto,,3148608,True,2018|2022
MG,49735,PEDRA AZUL,,3148707,Pedra Azul,nombre_exacto,,3148707,True,2018|2022
MG,49751,PEDRA DO ANTA,,3148806,Pedra do Anta,nombre_exacto,,3148806,True,2018|2022
MG,49778,PEDRA DO INDAIÁ,,3148905,Pedra do Indaiá,nombre_exacto,,3148905,True,2018|2022
MG,49794,PEDRA DOURADA,,3149002,Pedra Dourada,nombre_exacto,,3149002,True,2018|2022
MG,49816,PEDRALVA,,3149101,Pedralva,nombre_exacto,,3149101,True,2018|2022
MG,49832,PEDRINÓPOLIS,,3149200,Pedrinópolis,nombre_exacto,,3149200,True,2018|2022
MG,49859,PEDRO LEOPOLDO,,3149309,Pedro Leopoldo,nombre_exacto,,3149309,True,2018|2022
MG,49875,PEDRO TEIXEIRA,,3149408,Pedro Teixeira,nombre_exacto,,3149408,True,2018|2022
MG,49891,PEQUERI,,3149507,Pequeri,nombre_exacto,,3149507,True,2018|2022
MG,49913,PEQUI,,3149606,Pequi,nombre_exacto,,3149606,True,2018|2022
MG,49930,PERDIGÃO,,3149705,Perdigão,nombre_exacto,,3149705,True,2018|2022
MG,49956,PERDIZES,,3149804,Perdizes,nombre_exacto,,3149804,True,2018|2022
MG,49972,PERDÕES,,3149903,Perdões,nombre_exacto,,3149903,True,2018|2022
MG,49999,PESCADOR,,3150000,Pescador,nombre_exacto,,3150000,True,2018|2022
MG,50016,PIAU,,3150109,Piau,nombre_exacto,,3150109,True,2018|2022
MG,50032,PIEDADE DE PONTE NOVA,,3150208,Piedade de Ponte Nova,nombre_exacto,,3150208,True,2018|2022
MG,50059,PIEDADE DO RIO GRANDE,,3150307,Piedade do Rio Grande,nombre_exacto,,3150307,True,2018|2022
MG,50075,PIEDADE DOS GERAIS,,3150406,Piedade dos Gerais,nombre_exacto,,3150406,True,2018|2022
MG,50091,PIMENTA,,3150505,Pimenta,nombre_exacto,,3150505,True,2018|2022
MG,50113,PIRACEMA,,3150604,Piracema,nombre_exacto,,3150604,True,2018|2022
MG,50130,PIRAJUBA,,3150703,Pirajuba,nombre_exacto,,3150703,True,2018|2022
MG,50156,PIRANGA,,3150802,Piranga,nombre_exacto,,3150802,True,2018|2022
MG,50172,PIRANGUÇU,,3150901,Piranguçu,nombre_exacto,,3150901,True,2018|2022
MG,50199,PIRANGUINHO,,3151008,Piranguinho,nombre_exacto,,3151008,True,2018|2022
MG,50210,PIRAPETINGA,,3151107,Pirapetinga,nombre_exacto,,3151107,True,2018|2022
MG,50237,PIRAPORA,,3151206,Pirapora,nombre_exacto,,3151206,True,2018|2022
MG,50253,PIRAÚBA,,3151305,Piraúba,nombre_exacto,,3151305,True,2018|2022
MG,50270,PITANGUI,,3151404,Pitangui,nombre_exacto,,3151404,True,2018|2022
MG,50296,PIUMHI,,3151503,Piumhi,nombre_exacto,,3151503,True,2018|2022
MG,50318,PLANURA,,3151602,Planura,nombre_exacto,,3151602,True,2018|2022
MG,50334,POÇO FUNDO,,3151701,Poço Fundo,nombre_exacto,,3151701,True,2018|2022
MG,50350,POÇOS DE CALDAS,,3151800,Poços de Caldas,nombre_exacto,,3151800,True,2018|2022
MG,50377,POCRANE,,3151909,Pocrane,nombre_exacto,,3151909,True,2018|2022
MG,50393,POMPÉU,,3152006,Pompéu,nombre_exacto,,3152006,True,2018|2022
MG,50415,PONTE NOVA,,3152105,Ponte Nova,nombre_exacto,,3152105,True,2018|2022
MG,50431,PORTEIRINHA,,3152204,Porteirinha,nombre_exacto,,3152204,True,2018|2022
MG,50458,PORTO FIRME,,3152303,Porto Firme,nombre_exacto,,3152303,True,2018|2022
MG,50474,POTÉ,,3152402,Poté,nombre_exacto,,3152402,True,2018|2022
MG,50490,POUSO ALEGRE,,3152501,Pouso Alegre,nombre_exacto,,3152501,True,2018|2022
MG,50512,POUSO ALTO,,3152600,Pouso Alto,nombre_exacto,,3152600,True,2018|2022
MG,50539,PRADOS,,3152709,Prados,nombre_exacto,,3152709,True,2018|2022
MG,50555,PRATA,,3152808,Prata,nombre_exacto,,3152808,True,2018|2022
MG,50571,PRATÁPOLIS,,3152907,Pratápolis,nombre_exacto,,3152907,True,2018|2022
MG,50598,PRATINHA,,3153004,Pratinha,nombre_exacto,,3153004,True,2018|2022
MG,50610,PRESIDENTE BERNARDES,,3153103,Presidente Bernardes,nombre_exacto,,3153103,True,2018|2022
MG,50636,PRESIDENTE JUSCELINO,,3153202,Presidente Juscelino,nombre_exacto,,3153202,True,2018|2022
MG,50652,PRESIDENTE KUBITSCHEK,,3153301,Presidente Kubitschek,nombre_exacto,,3153301,True,2018|2022
MG,50679,PRESIDENTE OLEGÁRIO,,3153400,Presidente Olegário,nombre_exacto,,3153400,True,2018|2022
MG,50695,ALTO JEQUITIBÁ,,3153509,Alto Jequitibá,nombre_exacto,,3153509,True,2018|2022
MG,50717,PRUDENTE DE MORAIS,,3153608,Prudente de Morais,nombre_exacto,,3153608,True,2018|2022
MG,50733,QUARTEL GERAL,,3153707,Quartel Geral,nombre_exacto,,3153707,True,2018|2022
MG,50750,QUELUZITO,,3153806,Queluzito,nombre_exacto,,3153806,True,2018|2022
MG,50776,RAPOSOS,,3153905,Raposos,nombre_exacto,,3153905,True,2018|2022
MG,50792,RAUL SOARES,,3154002,Raul Soares,nombre_exacto,,3154002,True,2018|2022
MG,50814,RECREIO,,3154101,Recreio,nombre_exacto,,3154101,True,2018|2022
MG,50830,RESENDE COSTA,,3154200,Resende Costa,nombre_exacto,,3154200,True,2018|2022
MG,50857,RESPLENDOR,,3154309,Resplendor,nombre_exacto,,3154309,True,2018|2022
MG,50873,RESSAQUINHA,,3154408,Ressaquinha,nombre_exacto,,3154408,True,2018|2022
MG,50890,RIACHO DOS MACHADOS,,3154507,Riacho dos Machados,nombre_exacto,,3154507,True,2018|2022
MG,50911,RIBEIRÃO DAS NEVES,,3154606,Ribeirão das Neves,nombre_exacto,,3154606,True,2018|2022
MG,50938,RIBEIRÃO VERMELHO,,3154705,Ribeirão Vermelho,nombre_exacto,,3154705,True,2018|2022
MG,50954,RIO ACIMA,,3154804,Rio Acima,nombre_exacto,,3154804,True,2018|2022
MG,50970,RIO CASCA,,3154903,Rio Casca,nombre_exacto,,3154903,True,2018|2022
MG,50997,RIO DOCE,,3155009,Rio Doce,nombre_exacto,,3155009,True,2018|2022
MG,51012,RIO DO PRADO,,3155108,Rio do Prado,nombre_exacto,,3155108,True,2018|2022
MG,51039,RIO ESPERA,,3155207,Rio Espera,nombre_exacto,,3155207,True,2018|2022
MG,51055,RIO MANSO,,3155306,Rio Manso,nombre_exacto,,3155306,True,2018|2022
MG,51071,RIO NOVO,,3155405,Rio Novo,nombre_exacto,,3155405,True,2018|2022
MG,51098,RIO PARANAÍBA,,3155504,Rio Paranaíba,nombre_exacto,,3155504,True,2018|2022
MG,51110,RIO PARDO DE MINAS,,3155603,Rio Pardo de Minas,nombre_exacto,,3155603,True,2018|2022
MG,51136,RIO PIRACICABA,,3155702,Rio Piracicaba,nombre_exacto,,3155702,True,2018|2022
MG,51152,RIO POMBA,,3155801,Rio Pomba,nombre_exacto,,3155801,True,2018|2022
MG,51179,RIO PRETO,,3155900,Rio Preto,nombre_exacto,,3155900,True,2018|2022
MG,51195,RIO VERMELHO,,3156007,Rio Vermelho,nombre_exacto,,3156007,True,2018|2022
MG,51217,RITÁPOLIS,,3156106,Ritápolis,nombre_exacto,,3156106,True,2018|2022
MG,51233,ROCHEDO DE MINAS,,3156205,Rochedo de Minas,nombre_exacto,,3156205,True,2018|2022
MG,51250,RODEIRO,,3156304,Rodeiro,nombre_exacto,,3156304,True,2018|2022
MG,51276,ROMARIA,,3156403,Romaria,nombre_exacto,,3156403,True,2018|2022
MG,51292,RUBELITA,,3156502,Rubelita,nombre_exacto,,3156502,True,2018|2022
MG,51314,RUBIM,,3156601,Rubim,nombre_exacto,,3156601,True,2018|2022
MG,51330,SABARÁ,,3156700,Sabará,nombre_exacto,,3156700,True,2018|2022
MG,51357,SABINÓPOLIS,,3156809,Sabinópolis,nombre_exacto,,3156809,True,2018|2022
MG,51373,SACRAMENTO,,3156908,Sacramento,nombre_exacto,,3156908,True,2018|2022
MG,51390,SALINAS,,3157005,Salinas,nombre_exacto,,3157005,True,2018|2022
MG,51411,SALTO DA DIVISA,,3157104,Salto da Divisa,nombre_exacto,,3157104,True,2018|2022
MG,51438,SANTA BÁRBARA,,3157203,Santa Bárbara,nombre_exacto,,3157203,True,2018|2022
MG,51454,SANTA BÁRBARA DO TUGÚRIO,,3157302,Santa Bárbara do Tugúrio,nombre_exacto,,3157302,True,2018|2022
MG,51470,SANTA CRUZ DO ESCALVADO,,3157401,Santa Cruz do Escalvado,nombre_exacto,,3157401,True,2018|2022
MG,51497,SANTA EFIGÊNIA DE MINAS,,3157500,Santa Efigênia de Minas,nombre_exacto,,3157500,True,2018|2022
MG,51519,SANTA FÉ DE MINAS,,3157609,Santa Fé de Minas,nombre_exacto,,3157609,True,2018|2022
MG,51535,SANTA JULIANA,,3157708,Santa Juliana,nombre_exacto,,3157708,True,2018|2022
MG,51551,SANTA LUZIA,,3157807,Santa Luzia,nombre_exacto,,3157807,True,2018|2022
MG,51578,SANTA MARGARIDA,,3157906,Santa Margarida,nombre_exacto,,3157906,True,2018|2022
MG,51594,SANTA MARIA DE ITABIRA,,3158003,Santa Maria de Itabira,nombre_exacto,,3158003,True,2018|2022
MG,51616,SANTA MARIA DO SALTO,,3158102,Santa Maria do Salto,nombre_exacto,,3158102,True,2018|2022
MG,51632,SANTA MARIA DO SUAÇUÍ,,3158201,Santa Maria do Suaçuí,nombre_exacto,,3158201,True,2018|2022
MG,51659,SANTANA DA VARGEM,,3158300,Santana da Vargem,nombre_exacto,,3158300,True,2018|2022
MG,51675,SANTANA DE CATAGUASES,,3158409,Santana de Cataguases,nombre_exacto,,3158409,True,2018|2022
MG,51691,SANTANA DE PIRAPAMA,,3158508,Santana de Pirapama,nombre_exacto,,3158508,True,2018|2022
MG,51713,SANTANA DO DESERTO,,3158607,Santana do Deserto,nombre_exacto,,3158607,True,2018|2022
MG,51730,SANTANA DO GARAMBÉU,,3158706,Santana do Garambéu,nombre_exacto,,3158706,True,2018|2022
MG,51756,SANTANA DO JACARÉ,,3158805,Santana do Jacaré,nombre_exacto,,3158805,True,2018|2022
MG,51772,SANTANA DO MANHUAÇU,,3158904,Santana do Manhuaçu,nombre_exacto,,3158904,True,2018|2022
MG,51799,SANTANA DO RIACHO,,3159001,Santana do Riacho,nombre_exacto,,3159001,True,2018|2022
MG,51810,SANTANA DOS MONTES,,3159100,Santana dos Montes,nombre_exacto,,3159100,True,2018|2022
MG,51837,SANTA RITA DE CALDAS,,3159209,Santa Rita de Caldas,nombre_exacto,,3159209,True,2018|2022
MG,51853,SANTA RITA DE JACUTINGA,,3159308,Santa Rita de Jacutinga,nombre_exacto,,3159308,True,2018|2022
MG,51870,SANTA RITA DE IBITIPOCA,,3159407,Santa Rita de Ibitipoca,nombre_exacto,,3159407,True,2018|2022
MG,51896,SANTA RITA DO ITUETO,,3159506,Santa Rita do Itueto,nombre_exacto,,3159506,True,2018|2022
MG,51918,SANTA RITA DO SAPUCAÍ,,3159605,Santa Rita do Sapucaí,nombre_exacto,,3159605,True,2018|2022
MG,51934,SANTA ROSA DA SERRA,,3159704,Santa Rosa da Serra,nombre_exacto,,3159704,True,2018|2022
MG,51950,SANTA VITÓRIA,,3159803,Santa Vitória,nombre_exacto,,3159803,True,2018|2022
MG,51977,SANTO ANTÔNIO DO AMPARO,,3159902,Santo Antônio do Amparo,nombre_exacto,,3159902,True,2018|2022
MG,51993,SANTO ANTÔNIO DO AVENTUREIRO,,3160009,Santo Antônio do Aventureiro,nombre_exacto,,3160009,True,2018|2022
MG,52019,SANTO ANTÔNIO DO GRAMA,,3160108,Santo Antônio do Grama,nombre_exacto,,3160108,True,2018|2022
MG,52035,SANTO ANTÔNIO DO ITAMBÉ,,3160207,Santo Antônio do Itambé,nombre_exacto,,3160207,True,2018|2022
MG,52051,SANTO ANTÔNIO DO JACINTO,,3160306,Santo Antônio do Jacinto,nombre_exacto,,3160306,True,2018|2022
MG,52078,SANTO ANTÔNIO DO MONTE,,3160405,Santo Antônio do Monte,nombre_exacto,,3160405,True,2018|2022
MG,52094,SANTO ANTÔNIO DO RIO ABAIXO,,3160504,Santo Antônio do Rio Abaixo,nombre_exacto,,3160504,True,2018|2022
MG,52116,SANTO HIPÓLITO,,3160603,Santo Hipólito,nombre_exacto,,3160603,True,2018|2022
MG,52132,SANTOS DUMONT,,3160702,Santos Dumont,nombre_exacto,,3160702,True,2018|2022
MG,52159,SÃO BENTO ABADE,,3160801,São Bento Abade,nombre_exacto,,3160801,True,2018|2022
MG,52175,SÃO BRÁS DO SUAÇUÍ,,3160900,São Brás do Suaçuí,nombre_exacto,,3160900,True,2018|2022
MG,52191,SÃO DOMINGOS DO PRATA,,3161007,São Domingos do Prata,nombre_exacto,,3161007,True,2018|2022
MG,52213,SÃO FRANCISCO,,3161106,São Francisco,nombre_exacto,,3161106,True,2018|2022
MG,52230,SÃO FRANCISCO DE PAULA,,3161205,São Francisco de Paula,nombre_exacto,,3161205,True,2018|2022
MG,52256,SÃO FRANCISCO DE SALES,,3161304,São Francisco de Sales,nombre_exacto,,3161304,True,2018|2022
MG,52272,SÃO FRANCISCO DO GLÓRIA,,3161403,São Francisco do Glória,nombre_exacto,,3161403,True,2018|2022
MG,52299,SÃO GERALDO,,3161502,São Geraldo,nombre_exacto,,3161502,True,2018|2022
MG,52310,SÃO GERALDO DA PIEDADE,,3161601,São Geraldo da Piedade,nombre_exacto,,3161601,True,2018|2022
MG,52337,SÃO GONÇALO DO ABAETÉ,,3161700,São Gonçalo do Abaeté,nombre_exacto,,3161700,True,2018|2022
MG,52353,SÃO GONÇALO DO PARÁ,,3161809,São Gonçalo do Pará,nombre_exacto,,3161809,True,2018|2022
MG,52370,SÃO GONÇALO DO RIO ABAIXO,,3161908,São Gonçalo do Rio Abaixo,nombre_exacto,,3161908,True,2018|2022
MG,52396,SÃO GONÇALO DO SAPUCAÍ,,3162005,São Gonçalo do Sapucaí,nombre_exacto,,3162005,True,2018|2022
MG,52418,SÃO GOTARDO,,3162104,São Gotardo,nombre_exacto,,3162104,True,2018|2022
MG,52434,SÃO JOÃO BATISTA DO GLÓRIA,,3162203,São João Batista do Glória,nombre_exacto,,3162203,True,2018|2022
MG,52450,SÃO JOÃO DA MATA,,3162302,São João da Mata,nombre_exacto,,3162302,True,2018|2022
MG,52477,SÃO JOÃO DA PONTE,,3162401,São João da Ponte,nombre_exacto,,3162401,True,2018|2022
MG,52493,SÃO JOÃO DEL REI,,3162500,São João del Rei,nombre_exacto,,3162500,True,2018|2022
MG,52515,SÃO JOÃO DO ORIENTE,,3162609,São João do Oriente,nombre_exacto,,3162609,True,2018|2022
MG,52531,SÃO JOÃO DO PARAÍSO,,3162708,São João do Paraíso,nombre_exacto,,3162708,True,2018|2022
MG,52558,SÃO JOÃO EVANGELISTA,,3162807,São João Evangelista,nombre_exacto,,3162807,True,2018|2022
MG,52574,SÃO JOÃO NEPOMUCENO,,3162906,São João Nepomuceno,nombre_exacto,,3162906,True,2018|2022
MG,52590,SÃO JOSÉ DA SAFIRA,,3163003,São José da Safira,nombre_exacto,,3163003,True,2018|2022
MG,52612,SÃO JOSÉ DA VARGINHA,,3163102,São José da Varginha,nombre_exacto,,3163102,True,2018|2022
MG,52639,SÃO JOSÉ DO ALEGRE,,3163201,São José do Alegre,nombre_exacto,,3163201,True,2018|2022
MG,52655,SÃO JOSÉ DO DIVINO,,3163300,São José do Divino,nombre_exacto,,3163300,True,2018|2022
MG,52671,SÃO JOSÉ DO GOIABAL,,3163409,São José do Goiabal,nombre_exacto,,3163409,True,2018|2022
MG,52698,SÃO JOSÉ DO JACURI,,3163508,São José do Jacuri,nombre_exacto,,3163508,True,2018|2022
MG,52710,SÃO JOSÉ DO MANTIMENTO,,3163607,São José do Mantimento,nombre_exacto,,3163607,True,2018|2022
MG,52736,SÃO LOURENÇO,,3163706,São Lourenço,nombre_exacto,,3163706,True,2018|2022
MG,52752,SÃO MIGUEL DO ANTA,,3163805,São Miguel do Anta,nombre_exacto,,3163805,True,2018|2022
MG,52779,SÃO PEDRO DA UNIÃO,,3163904,São Pedro da União,nombre_exacto,,3163904,True,2018|2022
MG,52795,SÃO PEDRO DOS FERROS,,3164001,São Pedro dos Ferros,nombre_exacto,,3164001,True,2018|2022
MG,52817,SÃO PEDRO DO SUAÇUÍ,,3164100,São Pedro do Suaçuí,nombre_exacto,,3164100,True,2018|2022
MG,52833,SÃO ROMÃO,,3164209,São Romão,nombre_exacto,,3164209,True,2018|2022
MG,52850,SÃO ROQUE DE MINAS,,3164308,São Roque de Minas,nombre_exacto,,3164308,True,2018|2022
MG,52876,SÃO SEBASTIÃO DA BELA VISTA,,3164407,São Sebastião da Bela Vista,nombre_exacto,,3164407,True,2018|2022
MG,52892,SÃO SEBASTIÃO DO MARANHÃO,,3164506,São Sebastião do Maranhão,nombre_exacto,,3164506,True,2018|2022
MG,52914,SÃO SEBASTIÃO DO OESTE,,3164605,São Sebastião do Oeste,nombre_exacto,,3164605,True,2018|2022
MG,52930,SÃO SEBASTIÃO DO PARAÍSO,,3164704,São Sebastião do Paraíso,nombre_exacto,,3164704,True,2018|2022
MG,52957,SÃO SEBASTIÃO DO RIO PRETO,,3164803,São Sebastião do Rio Preto,nombre_exacto,,3164803,True,2018|2022
MG,52973,SÃO SEBASTIÃO DO RIO VERDE,,3164902,São Sebastião do Rio Verde,nombre_exacto,,3164902,True,2018|2022
MG,52990,SÃO TIAGO,,3165008,São Tiago,nombre_exacto,,3165008,True,2018|2022
MG,53015,SÃO TOMÁS DE AQUINO,,3165107,São Tomás de Aquino,nombre_exacto,,3165107,True,2018|2022
MG,53031,SÃO THOMÉ DAS LETRAS,,3165206,São Tomé das Letras,nombre_aproximado,,3165206,True,2018|2022
MG,53058,SÃO VICENTE DE MINAS,,3165305,São Vicente de Minas,nombre_exacto,,3165305,True,2018|2022
MG,53074,SAPUCAÍ-MIRIM,,3165404,Sapucaí-Mirim,nombre_exacto,,3165404,True,2018|2022
MG,53090,SARDOÁ,,3165503,Sardoá,nombre_exacto,,3165503,True,2018|2022
MG,53112,SENADOR CORTES,,3165602,Senador Cortes,nombre_exacto,,3165602,True,2018|2022
MG,53139,SENADOR FIRMINO,,3165701,Senador Firmino,nombre_exacto,,3165701,True,2018|2022
MG,53155,SENADOR JOSÉ BENTO,,3165800,Senador José Bento,nombre_exacto,,3165800,True,2018|2022
MG,53171,SENADOR MODESTINO GONÇALVES,,3165909,Senador Modestino Gonçalves,nombre_exacto,,3165909,True,2018|2022
MG,53198,SENHORA DE OLIVEIRA,,3166006,Senhora de Oliveira,nombre_exacto,,3166006,True,2018|2022
MG,53210,SENHORA DO PORTO,,3166105,Senhora do Porto,nombre_exacto,,3166105,True,2018|2022
MG,53236,SENHORA DOS REMÉDIOS,,3166204,Senhora dos Remédios,nombre_exacto,,3166204,True,2018|2022
MG,53252,SERICITA,,3166303,Sericita,nombre_exacto,,3166303,True,2018|2022
MG,53279,SERITINGA,,3166402,Seritinga,nombre_exacto,,3166402,True,2018|2022
MG,53295,SERRA AZUL DE MINAS,,3166501,Serra Azul de Minas,nombre_exacto,,3166501,True,2018|2022
MG,53317,SERRA DA SAUDADE,,3166600,Serra da Saudade,nombre_exacto,,3166600,True,2018|2022
MG,53333,SERRA DOS AIMORÉS,,3166709,Serra dos Aimorés,nombre_exacto,,3166709,True,2018|2022
MG,53350,SERRA DO SALITRE,,3166808,Serra do Salitre,nombre_exacto,,3166808,True,2018|2022
MG,53376,SERRANIA,,3166907,Serrania,nombre_exacto,,3166907,True,2018|2022
MG,53392,SERRANOS,,3167004,Serranos,nombre_exacto,,3167004,True,2018|2022
MG,53414,SERRO,,3167103,Serro,nombre_exacto,,3167103,True,2018|2022
MG,53430,SETE LAGOAS,,3167202,Sete Lagoas,nombre_exacto,,3167202,True,2018|2022
MG,53457,SILVEIRÂNIA,,3167301,Silveirânia,nombre_exacto,,3167301,True,2018|2022
MG,53473,SILVIANÓPOLIS,,3167400,Silvianópolis,nombre_exacto,,3167400,True,2018|2022
MG,53490,SIMÃO PEREIRA,,3167509,Simão Pereira,nombre_exacto,,3167509,True,2018|2022
MG,53511,SIMONÉSIA,,3167608,Simonésia,nombre_exacto,,3167608,True,2018|2022
MG,53538,SOBRÁLIA,,3167707,Sobrália,nombre_exacto,,3167707,True,2018|2022
MG,53554,SOLEDADE DE MINAS,,3167806,Soledade de Minas,nombre_exacto,,3167806,True,2018|2022
MG,53570,TABULEIRO,,3167905,Tabuleiro,nombre_exacto,,3167905,True,2018|2022
MG,53597,TAIOBEIRAS,,3168002,Taiobeiras,nombre_exacto,,3168002,True,2018|2022
MG,53619,TAPIRA,,3168101,Tapira,nombre_exacto,,3168101,True,2018|2022
MG,53635,TAPIRAÍ,,3168200,Tapiraí,nombre_exacto,,3168200,True,2018|2022
MG,53651,TAQUARAÇU DE MINAS,,3168309,Taquaraçu de Minas,nombre_exacto,,3168309,True,2018|2022
MG,53678,TARUMIRIM,,3168408,Tarumirim,nombre_exacto,,3168408,True,2018|2022
MG,53694,TEIXEIRAS,,3168507,Teixeiras,nombre_exacto,,3168507,True,2018|2022
MG,53716,TEÓFILO OTONI,,3168606,Teófilo Otoni,nombre_exacto,,3168606,True,2018|2022
MG,53732,TIMÓTEO,,3168705,Timóteo,nombre_exacto,,3168705,True,2018|2022
MG,53759,TIRADENTES,,3168804,Tiradentes,nombre_exacto,,3168804,True,2018|2022
MG,53775,TIROS,,3168903,Tiros,nombre_exacto,,3168903,True,2018|2022
MG,53791,TOCANTINS,,3169000,Tocantins,nombre_exacto,,3169000,True,2018|2022
MG,53813,TOLEDO,,3169109,Toledo,nombre_exacto,,3169109,True,2018|2022
MG,53830,TOMBOS,,3169208,Tombos,nombre_exacto,,3169208,True,2018|2022
MG,53856,TRÊS CORAÇÕES,,3169307,Três Corações,nombre_exacto,,3169307,True,2018|2022
MG,53872,TRÊS PONTAS,,3169406,Três Pontas,nombre_exacto,,3169406,True,2018|2022
MG,53899,TUMIRITINGA,,3169505,Tumiritinga,nombre_exacto,,3169505,True,2018|2022
MG,53910,TUPACIGUARA,,3169604,Tupaciguara,nombre_exacto,,3169604,True,2018|2022
MG,53937,TURMALINA,,3169703,Turmalina,nombre_exacto,,3169703,True,2018|2022
MG,53953,TURVOLÂNDIA,,3169802,Turvolândia,nombre_exacto,,3169802,True,2018|2022
MG,53970,UBÁ,,3169901,Ubá,nombre_exacto,,3169901,True,2018|2022
MG,53996,UBAÍ,,3170008,Ubaí,nombre_exacto,,3170008,True,2018|2022
MG,54011,UBERABA,,3170107,Uberaba,nombre_exacto,,3170107,True,2018|2022
MG,54038,UBERLÂNDIA,,3170206,Uberlândia,nombre_exacto,,3170206,True,2018|2022
MG,54054,UMBURATIBA,,3170305,Umburatiba,nombre_exacto,,3170305,True,2018|2022
MG,54070,UNAÍ,,3170404,Unaí,nombre_exacto,,3170404,True,2018|2022
MG,54097,URUCÂNIA,,3170503,Urucânia,nombre_exacto,,3170503,True,2018|2022
MG,54119,VARGEM BONITA,,3170602,Vargem Bonita,nombre_exacto,,3170602,True,2018|2022
MG,54135,VARGINHA,,3170701,Varginha,nombre_exacto,,3170701,True,2018|2022
MG,54151,VÁRZEA DA PALMA,,3170800,Várzea da Palma,nombre_exacto,,3170800,True,2018|2022
MG,54178,VARZELÂNDIA,,3170909,Varzelândia,nombre_exacto,,3170909,True,2018|2022
MG,54194,VAZANTE,,3171006,Vazante,nombre_exacto,,3171006,True,2018|2022
MG,54216,WENCESLAU BRAZ,,3172202,Wenceslau Braz,nombre_exacto,,3172202,True,2018|2022
MG,54232,VERÍSSIMO,,3171105,Veríssimo,nombre_exacto,,3171105,True,2018|2022
MG,54259,VESPASIANO,,3171204,Vespasiano,nombre_exacto,,3171204,True,2018|2022
MG,54275,VIÇOSA,,3171303,Viçosa,nombre_exacto,,3171303,True,2018|2022
MG,54291,VIEIRAS,,3171402,Vieiras,nombre_exacto,,3171402,True,2018|2022
MG,54313,MATHIAS LOBATO,,3171501,Mathias Lobato,nombre_exacto,,3171501,True,2018|2022
MG,54330,VIRGEM DA LAPA,,3171600,Virgem da Lapa,nombre_exacto,,3171600,True,2018|2022
MG,54356,VIRGÍNIA,,3171709,Virgínia,nombre_exacto,,3171709,True,2018|2022
MG,54372,VIRGINÓPOLIS,,3171808,Virginópolis,nombre_exacto,,3171808,True,2018|2022
MG,54399,VIRGOLÂNDIA,,3171907,Virgolândia,nombre_exacto,,3171907,True,2018|2022
MG,54410,VISCONDE DO RIO BRANCO,,3172004,Visconde do Rio Branco,nombre_exacto,,3172004,True,2018|2022
MG,54437,VOLTA GRANDE,,3172103,Volta Grande,nombre_exacto,,3172103,True,2018|2022
MG,54453,ITAÚ DE MINAS,,3133758,Itaú de Minas,nombre_exacto,,3133758,True,2018|2022
MS,55000,NOVA ALVORADA DO SUL,,5006002,Nova Alvorada do Sul,nombre_exacto,,5006002,True,2018|2022
MS,55018,ALCINÓPOLIS,,5000252,Alcinópolis,nombre_exacto,,5000252,True,2018|2022
MS,55026,LAGUNA CARAPÃ,,5005251,Laguna Carapã,nombre_exacto,,5005251,True,2018|2022
MS,55034,JAPORÃ,,5004809,Japorã,nombre_exacto,,5004809,True,2018|2022
MS,55042,NOVO HORIZONTE DO SUL,,5006259,Novo Horizonte do Sul,nombre_exacto,,5006259,True,2018|2022
MS,55050,PARAÍSO DAS ÁGUAS,,5006275,Paraíso das Águas,nombre_exacto,,5006275,True,2018|2022
MS,55069,FIGUEIRÃO,,5003900,Figueirão,nombre_exacto,,5003900,True,2018|2022
MS,90034,ÁGUA CLARA,,5000203,Água Clara,nombre_exacto,,5000203,True,2018|2022
MS,90115,AMAMBAI,,5000609,Amambai,nombre_exacto,,5000609,True,2018|2022
MS,90131,ANASTÁCIO,,5000708,Anastácio,nombre_exacto,,5000708,True,2018|2022
MS,90158,ANAURILÂNDIA,,5000807,Anaurilândia,nombre_exacto,,5000807,True,2018|2022
MS,90174,ANTÔNIO JOÃO,,5000906,Antônio João,nombre_exacto,,5000906,True,2018|2022
MS,90190,APARECIDA DO TABOADO,,5001003,Aparecida do Taboado,nombre_exacto,,5001003,True,2018|2022
MS,90212,AQUIDAUANA,,5001102,Aquidauana,nombre_exacto,,5001102,True,2018|2022
MS,90298,BANDEIRANTES,,5001508,Bandeirantes,nombre_exacto,,5001508,True,2018|2022
MS,90379,BATAGUASSU,,5001904,Bataguassu,nombre_exacto,,5001904,True,2018|2022
MS,90395,BATAYPORÃ,,5002001,Batayporã,nombre_exacto,,5002001,True,2018|2022
MS,90417,BELA VISTA,,5002100,Bela Vista,nombre_exacto,,5002100,True,2018|2022
MS,90433,BONITO,,5002209,Bonito,nombre_exacto,,5002209,True,2018|2022
MS,90450,BRASILÂNDIA,,5002308,Brasilândia,nombre_exacto,,5002308,True,2018|2022
MS,90492,CAMAPUÃ,,5002605,Camapuã,nombre_exacto,,5002605,True,2018|2022
MS,90514,CAMPO GRANDE,,5002704,Campo Grande,nombre_exacto,,5002704,True,2018|2022
MS,90530,CARACOL,,5002803,Caracol,nombre_exacto,,5002803,True,2018|2022
MS,90557,CAARAPÓ,,5002407,Caarapó,nombre_exacto,,5002407,True,2018|2022
MS,90573,CASSILÂNDIA,,5002902,Cassilândia,nombre_exacto,,5002902,True,2018|2022
MS,90611,CORGUINHO,,5003108,Corguinho,nombre_exacto,,5003108,True,2018|2022
MS,90638,CORUMBÁ,,5003207,Corumbá,nombre_exacto,,5003207,True,2018|2022
MS,90654,COXIM,,5003306,Coxim,nombre_exacto,,5003306,True,2018|2022
MS,90735,DOURADOS,,5003702,Dourados,nombre_exacto,,5003702,True,2018|2022
MS,90751,FÁTIMA DO SUL,,5003801,Fátima do Sul,nombre_exacto,,5003801,True,2018|2022
MS,90794,GLÓRIA DE DOURADOS,,5004007,Glória de Dourados,nombre_exacto,,5004007,True,2018|2022
MS,90816,GUIA LOPES DA LAGUNA,,5004106,Guia Lopes da Laguna,nombre_exacto,,5004106,True,2018|2022
MS,90859,IGUATEMI,,5004304,Iguatemi,nombre_exacto,,5004304,True,2018|2022
MS,90875,INOCÊNCIA,,5004403,Inocência,nombre_exacto,,5004403,True,2018|2022
MS,90891,ITAPORÃ,,5004502,Itaporã,nombre_exacto,,5004502,True,2018|2022
MS,90930,IVINHEMA,,5004700,Ivinhema,nombre_exacto,,5004700,True,2018|2022
MS,90972,JARAGUARI,,5004908,Jaraguari,nombre_exacto,,5004908,True,2018|2022
MS,90999,JARDIM,,5005004,Jardim,nombre_exacto,,5005004,True,2018|2022
MS,91014,JATEÍ,,5005103,Jateí,nombre_exacto,,5005103,True,2018|2022
MS,91030,LADÁRIO,,5005202,Ladário,nombre_exacto,,5005202,True,2018|2022
MS,91073,MARACAJU,,5005400,Maracaju,nombre_exacto,,5005400,True,2018|2022
MS,91111,MIRANDA,,5005608,Miranda,nombre_exacto,,5005608,True,2018|2022
MS,91138,NAVIRAÍ,,5005707,Naviraí,nombre_exacto,,5005707,True,2018|2022
MS,91154,NIOAQUE,,5005806,Nioaque,nombre_exacto,,5005806,True,2018|2022
MS,91235,NOVA ANDRADINA,,5006200,Nova Andradina,nombre_exacto,,5006200,True,2018|2022
MS,91251,PARANAÍBA,,5006309,Paranaíba,nombre_exacto,,5006309,True,2018|2022
MS,91278,PEDRO GOMES,,5006408,Pedro Gomes,nombre_exacto,,5006408,True,2018|2022
MS,91316,PONTA PORÃ,,5006606,Ponta Porã,nombre_exacto,,5006606,True,2018|2022
MS,91375,PORTO MURTINHO,,5006903,Porto Murtinho,nombre_exacto,,5006903,True,2018|2022
MS,91413,RIBAS DO RIO PARDO,,5007109,Ribas do Rio Pardo,nombre_exacto,,5007109,True,2018|2022
MS,91430,RIO BRILHANTE,,5007208,Rio Brilhante,nombre_exacto,,5007208,True,2018|2022
MS,91456,RIO NEGRO,,5007307,Rio Negro,nombre_exacto,,5007307,True,2018|2022
MS,91472,RIO VERDE DE MATO GROSSO,,5007406,Rio Verde de Mato Grosso,nombre_exacto,,5007406,True,2018|2022
MS,91499,ROCHEDO,,5007505,Rochedo,nombre_exacto,,5007505,True,2018|2022
MS,91570,SIDROLÂNDIA,,5007901,Sidrolândia,nombre_exacto,,5007901,True,2018|2022
MS,91596,TERENOS,,5008008,Terenos,nombre_exacto,,5008008,True,2018|2022
MS,91650,TRÊS LAGOAS,,5008305,Três Lagoas,nombre_exacto,,5008305,True,2018|2022
MS,91693,ANGÉLICA,,5000856,Angélica,nombre_exacto,,5000856,True,2018|2022
MS,91715,ARAL MOREIRA,,5001243,Aral Moreira,nombre_exacto,,5001243,True,2018|2022
MS,91731,ELDORADO,,5003751,Eldorado,nombre_exacto,,5003751,True,2018|2022
MS,91758,DEODÁPOLIS,,5003454,Deodápolis,nombre_exacto,,5003454,True,2018|2022
MS,91782,CHAPADÃO DO SUL,,5002951,Chapadão do Sul,nombre_exacto,,5002951,True,2018|2022
MS,91790,MUNDO NOVO,,5005681,Mundo Novo,nombre_exacto,,5005681,True,2018|2022
MS,91804,DOIS IRMÃOS DO BURITI,,5003488,Dois Irmãos do Buriti,nombre_exacto,,5003488,True,2018|2022
MS,91820,JUTI,,5005152,Juti,nombre_exacto,,5005152,True,2018|2022
MS,91847,PARANHOS,,5006358,Paranhos,nombre_exacto,,5006358,True,2018|2022
MS,91863,SANTA RITA DO PARDO,,5007554,Santa Rita do Pardo,nombre_exacto,,5007554,True,2018|2022
MS,91880,SONORA,,5007935,Sonora,nombre_exacto,,5007935,True,2018|2022
MS,91901,VICENTINA,,5008404,Vicentina,nombre_exacto,,5008404,True,2018|2022
MS,98019,BODOQUENA,,5002159,Bodoquena,nombre_exacto,,5002159,True,2018|2022
MS,98035,COSTA RICA,,5003256,Costa Rica,nombre_exacto,,5003256,True,2018|2022
MS,98051,DOURADINA,,5003504,Douradina,nombre_exacto,,5003504,True,2018|2022
MS,98078,ITAQUIRAÍ,,5004601,Itaquiraí,nombre_exacto,,5004601,True,2018|2022
MS,98094,SÃO GABRIEL DO OESTE,,5007695,São Gabriel do Oeste,nombre_exacto,,5007695,True,2018|2022
MS,98116,SELVÍRIA,,5007802,Selvíria,nombre_exacto,,5007802,True,2018|2022
MS,98132,SETE QUEDAS,,5007703,Sete Quedas,nombre_exacto,,5007703,True,2018|2022
MS,98159,TACURU,,5007950,Tacuru,nombre_exacto,,5007950,True,2018|2022
MS,98175,TAQUARUSSU,,5007976,Taquarussu,nombre_exacto,,5007976,True,2018|2022
MS,98590,CORONEL SAPUCAIA,,5003157,Coronel Sapucaia,nombre_exacto,,5003157,True,2018|2022
MT,89788,COLNIZA,,5103254,Colniza,nombre_exacto,,5103254,True,2018|2022
MT,89796,COLÍDER,,5103205,Colíder,nombre_exacto,,5103205,True,2018|2022
MT,89800,CURVELÂNDIA,,5103437,Curvelândia,nombre_exacto,,5103437,True,2018|2022
MT,89818,NOVA BRASILÂNDIA,,5106208,Nova Brasilândia,nombre_exacto,,5106208,True,2018|2022
MT,89826,NOVA SANTA HELENA,,5106190,Nova Santa Helena,nombre_exacto,,5106190,True,2018|2022
MT,89834,PARANATINGA,,5106307,Paranatinga,nombre_exacto,,5106307,True,2018|2022
MT,89843,SANTO ANTÔNIO DO LESTE,,5107792,Santo Antônio do Leste,nombre_exacto,,5107792,True,2018|2022
MT,89850,SINOP,,5107909,Sinop,nombre_exacto,,5107909,True,2018|2022
MT,89877,ALTA FLORESTA,,5100250,Alta Floresta,nombre_exacto,,5100250,True,2018|2022
MT,89893,ARAPUTANGA,,5101258,Araputanga,nombre_exacto,,5101258,True,2018|2022
MT,89915,JAURU,,5105002,Jauru,nombre_exacto,,5105002,True,2018|2022
MT,89931,SÃO JOSÉ DOS QUATRO MARCOS,,5107107,São José dos Quatro Marcos,nombre_exacto,,5107107,True,2018|2022
MT,89958,RIO BRANCO,,5107206,Rio Branco,nombre_exacto,,5107206,True,2018|2022
MT,89960,RONDOLÂNDIA,,5107578,Rondolândia,nombre_exacto,,5107578,True,2018|2022
MT,89974,SALTO DO CÉU,,5107750,Salto do Céu,nombre_exacto,,5107750,True,2018|2022
MT,89990,PONTES E LACERDA,,5106752,Pontes e Lacerda,nombre_exacto,,5106752,True,2018|2022
MT,90018,ACORIZAL,,5100102,Acorizal,nombre_exacto,,5100102,True,2018|2022
MT,90026,SÃO JOSÉ DO POVO,,5107297,São José do Povo,nombre_exacto,,5107297,True,2018|2022
MT,90042,ALTO BOA VISTA,,5100359,Alto Boa Vista,nombre_exacto,,5100359,True,2018|2022
MT,90050,ALTO ARAGUAIA,,5100300,Alto Araguaia,nombre_exacto,,5100300,True,2018|2022
MT,90069,QUERÊNCIA,,5107065,Querência,nombre_exacto,,5107065,True,2018|2022
MT,90077,ALTO GARÇAS,,5100409,Alto Garças,nombre_exacto,,5100409,True,2018|2022
MT,90085,CANABRAVA DO NORTE,,5102694,Canabrava do Norte,nombre_exacto,,5102694,True,2018|2022
MT,90093,ALTO PARAGUAI,,5100508,Alto Paraguai,nombre_exacto,,5100508,True,2018|2022
MT,90107,SANTA CARMEM,,5107248,Santa Carmem,nombre_exacto,,5107248,True,2018|2022
MT,90123,NOVA MARINGÁ,,5108907,Nova Maringá,nombre_exacto,,5108907,True,2018|2022
MT,90140,NOVA GUARITA,,5108808,Nova Guarita,nombre_exacto,,5108808,True,2018|2022
MT,90166,NOVA MARILÂNDIA,,5108857,Nova Marilândia,nombre_exacto,,5108857,True,2018|2022
MT,90182,PORTO ESTRELA,,5106851,Porto Estrela,nombre_exacto,,5106851,True,2018|2022
MT,90204,GLÓRIA D OESTE,,5103957,Glória D'Oeste,nombre_exacto,,5103957,True,2018|2022
MT,90220,TABAPORÃ,,5107941,Tabaporã,nombre_exacto,,5107941,True,2018|2022
MT,90239,ARAGUAINHA,,5101209,Araguainha,nombre_exacto,,5101209,True,2018|2022
MT,90247,SÃO JOSÉ DO XINGU,,5107354,São José do Xingu,nombre_exacto,,5107354,True,2018|2022
MT,90255,ARENÁPOLIS,,5101308,Arenápolis,nombre_exacto,,5101308,True,2018|2022
MT,90263,APIACÁS,,5100805,Apiacás,nombre_exacto,,5100805,True,2018|2022
MT,90271,ARIPUANÃ,,5101407,Aripuanã,nombre_exacto,,5101407,True,2018|2022
MT,90280,CONFRESA,,5103353,Confresa,nombre_exacto,,5103353,True,2018|2022
MT,90301,LAMBARI D OESTE,,5105234,Lambari D'Oeste,nombre_exacto,,5105234,True,2018|2022
MT,90310,BARÃO DE MELGAÇO,,5101605,Barão de Melgaço,nombre_exacto,,5101605,True,2018|2022
MT,90328,SANTO AFONSO,,5107263,Santo Afonso,nombre_exacto,,5107263,True,2018|2022
MT,90336,BARRA DO BUGRES,,5101704,Barra do Bugres,nombre_exacto,,5101704,True,2018|2022
MT,90344,PLANALTO DA SERRA,,5106455,Planalto da Serra,nombre_exacto,,5106455,True,2018|2022
MT,90352,BARRA DO GARÇAS,,5101803,Barra do Garças,nombre_exacto,,5101803,True,2018|2022
MT,90360,NOVA MONTE VERDE,,5108956,Nova Monte Verde,nombre_exacto,,5108956,True,2018|2022
MT,90387,NOVA BANDEIRANTES,,5106158,Nova Bandeirantes,nombre_exacto,,5106158,True,2018|2022
MT,90409,SÃO PEDRO DA CIPA,,5107404,São Pedro da Cipa,nombre_exacto,,5107404,True,2018|2022
MT,90425,COTRIGUAÇU,,5103379,Cotriguaçu,nombre_exacto,,5103379,True,2018|2022
MT,90441,RIBEIRÃOZINHO,,5107198,Ribeirãozinho,nombre_exacto,,5107198,True,2018|2022
MT,90468,BRASNORTE,,5101902,Brasnorte,nombre_exacto,,5101902,True,2018|2022
MT,90476,CÁCERES,,5102504,Cáceres,nombre_exacto,,5102504,True,2018|2022
MT,90484,CAMPO NOVO DO PARECIS,,5102637,Campo Novo do Parecis,nombre_exacto,,5102637,True,2018|2022
MT,90506,CAMPO VERDE,,5102678,Campo Verde,nombre_exacto,,5102678,True,2018|2022
MT,90522,CLÁUDIA,,5103056,Cláudia,nombre_exacto,,5103056,True,2018|2022
MT,90549,CASTANHEIRA,,5102850,Castanheira,nombre_exacto,,5102850,True,2018|2022
MT,90565,JANGADA,,5104906,Jangada,nombre_exacto,,5104906,True,2018|2022
MT,90581,JURUENA,,5105176,Juruena,nombre_exacto,,5105176,True,2018|2022
MT,90590,CHAPADA DOS GUIMARÃES,,5103007,Chapada dos Guimarães,nombre_exacto,,5103007,True,2018|2022
MT,90603,LUCAS DO RIO VERDE,,5105259,Lucas do Rio Verde,nombre_exacto,,5105259,True,2018|2022
MT,90620,MATUPÁ,,5105606,Matupá,nombre_exacto,,5105606,True,2018|2022
MT,90646,NOVA MUTUM,,5106224,Nova Mutum,nombre_exacto,,5106224,True,2018|2022
MT,90662,RIBEIRÃO CASCALHEIRA,,5107180,Ribeirão Cascalheira,nombre_exacto,,5107180,True,2018|2022
MT,90670,CUIABÁ,,5103403,Cuiabá,nombre_exacto,,5103403,True,2018|2022
MT,90689,TAPURAH,,5108006,Tapurah,nombre_exacto,,5108006,True,2018|2022
MT,90697,DIAMANTINO,,5103502,Diamantino,nombre_exacto,,5103502,True,2018|2022
MT,90700,PONTAL DO ARAGUAIA,,5106653,Pontal do Araguaia,nombre_exacto,,5106653,True,2018|2022
MT,90719,DOM AQUINO,,5103601,Dom Aquino,nombre_exacto,,5103601,True,2018|2022
MT,90727,SAPEZAL,,5107875,Sapezal,nombre_exacto,,5107875,True,2018|2022
MT,90743,CAMPOS DE JÚLIO,,5102686,Campos de Júlio,nombre_exacto,,5102686,True,2018|2022
MT,90760,CARLINDA,,5102793,Carlinda,nombre_exacto,,5102793,True,2018|2022
MT,90778,GENERAL CARNEIRO,,5103908,General Carneiro,nombre_exacto,,5103908,True,2018|2022
MT,90786,FELIZ NATAL,,5103700,Feliz Natal,nombre_exacto,,5103700,True,2018|2022
MT,90808,NOVO MUNDO,,5106265,Novo Mundo,nombre_exacto,,5106265,True,2018|2022
MT,90824,GAÚCHA DO NORTE,,5103858,Gaúcha do Norte,nombre_exacto,,5103858,True,2018|2022
MT,90832,GUIRATINGA,,5104203,Guiratinga,nombre_exacto,,5104203,True,2018|2022
MT,90840,UNIÃO DO SUL,,5108303,União do Sul,nombre_exacto,,5108303,True,2018|2022
MT,90867,NOVA LACERDA,,5106182,Nova Lacerda,nombre_exacto,,5106182,True,2018|2022
MT,90883,NOVA UBIRATÃ,,5106240,Nova Ubiratã,nombre_exacto,,5106240,True,2018|2022
MT,90905,BOM JESUS DO ARAGUAIA,,5101852,Bom Jesus do Araguaia,nombre_exacto,,5101852,True,2018|2022
MT,90913,ITIQUIRA,,5104609,Itiquira,nombre_exacto,,5104609,True,2018|2022
MT,90921,SERRA NOVA DOURADA,,5107883,Serra Nova Dourada,nombre_exacto,,5107883,True,2018|2022
MT,90948,NOVO SANTO ANTÔNIO,,5106315,Novo Santo Antônio,nombre_exacto,,5106315,True,2018|2022
MT,90956,JACIARA,,5104807,Jaciara,nombre_exacto,,5104807,True,2018|2022
MT,90964,NOVA NAZARÉ,,5106174,Nova Nazaré,nombre_exacto,,5106174,True,2018|2022
MT,90980,SANTA CRUZ DO XINGU,,5107743,Santa Cruz do Xingu,nombre_exacto,,5107743,True,2018|2022
MT,91006,CONQUISTA D OESTE,,5103361,Conquista D'Oeste,nombre_exacto,,5103361,True,2018|2022
MT,91022,VALE DE SÃO DOMINGOS,,5108352,Vale de São Domingos,nombre_exacto,,5108352,True,2018|2022
MT,91049,SANTA RITA DO TRIVELATO,,5107768,Santa Rita do Trivelato,nombre_exacto,,5107768,True,2018|2022
MT,91057,LUCIARA,,5105309,Luciara,nombre_exacto,,5105309,True,2018|2022
MT,91081,IPIRANGA DO NORTE,,5104526,Ipiranga do Norte,nombre_exacto,,5104526,True,2018|2022
MT,91090,VILA BELA DA SANTÍSSIMA TRINDADE,,5105507,Vila Bela da Santíssima Trindade,nombre_exacto,,5105507,True,2018|2022
MT,91103,ITANHANGÁ,,5104542,Itanhangá,nombre_exacto,,5104542,True,2018|2022
MT,91170,NOBRES,,5105903,Nobres,nombre_exacto,,5105903,True,2018|2022
MT,91197,NORTELÂNDIA,,5106000,Nortelândia,nombre_exacto,,5106000,True,2018|2022
MT,91219,NOSSA SENHORA DO LIVRAMENTO,,5106109,Nossa Senhora do Livramento,nombre_exacto,,5106109,True,2018|2022
MT,91294,POCONÉ,,5106505,Poconé,nombre_exacto,,5106505,True,2018|2022
MT,91332,PONTE BRANCA,,5106703,Ponte Branca,nombre_exacto,,5106703,True,2018|2022
MT,91359,PORTO DOS GAÚCHOS,,5106802,Porto dos Gaúchos,nombre_exacto,,5106802,True,2018|2022
MT,91391,POXORÉU,,5107008,Poxoréu,nombre_exacto,,5107008,True,2018|2022
MT,91510,RONDONÓPOLIS,,5107602,Rondonópolis,nombre_exacto,,5107602,True,2018|2022
MT,91537,ROSÁRIO OESTE,,5107701,Rosário Oeste,nombre_exacto,,5107701,True,2018|2022
MT,91553,SANTO ANTÔNIO DO LEVERGER,,5107800,Santo Antônio de Leverger,nombre_aproximado,,5107800,True,2018|2022
MT,91618,TESOURO,,5108105,Tesouro,nombre_exacto,,5108105,True,2018|2022
MT,91634,TORIXORÉU,,5108204,Torixoréu,nombre_exacto,,5108204,True,2018|2022
MT,91677,VÁRZEA GRANDE,,5108402,Várzea Grande,nombre_exacto,,5108402,True,2018|2022
MT,91774,MIRASSOL D OESTE,,5105622,Mirassol d'Oeste,nombre_exacto,,5105622,True,2018|2022
MT,91812,PEDRA PRETA,,5106372,Pedra Preta,nombre_exacto,,5106372,True,2018|2022
MT,91839,SÃO FÉLIX DO ARAGUAIA,,5107859,São Félix do Araguaia,nombre_exacto,,5107859,True,2018|2022
MT,91855,TANGARÁ DA SERRA,,5107958,Tangará da Serra,nombre_exacto,,5107958,True,2018|2022
MT,91898,JUSCIMEIRA,,5105200,Juscimeira,nombre_exacto,,5105200,True,2018|2022
MT,91910,ÁGUA BOA,,5100201,Água Boa,nombre_exacto,,5100201,True,2018|2022
MT,91936,CANARANA,,5102702,Canarana,nombre_exacto,,5102702,True,2018|2022
MT,91952,NOVA XAVANTINA,,5106257,Nova Xavantina,nombre_exacto,,5106257,True,2018|2022
MT,91979,SANTA TEREZINHA,,5107776,Santa Terezinha,nombre_exacto,,5107776,True,2018|2022
MT,91995,SÃO JOSÉ DO RIO CLARO,,5107305,São José do Rio Claro,nombre_exacto,,5107305,True,2018|2022
MT,98191,JUARA,,5105101,Juara,nombre_exacto,,5105101,True,2018|2022
MT,98310,JUÍNA,,5105150,Juína,nombre_exacto,,5105150,True,2018|2022
MT,98337,DENISE,,5103452,Denise,nombre_exacto,,5103452,True,2018|2022
MT,98612,ALTO TAQUARI,,5100607,Alto Taquari,nombre_exacto,,5100607,True,2018|2022
MT,98639,ARAGUAIANA,,5101001,Araguaiana,nombre_exacto,,5101001,True,2018|2022
MT,98655,CAMPINÁPOLIS,,5102603,Campinápolis,nombre_exacto,,5102603,True,2018|2022
MT,98671,COCALINHO,,5103106,Cocalinho,nombre_exacto,,5103106,True,2018|2022
MT,98698,ITAÚBA,,5104559,Itaúba,nombre_exacto,,5104559,True,2018|2022
MT,98710,MARCELÂNDIA,,5105580,Marcelândia,nombre_exacto,,5105580,True,2018|2022
MT,98736,NOVA OLÍMPIA,,5106232,Nova Olímpia,nombre_exacto,,5106232,True,2018|2022
MT,98752,NOVA CANAÃ DO NORTE,,5106216,Nova Canaã do Norte,nombre_exacto,,5106216,True,2018|2022
MT,98779,NOVO SÃO JOAQUIM,,5106281,Novo São Joaquim,nombre_exacto,,5106281,True,2018|2022
MT,98795,NOVO HORIZONTE DO NORTE,,5106273,Novo Horizonte do Norte,nombre_exacto,,5106273,True,2018|2022
MT,98817,PEIXOTO DE AZEVEDO,,5106422,Peixoto de Azevedo,nombre_exacto,,5106422,True,2018|2022
MT,98833,PARANAÍTA,,5106299,Paranaíta,nombre_exacto,,5106299,True,2018|2022
MT,98850,PORTO ALEGRE DO NORTE,,5106778,Porto Alegre do Norte,nombre_exacto,,5106778,True,2018|2022
MT,98876,PORTO ESPERIDIÃO,,5106828,Porto Esperidião,nombre_exacto,,5106828,True,2018|2022
MT,98892,PRIMAVERA DO LESTE,,5107040,Primavera do Leste,nombre_exacto,,5107040,True,2018|2022
MT,98914,RESERVA DO CABAÇAL,,5107156,Reserva do Cabaçal,nombre_exacto,,5107156,True,2018|2022
MT,98930,SORRISO,,5107925,Sorriso,nombre_exacto,,5107925,True,2018|2022
MT,98957,TERRA NOVA DO NORTE,,5108055,Terra Nova do Norte,nombre_exacto,,5108055,True,2018|2022
MT,98973,VERA,,5108501,Vera,nombre_exacto,,5108501,True,2018|2022
MT,98990,VILA RICA,,5108600,Vila Rica,nombre_exacto,,5108600,True,2018|2022
MT,99015,COMODORO,,5103304,Comodoro,nombre_exacto,,5103304,True,2018|2022
MT,99031,FIGUEIRÓPOLIS D OESTE,,5103809,Figueirópolis D'Oeste,nombre_exacto,,5103809,True,2018|2022
MT,99058,GUARANTÃ DO NORTE,,5104104,Guarantã do Norte,nombre_exacto,,5104104,True,2018|2022
MT,99074,INDIAVAÍ,,5104500,Indiavaí,nombre_exacto,,5104500,True,2018|2022
PA,04006,GOIANÉSIA DO PARÁ,,1503093,Goianésia do Pará,nombre_exacto,,1503093,True,2018|2022
PA,04014,ABAETETUBA,,1500107,Abaetetuba,nombre_exacto,,1500107,True,2018|2022
PA,04022,TAILÂNDIA,,1507953,Tailândia,nombre_exacto,,1507953,True,2018|2022
PA,04030,ACARÁ,,1500206,Acará,nombre_exacto,,1500206,True,2018|2022
PA,04049,BOM JESUS DO TOCANTINS,,1501576,Bom Jesus do Tocantins,nombre_exacto,,1501576,True,2018|2022
PA,04057,AFUÁ,,1500305,Afuá,nombre_exacto,,1500305,True,2018|2022
PA,04065,SÃO JOÃO DE PIRABAS,,1507474,São João de Pirabas,nombre_exacto,,1507474,True,2018|2022
PA,04073,ALENQUER,,1500404,Alenquer,nombre_exacto,,1500404,True,2018|2022
PA,04081,TUCUMÃ,,1508084,Tucumã,nombre_exacto,,1508084,True,2018|2022
PA,04090,ALMEIRIM,,1500503,Almeirim,nombre_exacto,,1500503,True,2018|2022
PA,04103,MÃE DO RIO,,1504059,Mãe do Rio,nombre_exacto,,1504059,True,2018|2022
PA,04111,ALTAMIRA,,1500602,Altamira,nombre_exacto,,1500602,True,2018|2022
PA,04120,ELDORADO DOS CARAJÁS,,1502954,Eldorado do Carajás,nombre_aproximado,,1502954,True,2018|2022
PA,04138,ANAJÁS,,1500701,Anajás,nombre_exacto,,1500701,True,2018|2022
PA,04146,SANTA LUZIA DO PARÁ,,1506559,Santa Luzia do Pará,nombre_exacto,,1506559,True,2018|2022
PA,04154,ANANINDEUA,,1500800,Ananindeua,nombre_exacto,,1500800,True,2018|2022
PA,04162,PALESTINA DO PARÁ,,1505494,Palestina do Pará,nombre_exacto,,1505494,True,2018|2022
PA,04170,AUGUSTO CORRÊA,,1500909,Augusto Corrêa,nombre_exacto,,1500909,True,2018|2022
PA,04189,IPIXUNA DO PARÁ,,1503457,Ipixuna do Pará,nombre_exacto,,1503457,True,2018|2022
PA,04197,AVEIRO,,1501006,Aveiro,nombre_exacto,,1501006,True,2018|2022
PA,04200,JACAREACANGA,,1503754,Jacareacanga,nombre_exacto,,1503754,True,2018|2022
PA,04219,BAGRE,,1501105,Bagre,nombre_exacto,,1501105,True,2018|2022
PA,04227,BRASIL NOVO,,1501725,Brasil Novo,nombre_exacto,,1501725,True,2018|2022
PA,04235,BAIÃO,,1501204,Baião,nombre_exacto,,1501204,True,2018|2022
PA,04243,SANTA BÁRBARA DO PARÁ,,1506351,Santa Bárbara do Pará,nombre_exacto,,1506351,True,2018|2022
PA,04251,BARCARENA,,1501303,Barcarena,nombre_exacto,,1501303,True,2018|2022
PA,04260,ÁGUA AZUL DO NORTE,,1500347,Água Azul do Norte,nombre_exacto,,1500347,True,2018|2022
PA,04278,BELÉM,,1501402,Belém,nombre_exacto,,1501402,True,2018|2022
PA,04286,TRAIRÃO,,1508050,Trairão,nombre_exacto,,1508050,True,2018|2022
PA,04294,BENEVIDES,,1501501,Benevides,nombre_exacto,,1501501,True,2018|2022
PA,04308,PAU D ARCO,,1505551,Pau D'Arco,nombre_exacto,,1505551,True,2018|2022
PA,04316,BONITO,,1501600,Bonito,nombre_exacto,,1501600,True,2018|2022
PA,04324,ULIANÓPOLIS,,1508126,Ulianópolis,nombre_exacto,,1508126,True,2018|2022
PA,04332,BRAGANÇA,,1501709,Bragança,nombre_exacto,,1501709,True,2018|2022
PA,04340,AURORA DO PARÁ,,1500958,Aurora do Pará,nombre_exacto,,1500958,True,2018|2022
PA,04359,BREVES,,1501808,Breves,nombre_exacto,,1501808,True,2018|2022
PA,04367,TERRA SANTA,,1507979,Terra Santa,nombre_exacto,,1507979,True,2018|2022
PA,04375,BUJARU,,1501907,Bujaru,nombre_exacto,,1501907,True,2018|2022
PA,04383,NOVO PROGRESSO,,1505031,Novo Progresso,nombre_exacto,,1505031,True,2018|2022
PA,04391,CACHOEIRA DO ARARI,,1502004,Cachoeira do Arari,nombre_exacto,,1502004,True,2018|2022
PA,04405,VITÓRIA DO XINGU,,1508357,Vitória do Xingu,nombre_exacto,,1508357,True,2018|2022
PA,04413,CAMETÁ,,1502103,Cametá,nombre_exacto,,1502103,True,2018|2022
PA,04421,NOVO REPARTIMENTO,,1505064,Novo Repartimento,nombre_exacto,,1505064,True,2018|2022
PA,04430,CAPANEMA,,1502202,Capanema,nombre_exacto,,1502202,True,2018|2022
PA,04448,BREU BRANCO,,1501782,Breu Branco,nombre_exacto,,1501782,True,2018|2022
PA,04456,CAPITÃO POÇO,,1502301,Capitão Poço,nombre_exacto,,1502301,True,2018|2022
PA,04464,SÃO DOMINGOS DO ARAGUAIA,,1507151,São Domingos do Araguaia,nombre_exacto,,1507151,True,2018|2022
PA,04472,CASTANHAL,,1502400,Castanhal,nombre_exacto,,1502400,True,2018|2022
PA,04480,NOVA ESPERANÇA DO PIRIÁ,,1504950,Nova Esperança do Piriá,nombre_exacto,,1504950,True,2018|2022
PA,04499,CHAVES,,1502509,Chaves,nombre_exacto,,1502509,True,2018|2022
PA,04502,ABEL FIGUEIREDO,,1500131,Abel Figueiredo,nombre_exacto,,1500131,True,2018|2022
PA,04510,COLARES,,1502608,Colares,nombre_exacto,,1502608,True,2018|2022
PA,04529,CUMARU DO NORTE,,1502764,Cumaru do Norte,nombre_exacto,,1502764,True,2018|2022
PA,04537,CONCEIÇÃO DO ARAGUAIA,,1502707,Conceição do Araguaia,nombre_exacto,,1502707,True,2018|2022
PA,04545,TERRA ALTA,,1507961,Terra Alta,nombre_exacto,,1507961,True,2018|2022
PA,04553,CURRALINHO,,1502806,Curralinho,nombre_exacto,,1502806,True,2018|2022
PA,04561,FLORESTA DO ARAGUAIA,,1503044,Floresta do Araguaia,nombre_exacto,,1503044,True,2018|2022
PA,04570,CURUÇÁ,,1502905,Curuçá,nombre_exacto,,1502905,True,2018|2022
PA,04588,BANNACH,,1501253,Bannach,nombre_exacto,,1501253,True,2018|2022
PA,04596,FARO,,1503002,Faro,nombre_exacto,,1503002,True,2018|2022
PA,04600,NOVA IPIXUNA,,1504976,Nova Ipixuna,nombre_exacto,,1504976,True,2018|2022
PA,04618,GURUPÁ,,1503101,Gurupá,nombre_exacto,,1503101,True,2018|2022
PA,04626,PLACAS,,1505650,Placas,nombre_exacto,,1505650,True,2018|2022
PA,04634,IGARAPÉ-AÇU,,1503200,Igarapé-Açu,nombre_exacto,,1503200,True,2018|2022
PA,04642,MARITUBA,,1504422,Marituba,nombre_exacto,,1504422,True,2018|2022
PA,04650,IGARAPÉ-MIRI,,1503309,Igarapé-Miri,nombre_exacto,,1503309,True,2018|2022
PA,04669,TRACUATEUA,,1508035,Tracuateua,nombre_exacto,,1508035,True,2018|2022
PA,04677,INHANGAPI,,1503408,Inhangapi,nombre_exacto,,1503408,True,2018|2022
PA,04685,QUATIPURU,,1506112,Quatipuru,nombre_exacto,,1506112,True,2018|2022
PA,04693,IRITUIA,,1503507,Irituia,nombre_exacto,,1503507,True,2018|2022
PA,04707,CANAÃ DOS CARAJÁS,,1502152,Canaã dos Carajás,nombre_exacto,,1502152,True,2018|2022
PA,04715,ITAITUBA,,1503606,Itaituba,nombre_exacto,,1503606,True,2018|2022
PA,04723,ANAPU,,1500859,Anapu,nombre_exacto,,1500859,True,2018|2022
PA,04731,ITUPIRANGA,,1503705,Itupiranga,nombre_exacto,,1503705,True,2018|2022
PA,04740,CURUÁ,,1502855,Curuá,nombre_exacto,,1502855,True,2018|2022
PA,04758,JACUNDÁ,,1503804,Jacundá,nombre_exacto,,1503804,True,2018|2022
PA,04766,CACHOEIRA DO PIRIÁ,,1501956,Cachoeira do Piriá,nombre_exacto,,1501956,True,2018|2022
PA,04774,JURUTI,,1503903,Juruti,nombre_exacto,,1503903,True,2018|2022
PA,04782,PIÇARRA,,1505635,Piçarra,nombre_exacto,,1505635,True,2018|2022
PA,04790,LIMOEIRO DO AJURU,,1504000,Limoeiro do Ajuru,nombre_exacto,,1504000,True,2018|2022
PA,04804,BELTERRA,,1501451,Belterra,nombre_exacto,,1501451,True,2018|2022
PA,04812,MAGALHÃES BARATA,,1504109,Magalhães Barata,nombre_exacto,,1504109,True,2018|2022
PA,04820,SÃO JOÃO DA PONTA,,1507466,São João da Ponta,nombre_exacto,,1507466,True,2018|2022
PA,04839,MARABÁ,,1504208,Marabá,nombre_exacto,,1504208,True,2018|2022
PA,04847,SAPUCAIA,,1507755,Sapucaia,nombre_exacto,,1507755,True,2018|2022
PA,04855,MARACANÃ,,1504307,Maracanã,nombre_exacto,,1504307,True,2018|2022
PA,04863,MOJUÍ DOS CAMPOS,,1504752,Mojuí dos Campos,nombre_exacto,,1504752,True,2018|2022
PA,04871,MARAPANIM,,1504406,Marapanim,nombre_exacto,,1504406,True,2018|2022
PA,04898,MELGAÇO,,1504505,Melgaço,nombre_exacto,,1504505,True,2018|2022
PA,04910,MOCAJUBA,,1504604,Mocajuba,nombre_exacto,,1504604,True,2018|2022
PA,04936,MOJU,,1504703,Moju,nombre_exacto,,1504703,True,2018|2022
PA,04952,MONTE ALEGRE,,1504802,Monte Alegre,nombre_exacto,,1504802,True,2018|2022
PA,04979,MUANÁ,,1504901,Muaná,nombre_exacto,,1504901,True,2018|2022
PA,04995,NOVA TIMBOTEUA,,1505007,Nova Timboteua,nombre_exacto,,1505007,True,2018|2022
PA,05010,ÓBIDOS,,1505106,Óbidos,nombre_exacto,,1505106,True,2018|2022
PA,05037,OEIRAS DO PARÁ,,1505205,Oeiras do Pará,nombre_exacto,,1505205,True,2018|2022
PA,05053,ORIXIMINÁ,,1505304,Oriximiná,nombre_exacto,,1505304,True,2018|2022
PA,05070,OURÉM,,1505403,Ourém,nombre_exacto,,1505403,True,2018|2022
PA,05096,PARAGOMINAS,,1505502,Paragominas,nombre_exacto,,1505502,True,2018|2022
PA,05118,PEIXE-BOI,,1505601,Peixe-Boi,nombre_exacto,,1505601,True,2018|2022
PA,05134,PONTA DE PEDRAS,,1505700,Ponta de Pedras,nombre_exacto,,1505700,True,2018|2022
PA,05150,PORTEL,,1505809,Portel,nombre_exacto,,1505809,True,2018|2022
PA,05177,PORTO DE MOZ,,1505908,Porto de Moz,nombre_exacto,,1505908,True,2018|2022
PA,05193,PRAINHA,,1506005,Prainha,nombre_exacto,,1506005,True,2018|2022
PA,05215,PRIMAVERA,,1506104,Primavera,nombre_exacto,,1506104,True,2018|2022
PA,05231,SALINÓPOLIS,,1506203,Salinópolis,nombre_exacto,,1506203,True,2018|2022
PA,05258,SALVATERRA,,1506302,Salvaterra,nombre_exacto,,1506302,True,2018|2022
PA,05274,SANTA CRUZ DO ARARI,,1506401,Santa Cruz do Arari,nombre_exacto,,1506401,True,2018|2022
PA,05290,SANTA ISABEL DO PARÁ,,1506500,Santa Izabel do Pará,nombre_aproximado,,1506500,True,2018|2022
PA,05312,SANTA MARIA DO PARÁ,,1506609,Santa Maria do Pará,nombre_exacto,,1506609,True,2018|2022
PA,05339,SANTANA DO ARAGUAIA,,1506708,Santana do Araguaia,nombre_exacto,,1506708,True,2018|2022
PA,05355,SANTARÉM,,1506807,Santarém,nombre_exacto,,1506807,True,2018|2022
PA,05371,SANTARÉM NOVO,,1506906,Santarém Novo,nombre_exacto,,1506906,True,2018|2022
PA,05398,SANTO ANTÔNIO DO TAUÁ,,1507003,Santo Antônio do Tauá,nombre_exacto,,1507003,True,2018|2022
PA,05410,SÃO CAETANO DE ODIVELAS,,1507102,São Caetano de Odivelas,nombre_exacto,,1507102,True,2018|2022
PA,05436,SÃO DOMINGOS DO CAPIM,,1507201,São Domingos do Capim,nombre_exacto,,1507201,True,2018|2022
PA,05452,SÃO FÉLIX DO XINGU,,1507300,São Félix do Xingu,nombre_exacto,,1507300,True,2018|2022
PA,05479,SÃO FRANCISCO DO PARÁ,,1507409,São Francisco do Pará,nombre_exacto,,1507409,True,2018|2022
PA,05495,SÃO JOÃO DO ARAGUAIA,,1507508,São João do Araguaia,nombre_exacto,,1507508,True,2018|2022
PA,05517,SÃO MIGUEL DO GUAMÁ,,1507607,São Miguel do Guamá,nombre_exacto,,1507607,True,2018|2022
PA,05533,SÃO SEBASTIÃO DA BOA VISTA,,1507706,São Sebastião da Boa Vista,nombre_exacto,,1507706,True,2018|2022
PA,05550,SENADOR JOSÉ PORFÍRIO,,1507805,Senador José Porfírio,nombre_exacto,,1507805,True,2018|2022
PA,05576,SOURE,,1507904,Soure,nombre_exacto,,1507904,True,2018|2022
PA,05592,TOMÉ-AÇU,,1508001,Tomé-Açu,nombre_exacto,,1508001,True,2018|2022
PA,05614,TUCURUÍ,,1508100,Tucuruí,nombre_exacto,,1508100,True,2018|2022
PA,05630,VIGIA,,1508209,Vigia,nombre_exacto,,1508209,True,2018|2022
PA,05657,VISEU,,1508308,Viseu,nombre_exacto,,1508308,True,2018|2022
PA,05673,REDENÇÃO,,1506138,Redenção,nombre_exacto,,1506138,True,2018|2022
PA,05690,RIO MARIA,,1506161,Rio Maria,nombre_exacto,,1506161,True,2018|2022
PA,05711,XINGUARA,,1508407,Xinguara,nombre_exacto,,1508407,True,2018|2022
PA,05738,RONDON DO PARÁ,,1506187,Rondon do Pará,nombre_exacto,,1506187,True,2018|2022
PA,05754,URUARÁ,,1508159,Uruará,nombre_exacto,,1508159,True,2018|2022
PA,05770,MEDICILÂNDIA,,1504455,Medicilândia,nombre_exacto,,1504455,True,2018|2022
PA,05797,SÃO GERALDO DO ARAGUAIA,,1507458,São Geraldo do Araguaia,nombre_exacto,,1507458,True,2018|2022
PA,05819,CONCÓRDIA DO PARÁ,,1502756,Concórdia do Pará,nombre_exacto,,1502756,True,2018|2022
PA,05835,PARAUAPEBAS,,1505536,Parauapebas,nombre_exacto,,1505536,True,2018|2022
PA,05851,CURIONÓPOLIS,,1502772,Curionópolis,nombre_exacto,,1502772,True,2018|2022
PA,05878,GARRAFÃO DO NORTE,,1503077,Garrafão do Norte,nombre_exacto,,1503077,True,2018|2022
PA,05894,RURÓPOLIS,,1506195,Rurópolis,nombre_exacto,,1506195,True,2018|2022
PA,05916,PACAJÁ,,1505486,Pacajá,nombre_exacto,,1505486,True,2018|2022
PA,05932,BREJO GRANDE DO ARAGUAIA,,1501758,Brejo Grande do Araguaia,nombre_exacto,,1501758,True,2018|2022
PA,05959,OURILÂNDIA DO NORTE,,1505437,Ourilândia do Norte,nombre_exacto,,1505437,True,2018|2022
PA,05975,DOM ELISEU,,1502939,Dom Eliseu,nombre_exacto,,1502939,True,2018|2022
PA,05991,SANTA MARIA DAS BARREIRAS,,1506583,Santa Maria das Barreiras,nombre_exacto,,1506583,True,2018|2022
PB,19003,RIACHÃO DO POÇO,,2512762,Riachão do Poço,nombre_exacto,,2512762,True,2018|2022
PB,19011,ÁGUA BRANCA,,2500106,Água Branca,nombre_exacto,,2500106,True,2018|2022
PB,19020,SOBRADO,,2515971,Sobrado,nombre_exacto,,2515971,True,2018|2022
PB,19038,AGUIAR,,2500205,Aguiar,nombre_exacto,,2500205,True,2018|2022
PB,19046,SÃO JOSÉ DOS RAMOS,,2514453,São José dos Ramos,nombre_exacto,,2514453,True,2018|2022
PB,19054,ALAGOA GRANDE,,2500304,Alagoa Grande,nombre_exacto,,2500304,True,2018|2022
PB,19062,CAPIM,,2504033,Capim,nombre_exacto,,2504033,True,2018|2022
PB,19070,ALAGOA NOVA,,2500403,Alagoa Nova,nombre_exacto,,2500403,True,2018|2022
PB,19089,CUITÉ DE MAMANGUAPE,,2505238,Cuité de Mamanguape,nombre_exacto,,2505238,True,2018|2022
PB,19097,ALAGOINHA,,2500502,Alagoinha,nombre_exacto,,2500502,True,2018|2022
PB,19100,CURRAL DE CIMA,,2505279,Curral de Cima,nombre_exacto,,2505279,True,2018|2022
PB,19119,ALHANDRA,,2500601,Alhandra,nombre_exacto,,2500601,True,2018|2022
PB,19127,RIACHÃO DO BACAMARTE,,2512754,Riachão do Bacamarte,nombre_exacto,,2512754,True,2018|2022
PB,19135,SÃO JOÃO DO RIO DO PEIXE,,2500700,São João do Rio do Peixe,nombre_exacto,,2500700,True,2018|2022
PB,19143,MATINHAS,,2509339,Matinhas,nombre_exacto,,2509339,True,2018|2022
PB,19151,ARAÇAGI,,2500809,Araçagi,nombre_exacto,,2500809,True,2018|2022
PB,19160,LOGRADOURO,,2508554,Logradouro,nombre_exacto,,2508554,True,2018|2022
PB,19178,ARARA,,2500908,Arara,nombre_exacto,,2500908,True,2018|2022
PB,19186,SERTÃOZINHO,,2515930,Sertãozinho,nombre_exacto,,2515930,True,2018|2022
PB,19194,ARARUNA,,2501005,Araruna,nombre_exacto,,2501005,True,2018|2022
PB,19208,RIACHÃO,,2512747,Riachão,nombre_exacto,,2512747,True,2018|2022
PB,19216,AREIA,,2501104,Areia,nombre_exacto,,2501104,True,2018|2022
PB,19224,SÃO DOMINGOS DO CARIRI,,2513943,São Domingos do Cariri,nombre_exacto,,2513943,True,2018|2022
PB,19232,AREIAL,,2501203,Areial,nombre_exacto,,2501203,True,2018|2022
PB,19240,CARAÚBAS,,2504074,Caraúbas,nombre_exacto,,2504074,True,2018|2022
PB,19259,AROEIRAS,,2501302,Aroeiras,nombre_exacto,,2501302,True,2018|2022
PB,19267,SANTO ANDRÉ,,2513851,Santo André,nombre_exacto,,2513851,True,2018|2022
PB,19275,DAMIÃO,,2505352,Damião,nombre_exacto,,2505352,True,2018|2022
PB,19283,SOSSÊGO,,2516151,Sossêgo,nombre_exacto,,2516151,True,2018|2022
PB,19291,BAÍA DA TRAIÇÃO,,2501401,Baía da Traição,nombre_exacto,,2501401,True,2018|2022
PB,19305,BARAÚNA,,2501534,Baraúna,nombre_exacto,,2501534,True,2018|2022
PB,19313,BANANEIRAS,,2501500,Bananeiras,nombre_exacto,,2501500,True,2018|2022
PB,19321,ASSUNÇÃO,,2501351,Assunção,nombre_exacto,,2501351,True,2018|2022
PB,19330,BARRA DE SANTA ROSA,,2501609,Barra de Santa Rosa,nombre_exacto,,2501609,True,2018|2022
PB,19348,ZABELÊ,,2517407,Zabelê,nombre_exacto,,2517407,True,2018|2022
PB,19356,BARRA DE SÃO MIGUEL,,2501708,Barra de São Miguel,nombre_exacto,,2501708,True,2018|2022
PB,19364,CACIMBAS,,2503555,Cacimbas,nombre_exacto,,2503555,True,2018|2022
PB,19372,BAYEUX,,2501807,Bayeux,nombre_exacto,,2501807,True,2018|2022
PB,19380,CAJAZEIRINHAS,,2503753,Cajazeirinhas,nombre_exacto,,2503753,True,2018|2022
PB,19399,BELÉM,,2501906,Belém,nombre_exacto,,2501906,True,2018|2022
PB,19402,SÃO BENTINHO,,2513927,São Bentinho,nombre_exacto,,2513927,True,2018|2022
PB,19410,BELÉM DO BREJO DO CRUZ,,2502003,Belém do Brejo do Cruz,nombre_exacto,,2502003,True,2018|2022
PB,19429,SÃO DOMINGOS,,2513968,São Domingos,nombre_exacto,,2513968,True,2018|2022
PB,19437,BOA VENTURA,,2502102,Boa Ventura,nombre_exacto,,2502102,True,2018|2022
PB,19445,SÃO JOSÉ DE PRINCESA,,2514552,São José de Princesa,nombre_exacto,,2514552,True,2018|2022
PB,19453,BOM JESUS,,2502201,Bom Jesus,nombre_exacto,,2502201,True,2018|2022
PB,19461,MARIZÓPOLIS,,2509156,Marizópolis,nombre_exacto,,2509156,True,2018|2022
PB,19470,BOM SUCESSO,,2502300,Bom Sucesso,nombre_exacto,,2502300,True,2018|2022
PB,19488,MATO GROSSO,,2509370,Mato Grosso,nombre_exacto,,2509370,True,2018|2022
PB,19496,BONITO DE SANTA FÉ,,2502409,Bonito de Santa Fé,nombre_exacto,,2502409,True,2018|2022
PB,19500,BERNARDINO BATISTA,,2502052,Bernardino Batista,nombre_exacto,,2502052,True,2018|2022
PB,19518,BOQUEIRÃO,,2502508,Boqueirão,nombre_exacto,,2502508,True,2018|2022
PB,19526,POÇO DE JOSÉ DE MOURA,,2512077,Poço de José de Moura,nombre_exacto,,2512077,True,2018|2022
PB,19534,IGARACY,,2502607,Igaracy,nombre_exacto,,2502607,True,2018|2022
PB,19542,SÃO JOSÉ DO BREJO DO CRUZ,,2514651,São José do Brejo do Cruz,nombre_exacto,,2514651,True,2018|2022
PB,19550,BORBOREMA,,2502706,Borborema,nombre_exacto,,2502706,True,2018|2022
PB,19569,SANTA INÊS,,2513356,Santa Inês,nombre_exacto,,2513356,True,2018|2022
PB,19577,BREJO DO CRUZ,,2502805,Brejo do Cruz,nombre_exacto,,2502805,True,2018|2022
PB,19585,AMPARO,,2500734,Amparo,nombre_exacto,,2500734,True,2018|2022
PB,19593,BREJO DOS SANTOS,,2502904,Brejo dos Santos,nombre_exacto,,2502904,True,2018|2022
PB,19607,CASSERENGUE,,2504157,Casserengue,nombre_exacto,,2504157,True,2018|2022
PB,19615,CAAPORÃ,,2503001,Caaporã,nombre_exacto,,2503001,True,2018|2022
PB,19623,GADO BRAVO,,2506251,Gado Bravo,nombre_exacto,,2506251,True,2018|2022
PB,19631,CABACEIRAS,,2503100,Cabaceiras,nombre_exacto,,2503100,True,2018|2022
PB,19640,POÇO DANTAS,,2512036,Poço Dantas,nombre_exacto,,2512036,True,2018|2022
PB,19658,CABEDELO,,2503209,Cabedelo,nombre_exacto,,2503209,True,2018|2022
PB,19666,JOCA CLAUDINO,,2513653,Joca Claudino,nombre_exacto,,2513653,True,2018|2022
PB,19674,CACHOEIRA DOS ÍNDIOS,,2503308,Cachoeira dos Índios,nombre_exacto,,2503308,True,2018|2022
PB,19682,TENÓRIO,,2516755,Tenório,nombre_exacto,,2516755,True,2018|2022
PB,19690,CACIMBA DE AREIA,,2503407,Cacimba de Areia,nombre_exacto,,2503407,True,2018|2022
PB,19704,COXIXOLA,,2504850,Coxixola,nombre_exacto,,2504850,True,2018|2022
PB,19712,CACIMBA DE DENTRO,,2503506,Cacimba de Dentro,nombre_exacto,,2503506,True,2018|2022
PB,19720,PARARI,,2510659,Parari,nombre_exacto,,2510659,True,2018|2022
PB,19739,CAIÇARA,,2503605,Caiçara,nombre_exacto,,2503605,True,2018|2022
PB,19747,PEDRO RÉGIS,,2512721,Pedro Régis,nombre_exacto,,2512721,True,2018|2022
PB,19755,CAJAZEIRAS,,2503704,Cajazeiras,nombre_exacto,,2503704,True,2018|2022
PB,19763,ALCANTIL,,2500536,Alcantil,nombre_exacto,,2500536,True,2018|2022
PB,19771,CALDAS BRANDÃO,,2503803,Caldas Brandão,nombre_exacto,,2503803,True,2018|2022
PB,19780,BARRA DE SANTANA,,2501575,Barra de Santana,nombre_exacto,,2501575,True,2018|2022
PB,19798,CAMALAÚ,,2503902,Camalaú,nombre_exacto,,2503902,True,2018|2022
PB,19801,CATURITÉ,,2504355,Caturité,nombre_exacto,,2504355,True,2018|2022
PB,19810,CAMPINA GRANDE,,2504009,Campina Grande,nombre_exacto,,2504009,True,2018|2022
PB,19828,RIACHO DE SANTO ANTÔNIO,,2512788,Riacho de Santo Antônio,nombre_exacto,,2512788,True,2018|2022
PB,19836,CARRAPATEIRA,,2504108,Carrapateira,nombre_exacto,,2504108,True,2018|2022
PB,19844,APARECIDA,,2500775,Aparecida,nombre_exacto,,2500775,True,2018|2022
PB,19852,CATINGUEIRA,,2504207,Catingueira,nombre_exacto,,2504207,True,2018|2022
PB,19860,SÃO FRANCISCO,,2513984,São Francisco,nombre_exacto,,2513984,True,2018|2022
PB,19879,CATOLÉ DO ROCHA,,2504306,Catolé do Rocha,nombre_exacto,,2504306,True,2018|2022
PB,19887,VIEIRÓPOLIS,,2517209,Vieirópolis,nombre_exacto,,2517209,True,2018|2022
PB,19895,CONCEIÇÃO,,2504405,Conceição,nombre_exacto,,2504405,True,2018|2022
PB,19909,AREIA DE BARAÚNAS,,2501153,Areia de Baraúnas,nombre_exacto,,2501153,True,2018|2022
PB,19917,CONDADO,,2504504,Condado,nombre_exacto,,2504504,True,2018|2022
PB,19925,ALGODÃO DE JANDAÍRA,,2500577,Algodão de Jandaíra,nombre_exacto,,2500577,True,2018|2022
PB,19933,CONDE,,2504603,Conde,nombre_exacto,,2504603,True,2018|2022
PB,19941,BOA VISTA,,2502151,Boa Vista,nombre_exacto,,2502151,True,2018|2022
PB,19950,CONGO,,2504702,Congo,nombre_exacto,,2504702,True,2018|2022
PB,19968,MARCAÇÃO,,2509057,Marcação,nombre_exacto,,2509057,True,2018|2022
PB,19976,COREMAS,,2504801,Coremas,nombre_exacto,,2504801,True,2018|2022
PB,19984,MATURÉIA,,2509396,Maturéia,nombre_exacto,,2509396,True,2018|2022
PB,19992,CRUZ DO ESPÍRITO SANTO,,2504900,Cruz do Espírito Santo,nombre_exacto,,2504900,True,2018|2022
PB,20001,SANTA CECÍLIA,,2513158,Santa Cecília,nombre_exacto,,2513158,True,2018|2022
PB,20010,CUBATI,,2505006,Cubati,nombre_exacto,,2505006,True,2018|2022
PB,20036,CUITÉ,,2505105,Cuité,nombre_exacto,,2505105,True,2018|2022
PB,20052,CUITEGI,,2505204,Cuitegi,nombre_exacto,,2505204,True,2018|2022
PB,20079,CURRAL VELHO,,2505303,Curral Velho,nombre_exacto,,2505303,True,2018|2022
PB,20095,DESTERRO,,2505402,Desterro,nombre_exacto,,2505402,True,2018|2022
PB,20117,VISTA SERRANA,,2505501,Vista Serrana,nombre_exacto,,2505501,True,2018|2022
PB,20133,DIAMANTE,,2505600,Diamante,nombre_exacto,,2505600,True,2018|2022
PB,20150,DONA INÊS,,2505709,Dona Inês,nombre_exacto,,2505709,True,2018|2022
PB,20176,DUAS ESTRADAS,,2505808,Duas Estradas,nombre_exacto,,2505808,True,2018|2022
PB,20192,EMAS,,2505907,Emas,nombre_exacto,,2505907,True,2018|2022
PB,20214,ESPERANÇA,,2506004,Esperança,nombre_exacto,,2506004,True,2018|2022
PB,20230,FAGUNDES,,2506103,Fagundes,nombre_exacto,,2506103,True,2018|2022
PB,20257,FREI MARTINHO,,2506202,Frei Martinho,nombre_exacto,,2506202,True,2018|2022
PB,20273,GUARABIRA,,2506301,Guarabira,nombre_exacto,,2506301,True,2018|2022
PB,20290,GURINHÉM,,2506400,Gurinhém,nombre_exacto,,2506400,True,2018|2022
PB,20311,GURJÃO,,2506509,Gurjão,nombre_exacto,,2506509,True,2018|2022
PB,20338,IBIARA,,2506608,Ibiara,nombre_exacto,,2506608,True,2018|2022
PB,20354,IMACULADA,,2506707,Imaculada,nombre_exacto,,2506707,True,2018|2022
PB,20370,INGÁ,,2506806,Ingá,nombre_exacto,,2506806,True,2018|2022
PB,20397,ITABAIANA,,2506905,Itabaiana,nombre_exacto,,2506905,True,2018|2022
PB,20419,ITAPORANGA,,2507002,Itaporanga,nombre_exacto,,2507002,True,2018|2022
PB,20435,ITAPOROROCA,,2507101,Itapororoca,nombre_exacto,,2507101,True,2018|2022
PB,20451,ITATUBA,,2507200,Itatuba,nombre_exacto,,2507200,True,2018|2022
PB,20478,JACARAÚ,,2507309,Jacaraú,nombre_exacto,,2507309,True,2018|2022
PB,20494,JERICÓ,,2507408,Jericó,nombre_exacto,,2507408,True,2018|2022
PB,20516,JOÃO PESSOA,,2507507,João Pessoa,nombre_exacto,,2507507,True,2018|2022
PB,20532,JUAREZ TÁVORA,,2507606,Juarez Távora,nombre_exacto,,2507606,True,2018|2022
PB,20559,JUAZEIRINHO,,2507705,Juazeirinho,nombre_exacto,,2507705,True,2018|2022
PB,20575,JUNCO DO SERIDÓ,,2507804,Junco do Seridó,nombre_exacto,,2507804,True,2018|2022
PB,20591,JURIPIRANGA,,2507903,Juripiranga,nombre_exacto,,2507903,True,2018|2022
PB,20613,JURU,,2508000,Juru,nombre_exacto,,2508000,True,2018|2022
PB,20630,LAGOA,,2508109,Lagoa,nombre_exacto,,2508109,True,2018|2022
PB,20656,LAGOA DE DENTRO,,2508208,Lagoa de Dentro,nombre_exacto,,2508208,True,2018|2022
PB,20672,LAGOA SECA,,2508307,Lagoa Seca,nombre_exacto,,2508307,True,2018|2022
PB,20699,LASTRO,,2508406,Lastro,nombre_exacto,,2508406,True,2018|2022
PB,20710,LIVRAMENTO,,2508505,Livramento,nombre_exacto,,2508505,True,2018|2022
PB,20737,LUCENA,,2508604,Lucena,nombre_exacto,,2508604,True,2018|2022
PB,20753,MÃE D ÁGUA,,2508703,Mãe d'Água,nombre_exacto,,2508703,True,2018|2022
PB,20770,MALTA,,2508802,Malta,nombre_exacto,,2508802,True,2018|2022
PB,20796,MAMANGUAPE,,2508901,Mamanguape,nombre_exacto,,2508901,True,2018|2022
PB,20818,MANAÍRA,,2509008,Manaíra,nombre_exacto,,2509008,True,2018|2022
PB,20834,MARI,,2509107,Mari,nombre_exacto,,2509107,True,2018|2022
PB,20850,MASSARANDUBA,,2509206,Massaranduba,nombre_exacto,,2509206,True,2018|2022
PB,20877,MATARACA,,2509305,Mataraca,nombre_exacto,,2509305,True,2018|2022
PB,20893,MOGEIRO,,2509404,Mogeiro,nombre_exacto,,2509404,True,2018|2022
PB,20915,MONTADAS,,2509503,Montadas,nombre_exacto,,2509503,True,2018|2022
PB,20931,MONTE HOREBE,,2509602,Monte Horebe,nombre_exacto,,2509602,True,2018|2022
PB,20958,MONTEIRO,,2509701,Monteiro,nombre_exacto,,2509701,True,2018|2022
PB,20974,MULUNGU,,2509800,Mulungu,nombre_exacto,,2509800,True,2018|2022
PB,20990,NATUBA,,2509909,Natuba,nombre_exacto,,2509909,True,2018|2022
PB,21016,NAZAREZINHO,,2510006,Nazarezinho,nombre_exacto,,2510006,True,2018|2022
PB,21032,NOVA FLORESTA,,2510105,Nova Floresta,nombre_exacto,,2510105,True,2018|2022
PB,21059,NOVA OLINDA,,2510204,Nova Olinda,nombre_exacto,,2510204,True,2018|2022
PB,21075,NOVA PALMEIRA,,2510303,Nova Palmeira,nombre_exacto,,2510303,True,2018|2022
PB,21091,OLHO D ÁGUA,,2510402,Olho d'Água,nombre_exacto,,2510402,True,2018|2022
PB,21113,OLIVEDOS,,2510501,Olivedos,nombre_exacto,,2510501,True,2018|2022
PB,21130,OURO VELHO,,2510600,Ouro Velho,nombre_exacto,,2510600,True,2018|2022
PB,21156,PASSAGEM,,2510709,Passagem,nombre_exacto,,2510709,True,2018|2022
PB,21172,PATOS,,2510808,Patos,nombre_exacto,,2510808,True,2018|2022
PB,21199,PAULISTA,,2510907,Paulista,nombre_exacto,,2510907,True,2018|2022
PB,21210,PEDRA BRANCA,,2511004,Pedra Branca,nombre_exacto,,2511004,True,2018|2022
PB,21237,PEDRA LAVRADA,,2511103,Pedra Lavrada,nombre_exacto,,2511103,True,2018|2022
PB,21253,PEDRAS DE FOGO,,2511202,Pedras de Fogo,nombre_exacto,,2511202,True,2018|2022
PB,21270,PIANCÓ,,2511301,Piancó,nombre_exacto,,2511301,True,2018|2022
PB,21296,PICUÍ,,2511400,Picuí,nombre_exacto,,2511400,True,2018|2022
PB,21318,PILAR,,2511509,Pilar,nombre_exacto,,2511509,True,2018|2022
PB,21334,PILÕES,,2511608,Pilões,nombre_exacto,,2511608,True,2018|2022
PB,21350,PILÕEZINHOS,,2511707,Pilõezinhos,nombre_exacto,,2511707,True,2018|2022
PB,21377,PIRPIRITUBA,,2511806,Pirpirituba,nombre_exacto,,2511806,True,2018|2022
PB,21393,PITIMBU,,2511905,Pitimbu,nombre_exacto,,2511905,True,2018|2022
PB,21415,POCINHOS,,2512002,Pocinhos,nombre_exacto,,2512002,True,2018|2022
PB,21431,POMBAL,,2512101,Pombal,nombre_exacto,,2512101,True,2018|2022
PB,21458,PRATA,,2512200,Prata,nombre_exacto,,2512200,True,2018|2022
PB,21474,PRINCESA ISABEL,,2512309,Princesa Isabel,nombre_exacto,,2512309,True,2018|2022
PB,21490,PUXINANÃ,,2512408,Puxinanã,nombre_exacto,,2512408,True,2018|2022
PB,21512,QUEIMADAS,,2512507,Queimadas,nombre_exacto,,2512507,True,2018|2022
PB,21539,QUIXABA,,2512606,Quixaba,nombre_exacto,,2512606,True,2018|2022
PB,21555,REMÍGIO,,2512705,Remígio,nombre_exacto,,2512705,True,2018|2022
PB,21571,RIACHO DOS CAVALOS,,2512804,Riacho dos Cavalos,nombre_exacto,,2512804,True,2018|2022
PB,21598,RIO TINTO,,2512903,Rio Tinto,nombre_exacto,,2512903,True,2018|2022
PB,21610,SALGADINHO,,2513000,Salgadinho,nombre_exacto,,2513000,True,2018|2022
PB,21636,SALGADO DE SÃO FÉLIX,,2513109,Salgado de São Félix,nombre_exacto,,2513109,True,2018|2022
PB,21652,SANTA CRUZ,,2513208,Santa Cruz,nombre_exacto,,2513208,True,2018|2022
PB,21679,SANTA HELENA,,2513307,Santa Helena,nombre_exacto,,2513307,True,2018|2022
PB,21695,SANTA LUZIA,,2513406,Santa Luzia,nombre_exacto,,2513406,True,2018|2022
PB,21717,SANTANA DE MANGUEIRA,,2513505,Santana de Mangueira,nombre_exacto,,2513505,True,2018|2022
PB,21733,SANTANA DOS GARROTES,,2513604,Santana dos Garrotes,nombre_exacto,,2513604,True,2018|2022
PB,21750,SANTA RITA,,2513703,Santa Rita,nombre_exacto,,2513703,True,2018|2022
PB,21776,SANTA TERESINHA,,2513802,Santa Teresinha,nombre_exacto,,2513802,True,2018|2022
PB,21792,SÃO BENTO,,2513901,São Bento,nombre_exacto,,2513901,True,2018|2022
PB,21814,SÃO JOÃO DO CARIRI,,2514008,São João do Cariri,nombre_exacto,,2514008,True,2018|2022
PB,21830,SÃO JOÃO DO TIGRE,,2514107,São João do Tigre,nombre_exacto,,2514107,True,2018|2022
PB,21857,SÃO JOSÉ DA LAGOA TAPADA,,2514206,São José da Lagoa Tapada,nombre_exacto,,2514206,True,2018|2022
PB,21873,SÃO JOSÉ DE CAIANA,,2514305,São José de Caiana,nombre_exacto,,2514305,True,2018|2022
PB,21890,SÃO JOSÉ DE ESPINHARAS,,2514404,São José de Espinharas,nombre_exacto,,2514404,True,2018|2022
PB,21911,SÃO JOSÉ DE PIRANHAS,,2514503,São José de Piranhas,nombre_exacto,,2514503,True,2018|2022
PB,21938,SÃO JOSÉ DO BONFIM,,2514602,São José do Bonfim,nombre_exacto,,2514602,True,2018|2022
PB,21954,SÃO JOSÉ DO SABUGI,,2514701,São José do Sabugi,nombre_exacto,,2514701,True,2018|2022
PB,21970,SÃO JOSÉ DOS CORDEIROS,,2514800,São José dos Cordeiros,nombre_exacto,,2514800,True,2018|2022
PB,21997,SÃO MAMEDE,,2514909,São Mamede,nombre_exacto,,2514909,True,2018|2022
PB,22012,SÃO MIGUEL DE TAIPU,,2515005,São Miguel de Taipu,nombre_exacto,,2515005,True,2018|2022
PB,22039,SÃO SEBASTIÃO DE LAGOA DE ROÇA,,2515104,São Sebastião de Lagoa de Roça,nombre_exacto,,2515104,True,2018|2022
PB,22055,SÃO SEBASTIÃO DO UMBUZEIRO,,2515203,São Sebastião do Umbuzeiro,nombre_exacto,,2515203,True,2018|2022
PB,22071,SAPÉ,,2515302,Sapé,nombre_exacto,,2515302,True,2018|2022
PB,22098,SÃO VICENTE DO SERIDÓ,,2515401,São Vicente do Seridó,nombre_exacto,,2515401,True,2018|2022
PB,22110,SERRA BRANCA,,2515500,Serra Branca,nombre_exacto,,2515500,True,2018|2022
PB,22136,SERRA DA RAIZ,,2515609,Serra da Raiz,nombre_exacto,,2515609,True,2018|2022
PB,22152,SERRA GRANDE,,2515708,Serra Grande,nombre_exacto,,2515708,True,2018|2022
PB,22179,SERRA REDONDA,,2515807,Serra Redonda,nombre_exacto,,2515807,True,2018|2022
PB,22195,SERRARIA,,2515906,Serraria,nombre_exacto,,2515906,True,2018|2022
PB,22217,SOLÂNEA,,2516003,Solânea,nombre_exacto,,2516003,True,2018|2022
PB,22233,SOLEDADE,,2516102,Soledade,nombre_exacto,,2516102,True,2018|2022
PB,22250,SOUSA,,2516201,Sousa,nombre_exacto,,2516201,True,2018|2022
PB,22276,SUMÉ,,2516300,Sumé,nombre_exacto,,2516300,True,2018|2022
PB,22292,TACIMA,,2516409,Tacima,nombre_exacto,,2516409,True,2018|2022
PB,22314,TAPEROÁ,,2516508,Taperoá,nombre_exacto,,2516508,True,2018|2022
PB,22330,TAVARES,,2516607,Tavares,nombre_exacto,,2516607,True,2018|2022
PB,22357,TEIXEIRA,,2516706,Teixeira,nombre_exacto,,2516706,True,2018|2022
PB,22373,TRIUNFO,,2516805,Triunfo,nombre_exacto,,2516805,True,2018|2022
PB,22390,UIRAÚNA,,2516904,Uiraúna,nombre_exacto,,2516904,True,2018|2022
PB,22411,UMBUZEIRO,,2517001,Umbuzeiro,nombre_exacto,,2517001,True,2018|2022
PB,22438,VÁRZEA,,2517100,Várzea,nombre_exacto,,2517100,True,2018|2022
PE,23000,QUIXABA,,2611533,Quixaba,nombre_exacto,,2611533,True,2018|2022
PE,23019,AFOGADOS DA INGAZEIRA,,2600104,Afogados da Ingazeira,nombre_exacto,,2600104,True,2018|2022
PE,23027,LAGOA DO CARRO,,2608453,Lagoa do Carro,nombre_exacto,,2608453,True,2018|2022
PE,23035,AFRÂNIO,,2600203,Afrânio,nombre_exacto,,2600203,True,2018|2022
PE,23043,SANTA CRUZ DA BAIXA VERDE,,2612471,Santa Cruz da Baixa Verde,nombre_exacto,,2612471,True,2018|2022
PE,23051,AGRESTINA,,2600302,Agrestina,nombre_exacto,,2600302,True,2018|2022
PE,23060,XEXÉU,,2616506,Xexéu,nombre_exacto,,2616506,True,2018|2022
PE,23078,ÁGUA PRETA,,2600401,Água Preta,nombre_exacto,,2600401,True,2018|2022
PE,23086,VERTENTE DO LÉRIO,,2616183,Vertente do Lério,nombre_exacto,,2616183,True,2018|2022
PE,23094,ÁGUAS BELAS,,2600500,Águas Belas,nombre_exacto,,2600500,True,2018|2022
PE,23108,SANTA CRUZ,,2612455,Santa Cruz,nombre_exacto,,2612455,True,2018|2022
PE,23116,ALAGOINHA,,2600609,Alagoinha,nombre_exacto,,2600609,True,2018|2022
PE,23124,JUCATI,,2608255,Jucati,nombre_exacto,,2608255,True,2018|2022
PE,23132,ALIANÇA,,2600708,Aliança,nombre_exacto,,2600708,True,2018|2022
PE,23140,DORMENTES,,2605152,Dormentes,nombre_exacto,,2605152,True,2018|2022
PE,23159,ALTINHO,,2600807,Altinho,nombre_exacto,,2600807,True,2018|2022
PE,23167,CARNAUBEIRA DA PENHA,,2603926,Carnaubeira da Penha,nombre_exacto,,2603926,True,2018|2022
PE,23175,AMARAJI,,2600906,Amaraji,nombre_exacto,,2600906,True,2018|2022
PE,23183,LAGOA GRANDE,,2608750,Lagoa Grande,nombre_exacto,,2608750,True,2018|2022
PE,23191,ANGELIM,,2601003,Angelim,nombre_exacto,,2601003,True,2018|2022
PE,23205,ARAÇOIABA,,2601052,Araçoiaba,nombre_exacto,,2601052,True,2018|2022
PE,23213,ARARIPINA,,2601102,Araripina,nombre_exacto,,2601102,True,2018|2022
PE,23221,CASINHAS,,2604155,Casinhas,nombre_exacto,,2604155,True,2018|2022
PE,23230,ARCOVERDE,,2601201,Arcoverde,nombre_exacto,,2601201,True,2018|2022
PE,23248,MANARI,,2609154,Manari,nombre_exacto,,2609154,True,2018|2022
PE,23256,BARRA DE GUABIRABA,,2601300,Barra de Guabiraba,nombre_exacto,,2601300,True,2018|2022
PE,23264,JATOBÁ,,2608057,Jatobá,nombre_exacto,,2608057,True,2018|2022
PE,23272,BARREIROS,,2601409,Barreiros,nombre_exacto,,2601409,True,2018|2022
PE,23280,TAMANDARÉ,,2614857,Tamandaré,nombre_exacto,,2614857,True,2018|2022
PE,23299,BELÉM DE MARIA,,2601508,Belém de Maria,nombre_exacto,,2601508,True,2018|2022
PE,23302,JAQUEIRA,,2607950,Jaqueira,nombre_exacto,,2607950,True,2018|2022
PE,23310,BELÉM DO SÃO FRANCISCO,,2601607,Belém do São Francisco,nombre_exacto,,2601607,True,2018|2022
PE,23329,SANTA FILOMENA,,2612554,Santa Filomena,nombre_exacto,,2612554,True,2018|2022
PE,23337,BELO JARDIM,,2601706,Belo Jardim,nombre_exacto,,2601706,True,2018|2022
PE,23353,BETÂNIA,,2601805,Betânia,nombre_exacto,,2601805,True,2018|2022
PE,23370,BEZERROS,,2601904,Bezerros,nombre_exacto,,2601904,True,2018|2022
PE,23396,BODOCÓ,,2602001,Bodocó,nombre_exacto,,2602001,True,2018|2022
PE,23418,BOM CONSELHO,,2602100,Bom Conselho,nombre_exacto,,2602100,True,2018|2022
PE,23434,BOM JARDIM,,2602209,Bom Jardim,nombre_exacto,,2602209,True,2018|2022
PE,23450,BONITO,,2602308,Bonito,nombre_exacto,,2602308,True,2018|2022
PE,23477,BREJÃO,,2602407,Brejão,nombre_exacto,,2602407,True,2018|2022
PE,23493,BREJINHO,,2602506,Brejinho,nombre_exacto,,2602506,True,2018|2022
PE,23515,BREJO DA MADRE DE DEUS,,2602605,Brejo da Madre de Deus,nombre_exacto,,2602605,True,2018|2022
PE,23531,BUENOS AIRES,,2602704,Buenos Aires,nombre_exacto,,2602704,True,2018|2022
PE,23558,BUÍQUE,,2602803,Buíque,nombre_exacto,,2602803,True,2018|2022
PE,23574,CABO DE SANTO AGOSTINHO,,2602902,Cabo de Santo Agostinho,nombre_exacto,,2602902,True,2018|2022
PE,23590,CABROBÓ,,2603009,Cabrobó,nombre_exacto,,2603009,True,2018|2022
PE,23612,CACHOEIRINHA,,2603108,Cachoeirinha,nombre_exacto,,2603108,True,2018|2022
PE,23639,CAETÉS,,2603207,Caetés,nombre_exacto,,2603207,True,2018|2022
PE,23655,CALÇADO,,2603306,Calçado,nombre_exacto,,2603306,True,2018|2022
PE,23671,CALUMBI,,2603405,Calumbi,nombre_exacto,,2603405,True,2018|2022
PE,23698,CAMOCIM DE SÃO FÉLIX,,2603504,Camocim de São Félix,nombre_exacto,,2603504,True,2018|2022
PE,23710,CAMUTANGA,,2603603,Camutanga,nombre_exacto,,2603603,True,2018|2022
PE,23736,CANHOTINHO,,2603702,Canhotinho,nombre_exacto,,2603702,True,2018|2022
PE,23752,CAPOEIRAS,,2603801,Capoeiras,nombre_exacto,,2603801,True,2018|2022
PE,23779,CARNAÍBA,,2603900,Carnaíba,nombre_exacto,,2603900,True,2018|2022
PE,23795,CARPINA,,2604007,Carpina,nombre_exacto,,2604007,True,2018|2022
PE,23817,CARUARU,,2604106,Caruaru,nombre_exacto,,2604106,True,2018|2022
PE,23833,CATENDE,,2604205,Catende,nombre_exacto,,2604205,True,2018|2022
PE,23850,CEDRO,,2604304,Cedro,nombre_exacto,,2604304,True,2018|2022
PE,23876,CHÃ DE ALEGRIA,,2604403,Chã de Alegria,nombre_exacto,,2604403,True,2018|2022
PE,23892,CHÃ GRANDE,,2604502,Chã Grande,nombre_exacto,,2604502,True,2018|2022
PE,23914,CONDADO,,2604601,Condado,nombre_exacto,,2604601,True,2018|2022
PE,23930,CORRENTES,,2604700,Correntes,nombre_exacto,,2604700,True,2018|2022
PE,23957,CORTÊS,,2604809,Cortês,nombre_exacto,,2604809,True,2018|2022
PE,23973,CUMARU,,2604908,Cumaru,nombre_exacto,,2604908,True,2018|2022
PE,23990,CUPIRA,,2605004,Cupira,nombre_exacto,,2605004,True,2018|2022
PE,24015,CUSTÓDIA,,2605103,Custódia,nombre_exacto,,2605103,True,2018|2022
PE,24031,ESCADA,,2605202,Escada,nombre_exacto,,2605202,True,2018|2022
PE,24058,EXU,,2605301,Exu,nombre_exacto,,2605301,True,2018|2022
PE,24074,FEIRA NOVA,,2605400,Feira Nova,nombre_exacto,,2605400,True,2018|2022
PE,24090,FERREIROS,,2605509,Ferreiros,nombre_exacto,,2605509,True,2018|2022
PE,24112,FLORES,,2605608,Flores,nombre_exacto,,2605608,True,2018|2022
PE,24139,FLORESTA,,2605707,Floresta,nombre_exacto,,2605707,True,2018|2022
PE,24155,FREI MIGUELINHO,,2605806,Frei Miguelinho,nombre_exacto,,2605806,True,2018|2022
PE,24171,GAMELEIRA,,2605905,Gameleira,nombre_exacto,,2605905,True,2018|2022
PE,24198,GARANHUNS,,2606002,Garanhuns,nombre_exacto,,2606002,True,2018|2022
PE,24210,GLÓRIA DO GOITÁ,,2606101,Glória do Goitá,nombre_exacto,,2606101,True,2018|2022
PE,24236,GOIANA,,2606200,Goiana,nombre_exacto,,2606200,True,2018|2022
PE,24252,GRANITO,,2606309,Granito,nombre_exacto,,2606309,True,2018|2022
PE,24279,GRAVATÁ,,2606408,Gravatá,nombre_exacto,,2606408,True,2018|2022
PE,24295,IATI,,2606507,Iati,nombre_exacto,,2606507,True,2018|2022
PE,24317,IBIMIRIM,,2606606,Ibimirim,nombre_exacto,,2606606,True,2018|2022
PE,24333,IBIRAJUBA,,2606705,Ibirajuba,nombre_exacto,,2606705,True,2018|2022
PE,24350,IGARASSU,,2606804,Igarassu,nombre_exacto,,2606804,True,2018|2022
PE,24376,IGUARACY,,2606903,Iguaracy,nombre_exacto,,2606903,True,2018|2022
PE,24392,INAJÁ,,2607000,Inajá,nombre_exacto,,2607000,True,2018|2022
PE,24414,INGAZEIRA,,2607109,Ingazeira,nombre_exacto,,2607109,True,2018|2022
PE,24430,IPOJUCA,,2607208,Ipojuca,nombre_exacto,,2607208,True,2018|2022
PE,24457,IPUBI,,2607307,Ipubi,nombre_exacto,,2607307,True,2018|2022
PE,24473,ITACURUBA,,2607406,Itacuruba,nombre_exacto,,2607406,True,2018|2022
PE,24490,ITAÍBA,,2607505,Itaíba,nombre_exacto,,2607505,True,2018|2022
PE,24511,ILHA DE ITAMARACÁ,,2607604,Ilha de Itamaracá,nombre_exacto,,2607604,True,2018|2022
PE,24538,ITAPETIM,,2607703,Itapetim,nombre_exacto,,2607703,True,2018|2022
PE,24554,ITAQUITINGA,,2607802,Itaquitinga,nombre_exacto,,2607802,True,2018|2022
PE,24570,JABOATÃO DOS GUARARAPES,,2607901,Jaboatão dos Guararapes,nombre_exacto,,2607901,True,2018|2022
PE,24597,JATAÚBA,,2608008,Jataúba,nombre_exacto,,2608008,True,2018|2022
PE,24619,JOÃO ALFREDO,,2608107,João Alfredo,nombre_exacto,,2608107,True,2018|2022
PE,24635,JOAQUIM NABUCO,,2608206,Joaquim Nabuco,nombre_exacto,,2608206,True,2018|2022
PE,24651,JUPI,,2608305,Jupi,nombre_exacto,,2608305,True,2018|2022
PE,24678,JUREMA,,2608404,Jurema,nombre_exacto,,2608404,True,2018|2022
PE,24694,LAGOA DE ITAENGA,,2608503,Lagoa de Itaenga,nombre_exacto,,2608503,True,2018|2022
PE,24716,LAGOA DO OURO,,2608602,Lagoa do Ouro,nombre_exacto,,2608602,True,2018|2022
PE,24732,LAGOA DOS GATOS,,2608701,Lagoa dos Gatos,nombre_exacto,,2608701,True,2018|2022
PE,24759,LAJEDO,,2608800,Lajedo,nombre_exacto,,2608800,True,2018|2022
PE,24775,LIMOEIRO,,2608909,Limoeiro,nombre_exacto,,2608909,True,2018|2022
PE,24791,MACAPARANA,,2609006,Macaparana,nombre_exacto,,2609006,True,2018|2022
PE,24813,MACHADOS,,2609105,Machados,nombre_exacto,,2609105,True,2018|2022
PE,24830,MARAIAL,,2609204,Maraial,nombre_exacto,,2609204,True,2018|2022
PE,24856,MIRANDIBA,,2609303,Mirandiba,nombre_exacto,,2609303,True,2018|2022
PE,24872,MORENO,,2609402,Moreno,nombre_exacto,,2609402,True,2018|2022
PE,24899,NAZARÉ DA MATA,,2609501,Nazaré da Mata,nombre_exacto,,2609501,True,2018|2022
PE,24910,OLINDA,,2609600,Olinda,nombre_exacto,,2609600,True,2018|2022
PE,24937,OROBÓ,,2609709,Orobó,nombre_exacto,,2609709,True,2018|2022
PE,24953,OROCÓ,,2609808,Orocó,nombre_exacto,,2609808,True,2018|2022
PE,24970,OURICURI,,2609907,Ouricuri,nombre_exacto,,2609907,True,2018|2022
PE,24996,PALMARES,,2610004,Palmares,nombre_exacto,,2610004,True,2018|2022
PE,25011,PALMEIRINA,,2610103,Palmeirina,nombre_exacto,,2610103,True,2018|2022
PE,25038,PANELAS,,2610202,Panelas,nombre_exacto,,2610202,True,2018|2022
PE,25054,PARANATAMA,,2610301,Paranatama,nombre_exacto,,2610301,True,2018|2022
PE,25070,PARNAMIRIM,,2610400,Parnamirim,nombre_exacto,,2610400,True,2018|2022
PE,25097,PASSIRA,,2610509,Passira,nombre_exacto,,2610509,True,2018|2022
PE,25119,PAUDALHO,,2610608,Paudalho,nombre_exacto,,2610608,True,2018|2022
PE,25135,PAULISTA,,2610707,Paulista,nombre_exacto,,2610707,True,2018|2022
PE,25151,PEDRA,,2610806,Pedra,nombre_exacto,,2610806,True,2018|2022
PE,25178,PESQUEIRA,,2610905,Pesqueira,nombre_exacto,,2610905,True,2018|2022
PE,25194,PETROLÂNDIA,,2611002,Petrolândia,nombre_exacto,,2611002,True,2018|2022
PE,25216,PETROLINA,,2611101,Petrolina,nombre_exacto,,2611101,True,2018|2022
PE,25232,POÇÃO,,2611200,Poção,nombre_exacto,,2611200,True,2018|2022
PE,25259,POMBOS,,2611309,Pombos,nombre_exacto,,2611309,True,2018|2022
PE,25275,PRIMAVERA,,2611408,Primavera,nombre_exacto,,2611408,True,2018|2022
PE,25291,QUIPAPÁ,,2611507,Quipapá,nombre_exacto,,2611507,True,2018|2022
PE,25313,RECIFE,,2611606,Recife,nombre_exacto,,2611606,True,2018|2022
PE,25330,RIACHO DAS ALMAS,,2611705,Riacho das Almas,nombre_exacto,,2611705,True,2018|2022
PE,25356,RIBEIRÃO,,2611804,Ribeirão,nombre_exacto,,2611804,True,2018|2022
PE,25372,RIO FORMOSO,,2611903,Rio Formoso,nombre_exacto,,2611903,True,2018|2022
PE,25399,SAIRÉ,,2612000,Sairé,nombre_exacto,,2612000,True,2018|2022
PE,25410,SALGADINHO,,2612109,Salgadinho,nombre_exacto,,2612109,True,2018|2022
PE,25437,SALGUEIRO,,2612208,Salgueiro,nombre_exacto,,2612208,True,2018|2022
PE,25453,SALOÁ,,2612307,Saloá,nombre_exacto,,2612307,True,2018|2022
PE,25470,SANHARÓ,,2612406,Sanharó,nombre_exacto,,2612406,True,2018|2022
PE,25496,SANTA CRUZ DO CAPIBARIBE,,2612505,Santa Cruz do Capibaribe,nombre_exacto,,2612505,True,2018|2022
PE,25518,SANTA MARIA DA BOA VISTA,,2612604,Santa Maria da Boa Vista,nombre_exacto,,2612604,True,2018|2022
PE,25534,SANTA MARIA DO CAMBUCÁ,,2612703,Santa Maria do Cambucá,nombre_exacto,,2612703,True,2018|2022
PE,25550,SANTA TEREZINHA,,2612802,Santa Terezinha,nombre_exacto,,2612802,True,2018|2022
PE,25577,SÃO BENEDITO DO SUL,,2612901,São Benedito do Sul,nombre_exacto,,2612901,True,2018|2022
PE,25593,SÃO BENTO DO UNA,,2613008,São Bento do Una,nombre_exacto,,2613008,True,2018|2022
PE,25615,SÃO CAITANO,,2613107,São Caitano,nombre_exacto,,2613107,True,2018|2022
PE,25631,SÃO JOÃO,,2613206,São João,nombre_exacto,,2613206,True,2018|2022
PE,25658,SÃO JOAQUIM DO MONTE,,2613305,São Joaquim do Monte,nombre_exacto,,2613305,True,2018|2022
PE,25674,SÃO JOSÉ DA COROA GRANDE,,2613404,São José da Coroa Grande,nombre_exacto,,2613404,True,2018|2022
PE,25690,SÃO JOSÉ DO BELMONTE,,2613503,São José do Belmonte,nombre_exacto,,2613503,True,2018|2022
PE,25712,SÃO JOSÉ DO EGITO,,2613602,São José do Egito,nombre_exacto,,2613602,True,2018|2022
PE,25739,SÃO LOURENÇO DA MATA,,2613701,São Lourenço da Mata,nombre_exacto,,2613701,True,2018|2022
PE,25755,SÃO VICENTE FÉRRER,,2613800,São Vicente Férrer,nombre_exacto,,2613800,True,2018|2022
PE,25771,SERRA TALHADA,,2613909,Serra Talhada,nombre_exacto,,2613909,True,2018|2022
PE,25798,SERRITA,,2614006,Serrita,nombre_exacto,,2614006,True,2018|2022
PE,25810,SERTÂNIA,,2614105,Sertânia,nombre_exacto,,2614105,True,2018|2022
PE,25836,SIRINHAÉM,,2614204,Sirinhaém,nombre_exacto,,2614204,True,2018|2022
PE,25852,MOREILÂNDIA,,2614303,Moreilândia,nombre_exacto,,2614303,True,2018|2022
PE,25879,SOLIDÃO,,2614402,Solidão,nombre_exacto,,2614402,True,2018|2022
PE,25895,SURUBIM,,2614501,Surubim,nombre_exacto,,2614501,True,2018|2022
PE,25917,TABIRA,,2614600,Tabira,nombre_exacto,,2614600,True,2018|2022
PE,25933,TACAIMBÓ,,2614709,Tacaimbó,nombre_exacto,,2614709,True,2018|2022
PE,25950,TACARATU,,2614808,Tacaratu,nombre_exacto,,2614808,True,2018|2022
PE,25976,ITAMBÉ,,2607653,Itambé,nombre_exacto,,2607653,True,2018|2022
PE,25992,TAQUARITINGA DO NORTE,,2615003,Taquaritinga do Norte,nombre_exacto,,2615003,True,2018|2022
PE,26018,TEREZINHA,,2615102,Terezinha,nombre_exacto,,2615102,True,2018|2022
PE,26034,TERRA NOVA,,2615201,Terra Nova,nombre_exacto,,2615201,True,2018|2022
PE,26050,TIMBAÚBA,,2615300,Timbaúba,nombre_exacto,,2615300,True,2018|2022
PE,26077,TORITAMA,,2615409,Toritama,nombre_exacto,,2615409,True,2018|2022
PE,26093,TRACUNHAÉM,,2615508,Tracunhaém,nombre_exacto,,2615508,True,2018|2022
PE,26115,TRINDADE,,2615607,Trindade,nombre_exacto,,2615607,True,2018|2022
PE,26131,TRIUNFO,,2615706,Triunfo,nombre_exacto,,2615706,True,2018|2022
PE,26158,TUPANATINGA,,2615805,Tupanatinga,nombre_exacto,,2615805,True,2018|2022
PE,26174,TUPARETAMA,,2615904,Tuparetama,nombre_exacto,,2615904,True,2018|2022
PE,26190,VENTUROSA,,2616001,Venturosa,nombre_exacto,,2616001,True,2018|2022
PE,26212,VERDEJANTE,,2616100,Verdejante,nombre_exacto,,2616100,True,2018|2022
PE,26239,VERTENTES,,2616209,Vertentes,nombre_exacto,,2616209,True,2018|2022
PE,26255,VICÊNCIA,,2616308,Vicência,nombre_exacto,,2616308,True,2018|2022
PE,26271,VITÓRIA DE SANTO ANTÃO,,2616407,Vitória de Santo Antão,nombre_exacto,,2616407,True,2018|2022
PE,26298,CAMARAGIBE,,2603454,Camaragibe,nombre_exacto,,2603454,True,2018|2022
PE,26310,ABREU E LIMA,,2600054,Abreu e Lima,nombre_exacto,,2600054,True,2018|2022
PE,26336,ITAPISSUMA,,2607752,Itapissuma,nombre_exacto,,2607752,True,2018|2022
PE,30015,FERNANDO DE NORONHA,,2605459,Fernando de Noronha,nombre_exacto,,2605459,True,2018|2022
PI,10006,BRASILEIRA,,2201960,Brasileira,nombre_exacto,,2201960,True,2018|2022
PI,10014,AGRICOLÂNDIA,,2200103,Agricolândia,nombre_exacto,,2200103,True,2018|2022
PI,10022,ALEGRETE DO PIAUÍ,,2200277,Alegrete do Piauí,nombre_exacto,,2200277,True,2018|2022
PI,10030,ÁGUA BRANCA,,2200202,Água Branca,nombre_exacto,,2200202,True,2018|2022
PI,10049,BAIXA GRANDE DO RIBEIRO,,2201150,Baixa Grande do Ribeiro,nombre_exacto,,2201150,True,2018|2022
PI,10057,ALTO LONGÁ,,2200301,Alto Longá,nombre_exacto,,2200301,True,2018|2022
PI,10065,BOM PRINCÍPIO DO PIAUÍ,,2201919,Bom Princípio do Piauí,nombre_exacto,,2201919,True,2018|2022
PI,10073,ALTOS,,2200400,Altos,nombre_exacto,,2200400,True,2018|2022
PI,10081,BONFIM DO PIAUÍ,,2201929,Bonfim do Piauí,nombre_exacto,,2201929,True,2018|2022
PI,10090,AMARANTE,,2200509,Amarante,nombre_exacto,,2200509,True,2018|2022
PI,10103,BURITI DOS MONTES,,2202026,Buriti dos Montes,nombre_exacto,,2202026,True,2018|2022
PI,10111,ANGICAL DO PIAUÍ,,2200608,Angical do Piauí,nombre_exacto,,2200608,True,2018|2022
PI,10120,CABECEIRAS DO PIAUÍ,,2202059,Cabeceiras do Piauí,nombre_exacto,,2202059,True,2018|2022
PI,10138,ANÍSIO DE ABREU,,2200707,Anísio de Abreu,nombre_exacto,,2200707,True,2018|2022
PI,10146,CALDEIRÃO GRANDE DO PIAUÍ,,2202091,Caldeirão Grande do Piauí,nombre_exacto,,2202091,True,2018|2022
PI,10154,ANTÔNIO ALMEIDA,,2200806,Antônio Almeida,nombre_exacto,,2200806,True,2018|2022
PI,10162,CANAVIEIRA,,2202251,Canavieira,nombre_exacto,,2202251,True,2018|2022
PI,10170,AROAZES,,2200905,Aroazes,nombre_exacto,,2200905,True,2018|2022
PI,10189,COIVARAS,,2202737,Coivaras,nombre_exacto,,2202737,True,2018|2022
PI,10197,ARRAIAL,,2201002,Arraial,nombre_exacto,,2201002,True,2018|2022
PI,10200,COLÔNIA DO GURGUÉIA,,2202752,Colônia do Gurguéia,nombre_exacto,,2202752,True,2018|2022
PI,10219,AVELINO LOPES,,2201101,Avelino Lopes,nombre_exacto,,2201101,True,2018|2022
PI,10227,COLÔNIA DO PIAUÍ,,2202778,Colônia do Piauí,nombre_exacto,,2202778,True,2018|2022
PI,10235,BARRAS,,2201200,Barras,nombre_exacto,,2201200,True,2018|2022
PI,10243,CORONEL JOSÉ DIAS,,2202851,Coronel José Dias,nombre_exacto,,2202851,True,2018|2022
PI,10251,BARREIRAS DO PIAUÍ,,2201309,Barreiras do Piauí,nombre_exacto,,2201309,True,2018|2022
PI,10260,FARTURA DO PIAUÍ,,2203750,Fartura do Piauí,nombre_exacto,,2203750,True,2018|2022
PI,10278,BARRO DURO,,2201408,Barro Duro,nombre_exacto,,2201408,True,2018|2022
PI,10286,JACOBINA DO PIAUÍ,,2205151,Jacobina do Piauí,nombre_exacto,,2205151,True,2018|2022
PI,10294,BATALHA,,2201507,Batalha,nombre_exacto,,2201507,True,2018|2022
PI,10308,JARDIM DO MULATO,,2205250,Jardim do Mulato,nombre_exacto,,2205250,True,2018|2022
PI,10316,BENEDITINOS,,2201606,Beneditinos,nombre_exacto,,2201606,True,2018|2022
PI,10324,LAGOA ALEGRE,,2205557,Lagoa Alegre,nombre_exacto,,2205557,True,2018|2022
PI,10332,BERTOLÍNIA,,2201705,Bertolínia,nombre_exacto,,2201705,True,2018|2022
PI,10340,LAGOA DO BARRO DO PIAUÍ,,2205565,Lagoa do Barro do Piauí,nombre_exacto,,2205565,True,2018|2022
PI,10359,BOCAINA,,2201804,Bocaina,nombre_exacto,,2201804,True,2018|2022
PI,10367,MARCOLÂNDIA,,2205953,Marcolândia,nombre_exacto,,2205953,True,2018|2022
PI,10375,BOM JESUS,,2201903,Bom Jesus,nombre_exacto,,2201903,True,2018|2022
PI,10383,PATOS DO PIAUÍ,,2207777,Patos do Piauí,nombre_exacto,,2207777,True,2018|2022
PI,10391,BURITI DOS LOPES,,2202000,Buriti dos Lopes,nombre_exacto,,2202000,True,2018|2022
PI,10405,PASSAGEM FRANCA DO PIAUÍ,,2207751,Passagem Franca do Piauí,nombre_exacto,,2207751,True,2018|2022
PI,10413,CAMPINAS DO PIAUÍ,,2202109,Campinas do Piauí,nombre_exacto,,2202109,True,2018|2022
PI,10421,QUEIMADA NOVA,,2208650,Queimada Nova,nombre_exacto,,2208650,True,2018|2022
PI,10430,CAMPO MAIOR,,2202208,Campo Maior,nombre_exacto,,2202208,True,2018|2022
PI,10448,SANTA CRUZ DOS MILAGRES,,2209153,Santa Cruz dos Milagres,nombre_exacto,,2209153,True,2018|2022
PI,10456,CANTO DO BURITI,,2202307,Canto do Buriti,nombre_exacto,,2202307,True,2018|2022
PI,10464,SANTA ROSA DO PIAUÍ,,2209377,Santa Rosa do Piauí,nombre_exacto,,2209377,True,2018|2022
PI,10472,CAPITÃO DE CAMPOS,,2202406,Capitão de Campos,nombre_exacto,,2202406,True,2018|2022
PI,10480,SANTANA DO PIAUÍ,,2209351,Santana do Piauí,nombre_exacto,,2209351,True,2018|2022
PI,10499,CARACOL,,2202505,Caracol,nombre_exacto,,2202505,True,2018|2022
PI,10502,SÃO BRAZ DO PIAUÍ,,2209559,São Braz do Piauí,nombre_exacto,,2209559,True,2018|2022
PI,10510,CASTELO DO PIAUÍ,,2202604,Castelo do Piauí,nombre_exacto,,2202604,True,2018|2022
PI,10529,SÃO JOSÉ DO DIVINO,,2210052,São José do Divino,nombre_exacto,,2210052,True,2018|2022
PI,10537,COCAL,,2202703,Cocal,nombre_exacto,,2202703,True,2018|2022
PI,10545,SIGEFREDO PACHECO,,2210656,Sigefredo Pacheco,nombre_exacto,,2210656,True,2018|2022
PI,10553,CONCEIÇÃO DO CANINDÉ,,2202802,Conceição do Canindé,nombre_exacto,,2202802,True,2018|2022
PI,10561,SÃO LOURENÇO DO PIAUÍ,,2210359,São Lourenço do Piauí,nombre_exacto,,2210359,True,2018|2022
PI,10570,CORRENTE,,2202901,Corrente,nombre_exacto,,2202901,True,2018|2022
PI,10588,VÁRZEA BRANCA,,2211357,Várzea Branca,nombre_exacto,,2211357,True,2018|2022
PI,10596,CRISTALÂNDIA DO PIAUÍ,,2203008,Cristalândia do Piauí,nombre_exacto,,2203008,True,2018|2022
PI,10600,BARRA D ALCÂNTARA,,2201176,Barra D'Alcântara,nombre_exacto,,2201176,True,2018|2022
PI,10618,CRISTINO CASTRO,,2203107,Cristino Castro,nombre_exacto,,2203107,True,2018|2022
PI,10626,BELA VISTA DO PIAUÍ,,2201556,Bela Vista do Piauí,nombre_exacto,,2201556,True,2018|2022
PI,10634,CURIMATÁ,,2203206,Curimatá,nombre_exacto,,2203206,True,2018|2022
PI,10642,BREJO DO PIAUÍ,,2201988,Brejo do Piauí,nombre_exacto,,2201988,True,2018|2022
PI,10650,DEMERVAL LOBÃO,,2203305,Demerval Lobão,nombre_exacto,,2203305,True,2018|2022
PI,10669,BOA HORA,,2201770,Boa Hora,nombre_exacto,,2201770,True,2018|2022
PI,10677,DOM EXPEDITO LOPES,,2203404,Dom Expedito Lopes,nombre_exacto,,2203404,True,2018|2022
PI,10685,DOM INOCÊNCIO,,2203453,Dom Inocêncio,nombre_exacto,,2203453,True,2018|2022
PI,10693,ELESBÃO VELOSO,,2203503,Elesbão Veloso,nombre_exacto,,2203503,True,2018|2022
PI,10707,CAPITÃO GERVÁSIO OLIVEIRA,,2202455,Capitão Gervásio Oliveira,nombre_exacto,,2202455,True,2018|2022
PI,10715,ELISEU MARTINS,,2203602,Eliseu Martins,nombre_exacto,,2203602,True,2018|2022
PI,10723,CAMPO GRANDE DO PIAUÍ,,2202133,Campo Grande do Piauí,nombre_exacto,,2202133,True,2018|2022
PI,10731,ESPERANTINA,,2203701,Esperantina,nombre_exacto,,2203701,True,2018|2022
PI,10740,CAMPO LARGO DO PIAUÍ,,2202174,Campo Largo do Piauí,nombre_exacto,,2202174,True,2018|2022
PI,10758,FLORES DO PIAUÍ,,2203800,Flores do Piauí,nombre_exacto,,2203800,True,2018|2022
PI,10766,CURRAIS,,2203230,Currais,nombre_exacto,,2203230,True,2018|2022
PI,10774,FLORIANO,,2203909,Floriano,nombre_exacto,,2203909,True,2018|2022
PI,10782,GEMINIANO,,2204352,Geminiano,nombre_exacto,,2204352,True,2018|2022
PI,10790,FRANCINÓPOLIS,,2204006,Francinópolis,nombre_exacto,,2204006,True,2018|2022
PI,10804,GUARIBAS,,2204550,Guaribas,nombre_exacto,,2204550,True,2018|2022
PI,10812,FRANCISCO AYRES,,2204105,Francisco Ayres,nombre_exacto,,2204105,True,2018|2022
PI,10820,ILHA GRANDE,,2204659,Ilha Grande,nombre_exacto,,2204659,True,2018|2022
PI,10839,FRANCISCO SANTOS,,2204204,Francisco Santos,nombre_exacto,,2204204,True,2018|2022
PI,10847,JUREMA,,2205532,Jurema,nombre_exacto,,2205532,True,2018|2022
PI,10855,FRONTEIRAS,,2204303,Fronteiras,nombre_exacto,,2204303,True,2018|2022
PI,10863,LAGOA DE SÃO FRANCISCO,,2205573,Lagoa de São Francisco,nombre_exacto,,2205573,True,2018|2022
PI,10871,GILBUÉS,,2204402,Gilbués,nombre_exacto,,2204402,True,2018|2022
PI,10880,MORRO CABEÇA NO TEMPO,,2206654,Morro Cabeça no Tempo,nombre_exacto,,2206654,True,2018|2022
PI,10898,GUADALUPE,,2204501,Guadalupe,nombre_exacto,,2204501,True,2018|2022
PI,10901,NOVO SANTO ANTÔNIO,,2206951,Novo Santo Antônio,nombre_exacto,,2206951,True,2018|2022
PI,10910,HUGO NAPOLEÃO,,2204600,Hugo Napoleão,nombre_exacto,,2204600,True,2018|2022
PI,10928,NOSSA SENHORA DE NAZARÉ,,2206753,Nossa Senhora de Nazaré,nombre_exacto,,2206753,True,2018|2022
PI,10936,INHUMA,,2204709,Inhuma,nombre_exacto,,2204709,True,2018|2022
PI,10944,PAQUETÁ,,2207553,Paquetá,nombre_exacto,,2207553,True,2018|2022
PI,10952,IPIRANGA DO PIAUÍ,,2204808,Ipiranga do Piauí,nombre_exacto,,2204808,True,2018|2022
PI,10960,NOVA SANTA RITA,,2207959,Nova Santa Rita,nombre_exacto,,2207959,True,2018|2022
PI,10979,ISAÍAS COELHO,,2204907,Isaías Coelho,nombre_exacto,,2204907,True,2018|2022
PI,10987,SÃO JOÃO DO ARRAIAL,,2209971,São João do Arraial,nombre_exacto,,2209971,True,2018|2022
PI,10995,ITAINÓPOLIS,,2205003,Itainópolis,nombre_exacto,,2205003,True,2018|2022
PI,11010,ITAUEIRA,,2205102,Itaueira,nombre_exacto,,2205102,True,2018|2022
PI,11037,JAICÓS,,2205201,Jaicós,nombre_exacto,,2205201,True,2018|2022
PI,11053,JERUMENHA,,2205300,Jerumenha,nombre_exacto,,2205300,True,2018|2022
PI,11070,JOAQUIM PIRES,,2205409,Joaquim Pires,nombre_exacto,,2205409,True,2018|2022
PI,11088,SÃO JOÃO DA CANABRAVA,,2209856,São João da Canabrava,nombre_exacto,,2209856,True,2018|2022
PI,11096,JOSÉ DE FREITAS,,2205508,José de Freitas,nombre_exacto,,2205508,True,2018|2022
PI,11118,LANDRI SALES,,2205607,Landri Sales,nombre_exacto,,2205607,True,2018|2022
PI,11134,LUIS CORREIA,,2205706,Luís Correia,nombre_exacto,,2205706,True,2018|2022
PI,11150,LUZILÂNDIA,,2205805,Luzilândia,nombre_exacto,,2205805,True,2018|2022
PI,11177,MANOEL EMÍDIO,,2205904,Manoel Emídio,nombre_exacto,,2205904,True,2018|2022
PI,11193,MARCOS PARENTE,,2206001,Marcos Parente,nombre_exacto,,2206001,True,2018|2022
PI,11215,MATIAS OLÍMPIO,,2206100,Matias Olímpio,nombre_exacto,,2206100,True,2018|2022
PI,11231,MIGUEL ALVES,,2206209,Miguel Alves,nombre_exacto,,2206209,True,2018|2022
PI,11258,MIGUEL LEÃO,,2206308,Miguel Leão,nombre_exacto,,2206308,True,2018|2022
PI,11274,MONSENHOR GIL,,2206407,Monsenhor Gil,nombre_exacto,,2206407,True,2018|2022
PI,11290,MONSENHOR HIPÓLITO,,2206506,Monsenhor Hipólito,nombre_exacto,,2206506,True,2018|2022
PI,11312,MONTE ALEGRE DO PIAUÍ,,2206605,Monte Alegre do Piauí,nombre_exacto,,2206605,True,2018|2022
PI,11339,NAZARÉ DO PIAUÍ,,2206704,Nazaré do Piauí,nombre_exacto,,2206704,True,2018|2022
PI,11355,NOSSA SENHORA DOS REMÉDIOS,,2206803,Nossa Senhora dos Remédios,nombre_exacto,,2206803,True,2018|2022
PI,11371,NOVO ORIENTE DO PIAUÍ,,2206902,Novo Oriente do Piauí,nombre_exacto,,2206902,True,2018|2022
PI,11398,OEIRAS,,2207009,Oeiras,nombre_exacto,,2207009,True,2018|2022
PI,11410,DOMINGOS MOURÃO,,2203420,Domingos Mourão,nombre_exacto,,2203420,True,2018|2022
PI,11436,PADRE MARCOS,,2207207,Padre Marcos,nombre_exacto,,2207207,True,2018|2022
PI,11452,PAES LANDIM,,2207306,Paes Landim,nombre_exacto,,2207306,True,2018|2022
PI,11479,PALMEIRA DO PIAUÍ,,2207405,Palmeira do Piauí,nombre_exacto,,2207405,True,2018|2022
PI,11495,PALMEIRAIS,,2207504,Palmeirais,nombre_exacto,,2207504,True,2018|2022
PI,11517,PARNAGUÁ,,2207603,Parnaguá,nombre_exacto,,2207603,True,2018|2022
PI,11533,PARNAÍBA,,2207702,Parnaíba,nombre_exacto,,2207702,True,2018|2022
PI,11550,PAULISTANA,,2207801,Paulistana,nombre_exacto,,2207801,True,2018|2022
PI,11576,PEDRO II,,2207900,Pedro II,nombre_exacto,,2207900,True,2018|2022
PI,11592,PICOS,,2208007,Picos,nombre_exacto,,2208007,True,2018|2022
PI,11614,PIMENTEIRAS,,2208106,Pimenteiras,nombre_exacto,,2208106,True,2018|2022
PI,11630,PIO IX,,2208205,Pio IX,nombre_exacto,,2208205,True,2018|2022
PI,11657,PIRACURUCA,,2208304,Piracuruca,nombre_exacto,,2208304,True,2018|2022
PI,11673,PIRIPIRI,,2208403,Piripiri,nombre_exacto,,2208403,True,2018|2022
PI,11690,PORTO,,2208502,Porto,nombre_exacto,,2208502,True,2018|2022
PI,11711,PRATA DO PIAUÍ,,2208601,Prata do Piauí,nombre_exacto,,2208601,True,2018|2022
PI,11738,REDENÇÃO DO GURGUÉIA,,2208700,Redenção do Gurguéia,nombre_exacto,,2208700,True,2018|2022
PI,11754,REGENERAÇÃO,,2208809,Regeneração,nombre_exacto,,2208809,True,2018|2022
PI,11770,RIBEIRO GONÇALVES,,2208908,Ribeiro Gonçalves,nombre_exacto,,2208908,True,2018|2022
PI,11797,RIO GRANDE DO PIAUÍ,,2209005,Rio Grande do Piauí,nombre_exacto,,2209005,True,2018|2022
PI,11819,SANTA CRUZ DO PIAUÍ,,2209104,Santa Cruz do Piauí,nombre_exacto,,2209104,True,2018|2022
PI,11835,SANTA FILOMENA,,2209203,Santa Filomena,nombre_exacto,,2209203,True,2018|2022
PI,11851,SANTA LUZ,,2209302,Santa Luz,nombre_exacto,,2209302,True,2018|2022
PI,11878,SANTO ANTÔNIO DE LISBOA,,2209401,Santo Antônio de Lisboa,nombre_exacto,,2209401,True,2018|2022
PI,11894,SANTO INÁCIO DO PIAUÍ,,2209500,Santo Inácio do Piauí,nombre_exacto,,2209500,True,2018|2022
PI,11916,SÃO FÉLIX DO PIAUÍ,,2209609,São Félix do Piauí,nombre_exacto,,2209609,True,2018|2022
PI,11932,SÃO FRANCISCO DO PIAUÍ,,2209708,São Francisco do Piauí,nombre_exacto,,2209708,True,2018|2022
PI,11959,SÃO GONÇALO DO PIAUÍ,,2209807,São Gonçalo do Piauí,nombre_exacto,,2209807,True,2018|2022
PI,11975,SÃO JOÃO DA SERRA,,2209906,São João da Serra,nombre_exacto,,2209906,True,2018|2022
PI,11991,SÃO JOÃO DO PIAUÍ,,2210003,São João do Piauí,nombre_exacto,,2210003,True,2018|2022
PI,12009,SÃO JOÃO DA FRONTEIRA,,2209872,São João da Fronteira,nombre_exacto,,2209872,True,2018|2022
PI,12017,SÃO JOSÉ DO PEIXE,,2210102,São José do Peixe,nombre_exacto,,2210102,True,2018|2022
PI,12025,SÃO JOÃO DA VARJOTA,,2209955,São João da Varjota,nombre_exacto,,2209955,True,2018|2022
PI,12033,SÃO JOSÉ DO PIAUÍ,,2210201,São José do Piauí,nombre_exacto,,2210201,True,2018|2022
PI,12041,SEBASTIÃO BARROS,,2210623,Sebastião Barros,nombre_exacto,,2210623,True,2018|2022
PI,12050,SÃO JULIÃO,,2210300,São Julião,nombre_exacto,,2210300,True,2018|2022
PI,12068,SEBASTIÃO LEAL,,2210631,Sebastião Leal,nombre_exacto,,2210631,True,2018|2022
PI,12076,SÃO MIGUEL DO TAPUIO,,2210409,São Miguel do Tapuio,nombre_exacto,,2210409,True,2018|2022
PI,12084,ALVORADA DO GURGUÉIA,,2200459,Alvorada do Gurguéia,nombre_exacto,,2200459,True,2018|2022
PI,12092,SÃO PEDRO DO PIAUÍ,,2210508,São Pedro do Piauí,nombre_exacto,,2210508,True,2018|2022
PI,12106,ASSUNÇÃO DO PIAUÍ,,2201051,Assunção do Piauí,nombre_exacto,,2201051,True,2018|2022
PI,12114,SÃO RAIMUNDO NONATO,,2210607,São Raimundo Nonato,nombre_exacto,,2210607,True,2018|2022
PI,12122,BETÂNIA DO PIAUÍ,,2201739,Betânia do Piauí,nombre_exacto,,2201739,True,2018|2022
PI,12130,SIMÕES,,2210706,Simões,nombre_exacto,,2210706,True,2018|2022
PI,12149,BOQUEIRÃO DO PIAUÍ,,2201945,Boqueirão do Piauí,nombre_exacto,,2201945,True,2018|2022
PI,12157,SIMPLÍCIO MENDES,,2210805,Simplício Mendes,nombre_exacto,,2210805,True,2018|2022
PI,12165,CARIDADE DO PIAUÍ,,2202554,Caridade do Piauí,nombre_exacto,,2202554,True,2018|2022
PI,12173,SOCORRO DO PIAUÍ,,2210904,Socorro do Piauí,nombre_exacto,,2210904,True,2018|2022
PI,12181,CURRAL NOVO DO PIAUÍ,,2203271,Curral Novo do Piauí,nombre_exacto,,2203271,True,2018|2022
PI,12190,TERESINA,,2211001,Teresina,nombre_exacto,,2211001,True,2018|2022
PI,12203,JÚLIO BORGES,,2205524,Júlio Borges,nombre_exacto,,2205524,True,2018|2022
PI,12211,UNIÃO,,2211100,União,nombre_exacto,,2211100,True,2018|2022
PI,12220,LAGOA DO SÍTIO,,2205599,Lagoa do Sítio,nombre_exacto,,2205599,True,2018|2022
PI,12238,URUÇUÍ,,2211209,Uruçuí,nombre_exacto,,2211209,True,2018|2022
PI,12246,MILTON BRANDÃO,,2206357,Milton Brandão,nombre_exacto,,2206357,True,2018|2022
PI,12254,VALENÇA DO PIAUÍ,,2211308,Valença do Piauí,nombre_exacto,,2211308,True,2018|2022
PI,12262,PAJEÚ DO PIAUÍ,,2207355,Pajeú do Piauí,nombre_exacto,,2207355,True,2018|2022
PI,12270,VÁRZEA GRANDE,,2211407,Várzea Grande,nombre_exacto,,2211407,True,2018|2022
PI,12289,PAVUSSU,,2207850,Pavussu,nombre_exacto,,2207850,True,2018|2022
PI,12297,DIRCEU ARCOVERDE,,2203354,Dirceu Arcoverde,nombre_exacto,,2203354,True,2018|2022
PI,12300,RIACHO FRIO,,2208858,Riacho Frio,nombre_exacto,,2208858,True,2018|2022
PI,12319,ALAGOINHA DO PIAUÍ,,2200251,Alagoinha do Piauí,nombre_exacto,,2200251,True,2018|2022
PI,12327,ACAUÃ,,2200053,Acauã,nombre_exacto,,2200053,True,2018|2022
PI,12335,BELÉM DO PIAUÍ,,2201572,Belém do Piauí,nombre_exacto,,2201572,True,2018|2022
PI,12343,CAJAZEIRAS DO PIAUÍ,,2202075,Cajazeiras do Piauí,nombre_exacto,,2202075,True,2018|2022
PI,12351,CAMPO ALEGRE DO FIDALGO,,2202117,Campo Alegre do Fidalgo,nombre_exacto,,2202117,True,2018|2022
PI,12360,COCAL DE TELHA,,2202711,Cocal de Telha,nombre_exacto,,2202711,True,2018|2022
PI,12378,FRANCISCO MACEDO,,2204154,Francisco Macedo,nombre_exacto,,2204154,True,2018|2022
PI,12386,JOÃO COSTA,,2205359,João Costa,nombre_exacto,,2205359,True,2018|2022
PI,12394,JATOBÁ DO PIAUÍ,,2205276,Jatobá do Piauí,nombre_exacto,,2205276,True,2018|2022
PI,12408,JOCA MARQUES,,2205458,Joca Marques,nombre_exacto,,2205458,True,2018|2022
PI,12416,JUAZEIRO DO PIAUÍ,,2205516,Juazeiro do Piauí,nombre_exacto,,2205516,True,2018|2022
PI,12424,LAGOA DO PIAUÍ,,2205581,Lagoa do Piauí,nombre_exacto,,2205581,True,2018|2022
PI,12432,LAGOINHA DO PIAUÍ,,2205540,Lagoinha do Piauí,nombre_exacto,,2205540,True,2018|2022
PI,12440,MADEIRO,,2205854,Madeiro,nombre_exacto,,2205854,True,2018|2022
PI,12459,MORRO DO CHAPÉU DO PIAUÍ,,2206670,Morro do Chapéu do Piauí,nombre_exacto,,2206670,True,2018|2022
PI,12467,MASSAPÊ DO PIAUÍ,,2206050,Massapê do Piauí,nombre_exacto,,2206050,True,2018|2022
PI,12475,MURICI DOS PORTELAS,,2206696,Murici dos Portelas,nombre_exacto,,2206696,True,2018|2022
PI,12483,OLHO D ÁGUA DO PIAUÍ,,2207108,Olho D'Água do Piauí,nombre_exacto,,2207108,True,2018|2022
PI,12491,PEDRO LAURENTINO,,2207934,Pedro Laurentino,nombre_exacto,,2207934,True,2018|2022
PI,12505,SÃO FRANCISCO DE ASSIS DO PIAUÍ,,2209658,São Francisco de Assis do Piauí,nombre_exacto,,2209658,True,2018|2022
PI,12513,SUSSUAPARA,,2210938,Sussuapara,nombre_exacto,,2210938,True,2018|2022
PI,12521,TANQUE DO PIAUÍ,,2210979,Tanque do Piauí,nombre_exacto,,2210979,True,2018|2022
PI,12530,TAMBORIL DO PIAUÍ,,2210953,Tamboril do Piauí,nombre_exacto,,2210953,True,2018|2022
PI,12548,VILA NOVA DO PIAUÍ,,2211605,Vila Nova do Piauí,nombre_exacto,,2211605,True,2018|2022
PI,12556,VERA MENDES,,2211506,Vera Mendes,nombre_exacto,,2211506,True,2018|2022
PI,12564,WALL FERRAZ,,2211704,Wall Ferraz,nombre_exacto,,2211704,True,2018|2022
PI,12572,CAJUEIRO DA PRAIA,,2202083,Cajueiro da Praia,nombre_exacto,,2202083,True,2018|2022
PI,12580,CURRALINHOS,,2203255,Curralinhos,nombre_exacto,,2203255,True,2018|2022
PI,12599,PORTO ALEGRE DO PIAUÍ,,2208551,Porto Alegre do Piauí,nombre_exacto,,2208551,True,2018|2022
PI,12602,RIBEIRA DO PIAUÍ,,2208874,Ribeira do Piauí,nombre_exacto,,2208874,True,2018|2022
PI,12610,SÃO GONÇALO DO GURGUÉIA,,2209757,São Gonçalo do Gurguéia,nombre_exacto,,2209757,True,2018|2022
PI,12629,SÃO LUIS DO PIAUÍ,,2210375,São Luis do Piauí,nombre_exacto,,2210375,True,2018|2022
PI,12637,FLORESTA DO PIAUÍ,,2203859,Floresta do Piauí,nombre_exacto,,2203859,True,2018|2022
PI,12653,SANTO ANTÔNIO DOS MILAGRES,,2209450,Santo Antônio dos Milagres,nombre_exacto,,2209450,True,2018|2022
PI,12661,SÃO MIGUEL DA BAIXA GRANDE,,2210383,São Miguel da Baixa Grande,nombre_exacto,,2210383,True,2018|2022
PI,12670,CARAÚBAS DO PIAUÍ,,2202539,Caraúbas do Piauí,nombre_exacto,,2202539,True,2018|2022
PI,12688,CAXINGÓ,,2202653,Caxingó,nombre_exacto,,2202653,True,2018|2022
PI,12696,COCAL DOS ALVES,,2202729,Cocal dos Alves,nombre_exacto,,2202729,True,2018|2022
PI,12700,SÃO MIGUEL DO FIDALGO,,2210391,São Miguel do Fidalgo,nombre_exacto,,2210391,True,2018|2022
PI,12718,PAU D ARCO DO PIAUÍ,,2207793,Pau D'Arco do Piauí,nombre_exacto,,2207793,True,2018|2022
PI,12726,NAZÁRIA,,2206720,Nazária,nombre_exacto,,2206720,True,2018|2022
PI,12734,AROEIRAS DO ITAIM,,2200954,Aroeiras do Itaim,nombre_exacto,,2200954,True,2018|2022
PR,74004,GODOY MOREIRA,,4108551,Godoy Moreira,nombre_exacto,,4108551,True,2018|2022
PR,74012,ABATIÁ,,4100103,Abatiá,nombre_exacto,,4100103,True,2018|2022
PR,74020,IBEMA,,4109757,Ibema,nombre_exacto,,4109757,True,2018|2022
PR,74039,ADRIANÓPOLIS,,4100202,Adrianópolis,nombre_exacto,,4100202,True,2018|2022
PR,74047,LINDOESTE,,4113452,Lindoeste,nombre_exacto,,4113452,True,2018|2022
PR,74055,AGUDOS DO SUL,,4100301,Agudos do Sul,nombre_exacto,,4100301,True,2018|2022
PR,74063,OURO VERDE DO OESTE,,4117453,Ouro Verde do Oeste,nombre_exacto,,4117453,True,2018|2022
PR,74071,ALMIRANTE TAMANDARÉ,,4100400,Almirante Tamandaré,nombre_exacto,,4100400,True,2018|2022
PR,74080,SANTA TEREZA DO OESTE,,4124020,Santa Tereza do Oeste,nombre_exacto,,4124020,True,2018|2022
PR,74098,ALTO PARANÁ,,4100608,Alto Paraná,nombre_exacto,,4100608,True,2018|2022
PR,74101,ANAHY,,4101051,Anahy,nombre_exacto,,4101051,True,2018|2022
PR,74110,ALTO PIQUIRI,,4100707,Alto Piquiri,nombre_exacto,,4100707,True,2018|2022
PR,74128,ÂNGULO,,4101150,Ângulo,nombre_exacto,,4101150,True,2018|2022
PR,74136,ALVORADA DO SUL,,4100806,Alvorada do Sul,nombre_exacto,,4100806,True,2018|2022
PR,74144,BOA ESPERANÇA DO IGUAÇU,,4103024,Boa Esperança do Iguaçu,nombre_exacto,,4103024,True,2018|2022
PR,74152,AMAPORÃ,,4100905,Amaporã,nombre_exacto,,4100905,True,2018|2022
PR,74160,BOM SUCESSO DO SUL,,4103222,Bom Sucesso do Sul,nombre_exacto,,4103222,True,2018|2022
PR,74179,AMPÉRE,,4101002,Ampére,nombre_exacto,,4101002,True,2018|2022
PR,74187,BRASILÂNDIA DO SUL,,4103370,Brasilândia do Sul,nombre_exacto,,4103370,True,2018|2022
PR,74195,ANDIRÁ,,4101101,Andirá,nombre_exacto,,4101101,True,2018|2022
PR,74209,CAFEZAL DO SUL,,4103479,Cafezal do Sul,nombre_exacto,,4103479,True,2018|2022
PR,74217,ANTONINA,,4101200,Antonina,nombre_exacto,,4101200,True,2018|2022
PR,74225,CANDÓI,,4104428,Candói,nombre_exacto,,4104428,True,2018|2022
PR,74233,ANTONIO OLINTO,,4101309,Antônio Olinto,nombre_exacto,,4101309,True,2018|2022
PR,74241,CRUZEIRO DO IGUAÇU,,4106571,Cruzeiro do Iguaçu,nombre_exacto,,4106571,True,2018|2022
PR,74250,APUCARANA,,4101408,Apucarana,nombre_exacto,,4101408,True,2018|2022
PR,74268,DIAMANTE DO SUL,,4107124,Diamante do Sul,nombre_exacto,,4107124,True,2018|2022
PR,74276,ARAPONGAS,,4101507,Arapongas,nombre_exacto,,4101507,True,2018|2022
PR,74284,ENTRE RIOS DO OESTE,,4107538,Entre Rios do Oeste,nombre_exacto,,4107538,True,2018|2022
PR,74292,ARAPOTI,,4101606,Arapoti,nombre_exacto,,4101606,True,2018|2022
PR,74306,FAROL,,4107553,Farol,nombre_exacto,,4107553,True,2018|2022
PR,74314,ARARUNA,,4101705,Araruna,nombre_exacto,,4101705,True,2018|2022
PR,74322,FAZENDA RIO GRANDE,,4107652,Fazenda Rio Grande,nombre_exacto,,4107652,True,2018|2022
PR,74330,MARILÂNDIA DO SUL,,4114906,Marilândia do Sul,nombre_exacto,,4114906,True,2018|2022
PR,74349,FLOR DA SERRA DO SUL,,4107850,Flor da Serra do Sul,nombre_exacto,,4107850,True,2018|2022
PR,74357,ARAUCÁRIA,,4101804,Araucária,nombre_exacto,,4101804,True,2018|2022
PR,74365,HONÓRIO SERPA,,4109658,Honório Serpa,nombre_exacto,,4109658,True,2018|2022
PR,74373,ASSAÍ,,4101903,Assaí,nombre_exacto,,4101903,True,2018|2022
PR,74381,IGUATU,,4110052,Iguatu,nombre_exacto,,4110052,True,2018|2022
PR,74390,ASTORGA,,4102109,Astorga,nombre_exacto,,4102109,True,2018|2022
PR,74403,IRACEMA DO OESTE,,4110656,Iracema do Oeste,nombre_exacto,,4110656,True,2018|2022
PR,74411,ATALAIA,,4102208,Atalaia,nombre_exacto,,4102208,True,2018|2022
PR,74420,NOVO ITACOLOMI,,4117297,Novo Itacolomi,nombre_exacto,,4117297,True,2018|2022
PR,74438,BALSA NOVA,,4102307,Balsa Nova,nombre_exacto,,4102307,True,2018|2022
PR,74446,ITAPERUÇU,,4111258,Itaperuçu,nombre_exacto,,4111258,True,2018|2022
PR,74454,BANDEIRANTES,,4102406,Bandeirantes,nombre_exacto,,4102406,True,2018|2022
PR,74462,IVATÉ,,4111555,Ivaté,nombre_exacto,,4111555,True,2018|2022
PR,74470,BARBOSA FERRAZ,,4102505,Barbosa Ferraz,nombre_exacto,,4102505,True,2018|2022
PR,74489,LIDIANÓPOLIS,,4113429,Lidianópolis,nombre_exacto,,4113429,True,2018|2022
PR,74497,BARRACÃO,,4102604,Barracão,nombre_exacto,,4102604,True,2018|2022
PR,74500,MARIPÁ,,4115358,Maripá,nombre_exacto,,4115358,True,2018|2022
PR,74519,BARRA DO JACARÉ,,4102703,Barra do Jacaré,nombre_exacto,,4102703,True,2018|2022
PR,74527,MATO RICO,,4115739,Mato Rico,nombre_exacto,,4115739,True,2018|2022
PR,74535,BELA VISTA DO PARAÍSO,,4102802,Bela Vista do Paraíso,nombre_exacto,,4102802,True,2018|2022
PR,74543,MAUÁ DA SERRA,,4115754,Mauá da Serra,nombre_exacto,,4115754,True,2018|2022
PR,74551,BITURUNA,,4102901,Bituruna,nombre_exacto,,4102901,True,2018|2022
PR,74560,MERCEDES,,4115853,Mercedes,nombre_exacto,,4115853,True,2018|2022
PR,74578,BOA ESPERANÇA,,4103008,Boa Esperança,nombre_exacto,,4103008,True,2018|2022
PR,74586,NOVA LARANJEIRAS,,4117057,Nova Laranjeiras,nombre_exacto,,4117057,True,2018|2022
PR,74594,BOCAIÚVA DO SUL,,4103107,Bocaiúva do Sul,nombre_exacto,,4103107,True,2018|2022
PR,74608,NOVA SANTA BÁRBARA,,4117214,Nova Santa Bárbara,nombre_exacto,,4117214,True,2018|2022
PR,74616,BOM SUCESSO,,4103206,Bom Sucesso,nombre_exacto,,4103206,True,2018|2022
PR,74624,PATO BRAGADO,,4118451,Pato Bragado,nombre_exacto,,4118451,True,2018|2022
PR,74632,BORRAZÓPOLIS,,4103305,Borrazópolis,nombre_exacto,,4103305,True,2018|2022
PR,74640,PINHAL DE SÃO BENTO,,4119251,Pinhal de São Bento,nombre_exacto,,4119251,True,2018|2022
PR,74659,CAFEARA,,4103404,Cafeara,nombre_exacto,,4103404,True,2018|2022
PR,74667,PITANGUEIRAS,,4119657,Pitangueiras,nombre_exacto,,4119657,True,2018|2022
PR,74675,CALIFÓRNIA,,4103503,Califórnia,nombre_exacto,,4103503,True,2018|2022
PR,74683,QUATRO PONTES,,4120853,Quatro Pontes,nombre_exacto,,4120853,True,2018|2022
PR,74691,CAMBARÁ,,4103602,Cambará,nombre_exacto,,4103602,True,2018|2022
PR,74705,RAMILÂNDIA,,4121257,Ramilândia,nombre_exacto,,4121257,True,2018|2022
PR,74713,CAMBÉ,,4103701,Cambé,nombre_exacto,,4103701,True,2018|2022
PR,74721,RANCHO ALEGRE D OESTE,,4121356,Rancho Alegre D'Oeste,nombre_exacto,,4121356,True,2018|2022
PR,74730,CAMBIRA,,4103800,Cambira,nombre_exacto,,4103800,True,2018|2022
PR,74748,RIO BONITO DO IGUAÇU,,4122156,Rio Bonito do Iguaçu,nombre_exacto,,4122156,True,2018|2022
PR,74756,CAMPINA DA LAGOA,,4103909,Campina da Lagoa,nombre_exacto,,4103909,True,2018|2022
PR,74764,SANTA LÚCIA,,4123824,Santa Lúcia,nombre_exacto,,4123824,True,2018|2022
PR,74772,CAMPINA GRANDE DO SUL,,4104006,Campina Grande do Sul,nombre_exacto,,4104006,True,2018|2022
PR,74780,CAMPO BONITO,,4104055,Campo Bonito,nombre_exacto,,4104055,True,2018|2022
PR,74799,CAMPO DO TENENTE,,4104105,Campo do Tenente,nombre_exacto,,4104105,True,2018|2022
PR,74802,SANTA MARIA DO OESTE,,4123857,Santa Maria do Oeste,nombre_exacto,,4123857,True,2018|2022
PR,74810,CAMPO LARGO,,4104204,Campo Largo,nombre_exacto,,4104204,True,2018|2022
PR,74829,SANTA MÔNICA,,4123956,Santa Mônica,nombre_exacto,,4123956,True,2018|2022
PR,74837,CAMPO MOURÃO,,4104303,Campo Mourão,nombre_exacto,,4104303,True,2018|2022
PR,74845,SÃO MANOEL DO PARANÁ,,4125555,São Manoel do Paraná,nombre_exacto,,4125555,True,2018|2022
PR,74853,CÂNDIDO DE ABREU,,4104402,Cândido de Abreu,nombre_exacto,,4104402,True,2018|2022
PR,74861,SÃO PEDRO DO IGUAÇU,,4125753,São Pedro do Iguaçu,nombre_exacto,,4125753,True,2018|2022
PR,74870,CAPANEMA,,4104501,Capanema,nombre_exacto,,4104501,True,2018|2022
PR,74888,TUNAS DO PARANÁ,,4127882,Tunas do Paraná,nombre_exacto,,4127882,True,2018|2022
PR,74896,CAPITÃO LEÔNIDAS MARQUES,,4104600,Capitão Leônidas Marques,nombre_exacto,,4104600,True,2018|2022
PR,74900,VENTANIA,,4128534,Ventania,nombre_exacto,,4128534,True,2018|2022
PR,74918,CARLÓPOLIS,,4104709,Carlópolis,nombre_exacto,,4104709,True,2018|2022
PR,74926,ALTO PARAÍSO,,4128625,Alto Paraíso,nombre_exacto,,4128625,True,2018|2022
PR,74934,CASCAVEL,,4104808,Cascavel,nombre_exacto,,4104808,True,2018|2022
PR,74942,DOUTOR ULYSSES,,4128633,Doutor Ulysses,nombre_exacto,,4128633,True,2018|2022
PR,74950,CASTRO,,4104907,Castro,nombre_exacto,,4104907,True,2018|2022
PR,74969,VIRMOND,,4128658,Virmond,nombre_exacto,,4128658,True,2018|2022
PR,74977,CATANDUVAS,,4105003,Catanduvas,nombre_exacto,,4105003,True,2018|2022
PR,74985,LARANJAL,,4113254,Laranjal,nombre_exacto,,4113254,True,2018|2022
PR,74993,CENTENÁRIO DO SUL,,4105102,Centenário do Sul,nombre_exacto,,4105102,True,2018|2022
PR,75000,ITAIPULÂNDIA,,4110953,Itaipulândia,nombre_exacto,,4110953,True,2018|2022
PR,75019,CERRO AZUL,,4105201,Cerro Azul,nombre_exacto,,4105201,True,2018|2022
PR,75027,NOVA ESPERANÇA DO SUDOESTE,,4116950,Nova Esperança do Sudoeste,nombre_exacto,,4116950,True,2018|2022
PR,75035,CHOPINZINHO,,4105409,Chopinzinho,nombre_exacto,,4105409,True,2018|2022
PR,75043,PINHAIS,,4119152,Pinhais,nombre_exacto,,4119152,True,2018|2022
PR,75051,CIANORTE,,4105508,Cianorte,nombre_exacto,,4105508,True,2018|2022
PR,75060,SAUDADE DO IGUAÇU,,4126272,Saudade do Iguaçu,nombre_exacto,,4126272,True,2018|2022
PR,75078,CIDADE GAÚCHA,,4105607,Cidade Gaúcha,nombre_exacto,,4105607,True,2018|2022
PR,75086,ARIRANHA DO IVAÍ,,4101853,Ariranha do Ivaí,nombre_exacto,,4101853,True,2018|2022
PR,75094,CLEVELÂNDIA,,4105706,Clevelândia,nombre_exacto,,4105706,True,2018|2022
PR,75108,ARAPUÃ,,4101655,Arapuã,nombre_exacto,,4101655,True,2018|2022
PR,75116,MANGUEIRINHA,,4114401,Mangueirinha,nombre_exacto,,4114401,True,2018|2022
PR,75124,BELA VISTA DA CAROBA,,4102752,Bela Vista da Caroba,nombre_exacto,,4102752,True,2018|2022
PR,75132,COLOMBO,,4105805,Colombo,nombre_exacto,,4105805,True,2018|2022
PR,75140,BOA VENTURA DE SÃO ROQUE,,4103040,Boa Ventura de São Roque,nombre_exacto,,4103040,True,2018|2022
PR,75159,COLORADO,,4105904,Colorado,nombre_exacto,,4105904,True,2018|2022
PR,75167,BOM JESUS DO SUL,,4103156,Bom Jesus do Sul,nombre_exacto,,4103156,True,2018|2022
PR,75175,CONGONHINHAS,,4106001,Congonhinhas,nombre_exacto,,4106001,True,2018|2022
PR,75183,CAMPINA DO SIMÃO,,4103958,Campina do Simão,nombre_exacto,,4103958,True,2018|2022
PR,75191,CONSELHEIRO MAIRINCK,,4106100,Conselheiro Mairinck,nombre_exacto,,4106100,True,2018|2022
PR,75205,CAMPO MAGRO,,4104253,Campo Magro,nombre_exacto,,4104253,True,2018|2022
PR,75213,CONTENDA,,4106209,Contenda,nombre_exacto,,4106209,True,2018|2022
PR,75221,CARAMBEÍ,,4104659,Carambeí,nombre_exacto,,4104659,True,2018|2022
PR,75230,CORBÉLIA,,4106308,Corbélia,nombre_exacto,,4106308,True,2018|2022
PR,75248,CORONEL DOMINGOS SOARES,,4106456,Coronel Domingos Soares,nombre_exacto,,4106456,True,2018|2022
PR,75256,CORNÉLIO PROCÓPIO,,4106407,Cornélio Procópio,nombre_exacto,,4106407,True,2018|2022
PR,75264,CRUZMALTINA,,4106852,Cruzmaltina,nombre_exacto,,4106852,True,2018|2022
PR,75272,CORONEL VIVIDA,,4106506,Coronel Vivida,nombre_exacto,,4106506,True,2018|2022
PR,75280,CORUMBATAÍ DO SUL,,4106555,Corumbataí do Sul,nombre_exacto,,4106555,True,2018|2022
PR,75299,CRUZEIRO DO OESTE,,4106605,Cruzeiro do Oeste,nombre_exacto,,4106605,True,2018|2022
PR,75302,ESPERANÇA NOVA,,4107520,Esperança Nova,nombre_exacto,,4107520,True,2018|2022
PR,75310,CRUZEIRO DO SUL,,4106704,Cruzeiro do Sul,nombre_exacto,,4106704,True,2018|2022
PR,75329,ESPIGÃO ALTO DO IGUAÇU,,4107546,Espigão Alto do Iguaçu,nombre_exacto,,4107546,True,2018|2022
PR,75337,CRUZ MACHADO,,4106803,Cruz Machado,nombre_exacto,,4106803,True,2018|2022
PR,75345,FERNANDES PINHEIRO,,4107736,Fernandes Pinheiro,nombre_exacto,,4107736,True,2018|2022
PR,75353,CURITIBA,,4106902,Curitiba,nombre_exacto,,4106902,True,2018|2022
PR,75361,FOZ DO JORDÃO,,4108452,Foz do Jordão,nombre_exacto,,4108452,True,2018|2022
PR,75370,CURIÚVA,,4107009,Curiúva,nombre_exacto,,4107009,True,2018|2022
PR,75388,GOIOXIM,,4108650,Goioxim,nombre_exacto,,4108650,True,2018|2022
PR,75396,DIAMANTE DO NORTE,,4107108,Diamante do Norte,nombre_exacto,,4107108,True,2018|2022
PR,75400,DIAMANTE D OESTE,,4107157,Diamante D'Oeste,nombre_exacto,,4107157,True,2018|2022
PR,75418,DOIS VIZINHOS,,4107207,Dois Vizinhos,nombre_exacto,,4107207,True,2018|2022
PR,75426,GUAMIRANGA,,4108957,Guamiranga,nombre_exacto,,4108957,True,2018|2022
PR,75434,DOUTOR CAMARGO,,4107306,Doutor Camargo,nombre_exacto,,4107306,True,2018|2022
PR,75442,IMBAÚ,,4110078,Imbaú,nombre_exacto,,4110078,True,2018|2022
PR,75450,ENÉAS MARQUES,,4107405,Enéas Marques,nombre_exacto,,4107405,True,2018|2022
PR,75469,MANFRINÓPOLIS,,4114351,Manfrinópolis,nombre_exacto,,4114351,True,2018|2022
PR,75477,ENGENHEIRO BELTRÃO,,4107504,Engenheiro Beltrão,nombre_exacto,,4107504,True,2018|2022
PR,75485,MARQUINHO,,4115457,Marquinho,nombre_exacto,,4115457,True,2018|2022
PR,75493,FAXINAL,,4107603,Faxinal,nombre_exacto,,4107603,True,2018|2022
PR,75507,PEROBAL,,4118857,Perobal,nombre_exacto,,4118857,True,2018|2022
PR,75515,FÊNIX,,4107702,Fênix,nombre_exacto,,4107702,True,2018|2022
PR,75523,PONTAL DO PARANÁ,,4119954,Pontal do Paraná,nombre_exacto,,4119954,True,2018|2022
PR,75531,FLORAÍ,,4107801,Floraí,nombre_exacto,,4107801,True,2018|2022
PR,75540,PORTO BARREIRO,,4120150,Porto Barreiro,nombre_exacto,,4120150,True,2018|2022
PR,75558,FLORESTA,,4107900,Floresta,nombre_exacto,,4107900,True,2018|2022
PR,75566,PRADO FERREIRA,,4120333,Prado Ferreira,nombre_exacto,,4120333,True,2018|2022
PR,75574,FLORESTÓPOLIS,,4108007,Florestópolis,nombre_exacto,,4108007,True,2018|2022
PR,75582,QUARTO CENTENÁRIO,,4120655,Quarto Centenário,nombre_exacto,,4120655,True,2018|2022
PR,75590,FLÓRIDA,,4108106,Flórida,nombre_exacto,,4108106,True,2018|2022
PR,75604,RESERVA DO IGUAÇU,,4121752,Reserva do Iguaçu,nombre_exacto,,4121752,True,2018|2022
PR,75612,FORMOSA DO OESTE,,4108205,Formosa do Oeste,nombre_exacto,,4108205,True,2018|2022
PR,75620,RIO BRANCO DO IVAÍ,,4122172,Rio Branco do Ivaí,nombre_exacto,,4122172,True,2018|2022
PR,75639,FOZ DO IGUAÇU,,4108304,Foz do Iguaçu,nombre_exacto,,4108304,True,2018|2022
PR,75647,SERRANÓPOLIS DO IGUAÇU,,4126355,Serranópolis do Iguaçu,nombre_exacto,,4126355,True,2018|2022
PR,75655,FRANCISCO BELTRÃO,,4108403,Francisco Beltrão,nombre_exacto,,4108403,True,2018|2022
PR,75663,TAMARANA,,4126678,Tamarana,nombre_exacto,,4126678,True,2018|2022
PR,75671,GENERAL CARNEIRO,,4108502,General Carneiro,nombre_exacto,,4108502,True,2018|2022
PR,75698,GOIOERÊ,,4108601,Goioerê,nombre_exacto,,4108601,True,2018|2022
PR,75710,GUAÍRA,,4108809,Guaíra,nombre_exacto,,4108809,True,2018|2022
PR,75736,GUAIRAÇÁ,,4108908,Guairaçá,nombre_exacto,,4108908,True,2018|2022
PR,75744,ROSÁRIO DO IVAÍ,,4122651,Rosário do Ivaí,nombre_exacto,,4122651,True,2018|2022
PR,75752,GUAPIRAMA,,4109005,Guapirama,nombre_exacto,,4109005,True,2018|2022
PR,75760,NOVA TEBAS,,4117271,Nova Tebas,nombre_exacto,,4117271,True,2018|2022
PR,75779,GUAPOREMA,,4109104,Guaporema,nombre_exacto,,4109104,True,2018|2022
PR,75787,SULINA,,4126652,Sulina,nombre_exacto,,4126652,True,2018|2022
PR,75795,GUARACI,,4109203,Guaraci,nombre_exacto,,4109203,True,2018|2022
PR,75809,LUIZIANA,,4113734,Luiziana,nombre_exacto,,4113734,True,2018|2022
PR,75817,GUARANIAÇU,,4109302,Guaraniaçu,nombre_exacto,,4109302,True,2018|2022
PR,75833,GUARAPUAVA,,4109401,Guarapuava,nombre_exacto,,4109401,True,2018|2022
PR,75850,GUARAQUEÇABA,,4109500,Guaraqueçaba,nombre_exacto,,4109500,True,2018|2022
PR,75876,GUARATUBA,,4109609,Guaratuba,nombre_exacto,,4109609,True,2018|2022
PR,75892,IBAITI,,4109708,Ibaiti,nombre_exacto,,4109708,True,2018|2022
PR,75914,IBIPORÃ,,4109807,Ibiporã,nombre_exacto,,4109807,True,2018|2022
PR,75930,ICARAÍMA,,4109906,Icaraíma,nombre_exacto,,4109906,True,2018|2022
PR,75957,IGUARAÇU,,4110003,Iguaraçu,nombre_exacto,,4110003,True,2018|2022
PR,75973,IMBITUVA,,4110102,Imbituva,nombre_exacto,,4110102,True,2018|2022
PR,75990,INÁCIO MARTINS,,4110201,Inácio Martins,nombre_exacto,,4110201,True,2018|2022
PR,76015,INAJÁ,,4110300,Inajá,nombre_exacto,,4110300,True,2018|2022
PR,76031,IPIRANGA,,4110508,Ipiranga,nombre_exacto,,4110508,True,2018|2022
PR,76058,IPORÃ,,4110607,Iporã,nombre_exacto,,4110607,True,2018|2022
PR,76074,IRATI,,4110706,Irati,nombre_exacto,,4110706,True,2018|2022
PR,76090,IRETAMA,,4110805,Iretama,nombre_exacto,,4110805,True,2018|2022
PR,76112,ITAGUAJÉ,,4110904,Itaguajé,nombre_exacto,,4110904,True,2018|2022
PR,76139,ITAMBARACÁ,,4111001,Itambaracá,nombre_exacto,,4111001,True,2018|2022
PR,76155,ITAMBÉ,,4111100,Itambé,nombre_exacto,,4111100,True,2018|2022
PR,76171,ITAPEJARA D OESTE,,4111209,Itapejara d'Oeste,nombre_exacto,,4111209,True,2018|2022
PR,76198,ITAÚNA DO SUL,,4111308,Itaúna do Sul,nombre_exacto,,4111308,True,2018|2022
PR,76210,IVAÍ,,4111407,Ivaí,nombre_exacto,,4111407,True,2018|2022
PR,76236,IVAIPORÃ,,4111506,Ivaiporã,nombre_exacto,,4111506,True,2018|2022
PR,76252,IVATUBA,,4111605,Ivatuba,nombre_exacto,,4111605,True,2018|2022
PR,76279,JABOTI,,4111704,Jaboti,nombre_exacto,,4111704,True,2018|2022
PR,76295,JACAREZINHO,,4111803,Jacarezinho,nombre_exacto,,4111803,True,2018|2022
PR,76317,JAGUAPITÃ,,4111902,Jaguapitã,nombre_exacto,,4111902,True,2018|2022
PR,76333,JAGUARIAÍVA,,4112009,Jaguariaíva,nombre_exacto,,4112009,True,2018|2022
PR,76350,JANDAIA DO SUL,,4112108,Jandaia do Sul,nombre_exacto,,4112108,True,2018|2022
PR,76376,JANIÓPOLIS,,4112207,Janiópolis,nombre_exacto,,4112207,True,2018|2022
PR,76392,JAPIRA,,4112306,Japira,nombre_exacto,,4112306,True,2018|2022
PR,76414,JAPURÁ,,4112405,Japurá,nombre_exacto,,4112405,True,2018|2022
PR,76430,JARDIM ALEGRE,,4112504,Jardim Alegre,nombre_exacto,,4112504,True,2018|2022
PR,76457,JARDIM OLINDA,,4112603,Jardim Olinda,nombre_exacto,,4112603,True,2018|2022
PR,76473,JATAIZINHO,,4112702,Jataizinho,nombre_exacto,,4112702,True,2018|2022
PR,76490,JOAQUIM TÁVORA,,4112801,Joaquim Távora,nombre_exacto,,4112801,True,2018|2022
PR,76511,JUNDIAÍ DO SUL,,4112900,Jundiaí do Sul,nombre_exacto,,4112900,True,2018|2022
PR,76538,JUSSARA,,4113007,Jussara,nombre_exacto,,4113007,True,2018|2022
PR,76554,KALORÉ,,4113106,Kaloré,nombre_exacto,,4113106,True,2018|2022
PR,76570,LAPA,,4113205,Lapa,nombre_exacto,,4113205,True,2018|2022
PR,76597,LARANJEIRAS DO SUL,,4113304,Laranjeiras do Sul,nombre_exacto,,4113304,True,2018|2022
PR,76619,LEÓPOLIS,,4113403,Leópolis,nombre_exacto,,4113403,True,2018|2022
PR,76635,LOANDA,,4113502,Loanda,nombre_exacto,,4113502,True,2018|2022
PR,76651,LOBATO,,4113601,Lobato,nombre_exacto,,4113601,True,2018|2022
PR,76678,LONDRINA,,4113700,Londrina,nombre_exacto,,4113700,True,2018|2022
PR,76694,LUPIONÓPOLIS,,4113809,Lupionópolis,nombre_exacto,,4113809,True,2018|2022
PR,76716,MALLET,,4113908,Mallet,nombre_exacto,,4113908,True,2018|2022
PR,76732,MAMBORÊ,,4114005,Mamborê,nombre_exacto,,4114005,True,2018|2022
PR,76759,MANDAGUAÇU,,4114104,Mandaguaçu,nombre_exacto,,4114104,True,2018|2022
PR,76775,MANDAGUARI,,4114203,Mandaguari,nombre_exacto,,4114203,True,2018|2022
PR,76791,MANDIRITUBA,,4114302,Mandirituba,nombre_exacto,,4114302,True,2018|2022
PR,76813,MANOEL RIBAS,,4114500,Manoel Ribas,nombre_exacto,,4114500,True,2018|2022
PR,76830,MARECHAL CÂNDIDO RONDON,,4114609,Marechal Cândido Rondon,nombre_exacto,,4114609,True,2018|2022
PR,76856,MARIA HELENA,,4114708,Maria Helena,nombre_exacto,,4114708,True,2018|2022
PR,76872,MARIALVA,,4114807,Marialva,nombre_exacto,,4114807,True,2018|2022
PR,76899,MARILUZ,,4115101,Mariluz,nombre_exacto,,4115101,True,2018|2022
PR,76910,MARINGÁ,,4115200,Maringá,nombre_exacto,,4115200,True,2018|2022
PR,76937,MARIÓPOLIS,,4115309,Mariópolis,nombre_exacto,,4115309,True,2018|2022
PR,76953,MARMELEIRO,,4115408,Marmeleiro,nombre_exacto,,4115408,True,2018|2022
PR,76970,MARUMBI,,4115507,Marumbi,nombre_exacto,,4115507,True,2018|2022
PR,76996,MATELÂNDIA,,4115606,Matelândia,nombre_exacto,,4115606,True,2018|2022
PR,77011,MEDIANEIRA,,4115804,Medianeira,nombre_exacto,,4115804,True,2018|2022
PR,77038,MIRADOR,,4115903,Mirador,nombre_exacto,,4115903,True,2018|2022
PR,77054,MIRASELVA,,4116000,Miraselva,nombre_exacto,,4116000,True,2018|2022
PR,77070,MOREIRA SALES,,4116109,Moreira Sales,nombre_exacto,,4116109,True,2018|2022
PR,77097,MORRETES,,4116208,Morretes,nombre_exacto,,4116208,True,2018|2022
PR,77119,MUNHOZ DE MELO,,4116307,Munhoz de Melo,nombre_exacto,,4116307,True,2018|2022
PR,77135,NOSSA SENHORA DAS GRAÇAS,,4116406,Nossa Senhora das Graças,nombre_exacto,,4116406,True,2018|2022
PR,77151,NOVA ALIANÇA DO IVAÍ,,4116505,Nova Aliança do Ivaí,nombre_exacto,,4116505,True,2018|2022
PR,77178,NOVA AMÉRICA DA COLINA,,4116604,Nova América da Colina,nombre_exacto,,4116604,True,2018|2022
PR,77194,NOVA CANTU,,4116802,Nova Cantu,nombre_exacto,,4116802,True,2018|2022
PR,77216,NOVA ESPERANÇA,,4116901,Nova Esperança,nombre_exacto,,4116901,True,2018|2022
PR,77232,NOVA FÁTIMA,,4117008,Nova Fátima,nombre_exacto,,4117008,True,2018|2022
PR,77259,NOVA LONDRINA,,4117107,Nova Londrina,nombre_exacto,,4117107,True,2018|2022
PR,77275,ORTIGUEIRA,,4117305,Ortigueira,nombre_exacto,,4117305,True,2018|2022
PR,77291,OURIZONA,,4117404,Ourizona,nombre_exacto,,4117404,True,2018|2022
PR,77313,PAIÇANDU,,4117503,Paiçandu,nombre_exacto,,4117503,True,2018|2022
PR,77330,PALMAS,,4117602,Palmas,nombre_exacto,,4117602,True,2018|2022
PR,77356,PALMEIRA,,4117701,Palmeira,nombre_exacto,,4117701,True,2018|2022
PR,77372,PALMITAL,,4117800,Palmital,nombre_exacto,,4117800,True,2018|2022
PR,77399,PALOTINA,,4117909,Palotina,nombre_exacto,,4117909,True,2018|2022
PR,77410,PARAÍSO DO NORTE,,4118006,Paraíso do Norte,nombre_exacto,,4118006,True,2018|2022
PR,77437,PARANACITY,,4118105,Paranacity,nombre_exacto,,4118105,True,2018|2022
PR,77453,PARANAGUÁ,,4118204,Paranaguá,nombre_exacto,,4118204,True,2018|2022
PR,77470,PARANAPOEMA,,4118303,Paranapoema,nombre_exacto,,4118303,True,2018|2022
PR,77496,PARANAVAÍ,,4118402,Paranavaí,nombre_exacto,,4118402,True,2018|2022
PR,77518,PATO BRANCO,,4118501,Pato Branco,nombre_exacto,,4118501,True,2018|2022
PR,77534,PAULA FREITAS,,4118600,Paula Freitas,nombre_exacto,,4118600,True,2018|2022
PR,77550,PAULO FRONTIN,,4118709,Paulo Frontin,nombre_exacto,,4118709,True,2018|2022
PR,77577,PEABIRU,,4118808,Peabiru,nombre_exacto,,4118808,True,2018|2022
PR,77593,PÉROLA D OESTE,,4119004,Pérola d'Oeste,nombre_exacto,,4119004,True,2018|2022
PR,77615,PIÊN,,4119103,Piên,nombre_exacto,,4119103,True,2018|2022
PR,77631,PINHALÃO,,4119202,Pinhalão,nombre_exacto,,4119202,True,2018|2022
PR,77658,PINHÃO,,4119301,Pinhão,nombre_exacto,,4119301,True,2018|2022
PR,77674,PIRAÍ DO SUL,,4119400,Piraí do Sul,nombre_exacto,,4119400,True,2018|2022
PR,77690,PIRAQUARA,,4119509,Piraquara,nombre_exacto,,4119509,True,2018|2022
PR,77712,PITANGA,,4119608,Pitanga,nombre_exacto,,4119608,True,2018|2022
PR,77739,PLANALTINA DO PARANÁ,,4119707,Planaltina do Paraná,nombre_exacto,,4119707,True,2018|2022
PR,77755,PLANALTO,,4119806,Planalto,nombre_exacto,,4119806,True,2018|2022
PR,77771,PONTA GROSSA,,4119905,Ponta Grossa,nombre_exacto,,4119905,True,2018|2022
PR,77798,PORECATU,,4120002,Porecatu,nombre_exacto,,4120002,True,2018|2022
PR,77810,PORTO AMAZONAS,,4120101,Porto Amazonas,nombre_exacto,,4120101,True,2018|2022
PR,77836,PORTO RICO,,4120200,Porto Rico,nombre_exacto,,4120200,True,2018|2022
PR,77852,PORTO VITÓRIA,,4120309,Porto Vitória,nombre_exacto,,4120309,True,2018|2022
PR,77879,PRESIDENTE CASTELO BRANCO,,4120408,Presidente Castelo Branco,nombre_exacto,,4120408,True,2018|2022
PR,77895,PRIMEIRO DE MAIO,,4120507,Primeiro de Maio,nombre_exacto,,4120507,True,2018|2022
PR,77917,PRUDENTÓPOLIS,,4120606,Prudentópolis,nombre_exacto,,4120606,True,2018|2022
PR,77933,QUATIGUÁ,,4120705,Quatiguá,nombre_exacto,,4120705,True,2018|2022
PR,77950,QUATRO BARRAS,,4120804,Quatro Barras,nombre_exacto,,4120804,True,2018|2022
PR,77976,QUERÊNCIA DO NORTE,,4121000,Querência do Norte,nombre_exacto,,4121000,True,2018|2022
PR,77992,QUINTA DO SOL,,4121109,Quinta do Sol,nombre_exacto,,4121109,True,2018|2022
PR,78018,QUITANDINHA,,4121208,Quitandinha,nombre_exacto,,4121208,True,2018|2022
PR,78034,RANCHO ALEGRE,,4121307,Rancho Alegre,nombre_exacto,,4121307,True,2018|2022
PR,78050,REALEZA,,4121406,Realeza,nombre_exacto,,4121406,True,2018|2022
PR,78077,REBOUÇAS,,4121505,Rebouças,nombre_exacto,,4121505,True,2018|2022
PR,78093,RENASCENÇA,,4121604,Renascença,nombre_exacto,,4121604,True,2018|2022
PR,78115,RESERVA,,4121703,Reserva,nombre_exacto,,4121703,True,2018|2022
PR,78131,RIBEIRÃO CLARO,,4121802,Ribeirão Claro,nombre_exacto,,4121802,True,2018|2022
PR,78158,RIBEIRÃO DO PINHAL,,4121901,Ribeirão do Pinhal,nombre_exacto,,4121901,True,2018|2022
PR,78174,RIO AZUL,,4122008,Rio Azul,nombre_exacto,,4122008,True,2018|2022
PR,78190,RIO BOM,,4122107,Rio Bom,nombre_exacto,,4122107,True,2018|2022
PR,78212,RIO BRANCO DO SUL,,4122206,Rio Branco do Sul,nombre_exacto,,4122206,True,2018|2022
PR,78239,RIO NEGRO,,4122305,Rio Negro,nombre_exacto,,4122305,True,2018|2022
PR,78255,ROLÂNDIA,,4122404,Rolândia,nombre_exacto,,4122404,True,2018|2022
PR,78271,RONCADOR,,4122503,Roncador,nombre_exacto,,4122503,True,2018|2022
PR,78298,RONDON,,4122602,Rondon,nombre_exacto,,4122602,True,2018|2022
PR,78310,SABÁUDIA,,4122701,Sabáudia,nombre_exacto,,4122701,True,2018|2022
PR,78336,SALGADO FILHO,,4122800,Salgado Filho,nombre_exacto,,4122800,True,2018|2022
PR,78352,SALTO DO ITARARÉ,,4122909,Salto do Itararé,nombre_exacto,,4122909,True,2018|2022
PR,78379,SALTO DO LONTRA,,4123006,Salto do Lontra,nombre_exacto,,4123006,True,2018|2022
PR,78395,SANTA AMÉLIA,,4123105,Santa Amélia,nombre_exacto,,4123105,True,2018|2022
PR,78417,SANTA CECÍLIA DO PAVÃO,,4123204,Santa Cecília do Pavão,nombre_exacto,,4123204,True,2018|2022
PR,78433,SANTA CRUZ DE MONTE CASTELO,,4123303,Santa Cruz de Monte Castelo,nombre_exacto,,4123303,True,2018|2022
PR,78450,SANTA FÉ,,4123402,Santa Fé,nombre_exacto,,4123402,True,2018|2022
PR,78476,SANTA INÊS,,4123600,Santa Inês,nombre_exacto,,4123600,True,2018|2022
PR,78492,SANTA ISABEL DO IVAÍ,,4123709,Santa Isabel do Ivaí,nombre_exacto,,4123709,True,2018|2022
PR,78514,SANTA IZABEL DO OESTE,,4123808,Santa Izabel do Oeste,nombre_exacto,,4123808,True,2018|2022
PR,78530,SANTA MARIANA,,4123907,Santa Mariana,nombre_exacto,,4123907,True,2018|2022
PR,78557,SANTANA DO ITARARÉ,,4124004,Santana do Itararé,nombre_exacto,,4124004,True,2018|2022
PR,78573,SANTO ANTÔNIO DO SUDOESTE,,4124400,Santo Antônio do Sudoeste,nombre_exacto,,4124400,True,2018|2022
PR,78590,SANTO ANTÔNIO DA PLATINA,,4124103,Santo Antônio da Platina,nombre_exacto,,4124103,True,2018|2022
PR,78611,SANTO ANTONIO DO CAIUÁ,,4124202,Santo Antônio do Caiuá,nombre_exacto,,4124202,True,2018|2022
PR,78638,SANTO ANTÔNIO DO PARAÍSO,,4124301,Santo Antônio do Paraíso,nombre_exacto,,4124301,True,2018|2022
PR,78654,SANTO INÁCIO,,4124509,Santo Inácio,nombre_exacto,,4124509,True,2018|2022
PR,78670,SÃO CARLOS DO IVAÍ,,4124608,São Carlos do Ivaí,nombre_exacto,,4124608,True,2018|2022
PR,78697,SÃO JERÔNIMO DA SERRA,,4124707,São Jerônimo da Serra,nombre_exacto,,4124707,True,2018|2022
PR,78719,SÃO JOÃO,,4124806,São João,nombre_exacto,,4124806,True,2018|2022
PR,78735,SÃO JOÃO DO CAIUÁ,,4124905,São João do Caiuá,nombre_exacto,,4124905,True,2018|2022
PR,78751,SÃO JOÃO DO IVAÍ,,4125001,São João do Ivaí,nombre_exacto,,4125001,True,2018|2022
PR,78778,SÃO JOÃO DO TRIUNFO,,4125100,São João do Triunfo,nombre_exacto,,4125100,True,2018|2022
PR,78794,SÃO JORGE DO IVAÍ,,4125308,São Jorge do Ivaí,nombre_exacto,,4125308,True,2018|2022
PR,78816,SÃO JORGE D OESTE,,4125209,São Jorge d'Oeste,nombre_exacto,,4125209,True,2018|2022
PR,78832,SÃO JOSÉ DA BOA VISTA,,4125407,São José da Boa Vista,nombre_exacto,,4125407,True,2018|2022
PR,78859,SÃO JOSÉ DOS PINHAIS,,4125506,São José dos Pinhais,nombre_exacto,,4125506,True,2018|2022
PR,78875,SÃO MATEUS DO SUL,,4125605,São Mateus do Sul,nombre_exacto,,4125605,True,2018|2022
PR,78891,SÃO MIGUEL DO IGUAÇU,,4125704,São Miguel do Iguaçu,nombre_exacto,,4125704,True,2018|2022
PR,78913,SÃO PEDRO DO IVAÍ,,4125803,São Pedro do Ivaí,nombre_exacto,,4125803,True,2018|2022
PR,78930,SÃO PEDRO DO PARANÁ,,4125902,São Pedro do Paraná,nombre_exacto,,4125902,True,2018|2022
PR,78956,SÃO SEBASTIÃO DA AMOREIRA,,4126009,São Sebastião da Amoreira,nombre_exacto,,4126009,True,2018|2022
PR,78972,SÃO TOMÉ,,4126108,São Tomé,nombre_exacto,,4126108,True,2018|2022
PR,78999,SAPOPEMA,,4126207,Sapopema,nombre_exacto,,4126207,True,2018|2022
PR,79014,SENGÉS,,4126306,Sengés,nombre_exacto,,4126306,True,2018|2022
PR,79030,SERTANEJA,,4126405,Sertaneja,nombre_exacto,,4126405,True,2018|2022
PR,79057,SERTANÓPOLIS,,4126504,Sertanópolis,nombre_exacto,,4126504,True,2018|2022
PR,79073,SIQUEIRA CAMPOS,,4126603,Siqueira Campos,nombre_exacto,,4126603,True,2018|2022
PR,79090,TAMBOARA,,4126702,Tamboara,nombre_exacto,,4126702,True,2018|2022
PR,79111,TAPEJARA,,4126801,Tapejara,nombre_exacto,,4126801,True,2018|2022
PR,79138,TEIXEIRA SOARES,,4127007,Teixeira Soares,nombre_exacto,,4127007,True,2018|2022
PR,79154,TELÊMACO BORBA,,4127106,Telêmaco Borba,nombre_exacto,,4127106,True,2018|2022
PR,79170,TERRA BOA,,4127205,Terra Boa,nombre_exacto,,4127205,True,2018|2022
PR,79197,TERRA RICA,,4127304,Terra Rica,nombre_exacto,,4127304,True,2018|2022
PR,79219,TERRA ROXA,,4127403,Terra Roxa,nombre_exacto,,4127403,True,2018|2022
PR,79235,TIBAGI,,4127502,Tibagi,nombre_exacto,,4127502,True,2018|2022
PR,79251,TIJUCAS DO SUL,,4127601,Tijucas do Sul,nombre_exacto,,4127601,True,2018|2022
PR,79278,TOLEDO,,4127700,Toledo,nombre_exacto,,4127700,True,2018|2022
PR,79294,TOMAZINA,,4127809,Tomazina,nombre_exacto,,4127809,True,2018|2022
PR,79316,TUNEIRAS DO OESTE,,4127908,Tuneiras do Oeste,nombre_exacto,,4127908,True,2018|2022
PR,79332,UBIRATÃ,,4128005,Ubiratã,nombre_exacto,,4128005,True,2018|2022
PR,79359,UMUARAMA,,4128104,Umuarama,nombre_exacto,,4128104,True,2018|2022
PR,79375,UNIÃO DA VITÓRIA,,4128203,União da Vitória,nombre_exacto,,4128203,True,2018|2022
PR,79391,UNIFLOR,,4128302,Uniflor,nombre_exacto,,4128302,True,2018|2022
PR,79413,URAÍ,,4128401,Uraí,nombre_exacto,,4128401,True,2018|2022
PR,79430,WENCESLAU BRAZ,,4128500,Wenceslau Braz,nombre_exacto,,4128500,True,2018|2022
PR,79456,VERÊ,,4128609,Verê,nombre_exacto,,4128609,True,2018|2022
PR,79472,VITORINO,,4128708,Vitorino,nombre_exacto,,4128708,True,2018|2022
PR,79499,XAMBRÊ,,4128807,Xambrê,nombre_exacto,,4128807,True,2018|2022
PR,79510,ALTÔNIA,,4100509,Altônia,nombre_exacto,,4100509,True,2018|2022
PR,79537,ASSIS CHATEAUBRIAND,,4102000,Assis Chateaubriand,nombre_exacto,,4102000,True,2018|2022
PR,79553,QUEDAS DO IGUAÇU,,4120903,Quedas do Iguaçu,nombre_exacto,,4120903,True,2018|2022
PR,79570,CÉU AZUL,,4105300,Céu Azul,nombre_exacto,,4105300,True,2018|2022
PR,79596,GRANDES RIOS,,4108700,Grandes Rios,nombre_exacto,,4108700,True,2018|2022
PR,79618,INDIANÓPOLIS,,4110409,Indianópolis,nombre_exacto,,4110409,True,2018|2022
PR,79634,MATINHOS,,4115705,Matinhos,nombre_exacto,,4115705,True,2018|2022
PR,79650,NOVA AURORA,,4116703,Nova Aurora,nombre_exacto,,4116703,True,2018|2022
PR,79677,NOVA OLÍMPIA,,4117206,Nova Olímpia,nombre_exacto,,4117206,True,2018|2022
PR,79693,PÉROLA,,4118907,Pérola,nombre_exacto,,4118907,True,2018|2022
PR,79715,SANTA HELENA,,4123501,Santa Helena,nombre_exacto,,4123501,True,2018|2022
PR,79731,TAPIRA,,4126900,Tapira,nombre_exacto,,4126900,True,2018|2022
PR,79758,MARILENA,,4115002,Marilena,nombre_exacto,,4115002,True,2018|2022
PR,79774,FRANCISCO ALVES,,4108320,Francisco Alves,nombre_exacto,,4108320,True,2018|2022
PR,79790,NOVA SANTA ROSA,,4117222,Nova Santa Rosa,nombre_exacto,,4117222,True,2018|2022
PR,79812,BOA VISTA DA APARECIDA,,4103057,Boa Vista da Aparecida,nombre_exacto,,4103057,True,2018|2022
PR,79839,BRAGANEY,,4103354,Braganey,nombre_exacto,,4103354,True,2018|2022
PR,79855,CAFELÂNDIA,,4103453,Cafelândia,nombre_exacto,,4103453,True,2018|2022
PR,79871,TRÊS BARRAS DO PARANÁ,,4127858,Três Barras do Paraná,nombre_exacto,,4127858,True,2018|2022
PR,79898,VERA CRUZ DO OESTE,,4128559,Vera Cruz do Oeste,nombre_exacto,,4128559,True,2018|2022
PR,79910,PRANCHITA,,4120358,Pranchita,nombre_exacto,,4120358,True,2018|2022
PR,79936,TUPÃSSI,,4127957,Tupãssi,nombre_exacto,,4127957,True,2018|2022
PR,79952,NOVA PRATA DO IGUAÇU,,4117255,Nova Prata do Iguaçu,nombre_exacto,,4117255,True,2018|2022
PR,79979,JESUÍTAS,,4112751,Jesuítas,nombre_exacto,,4112751,True,2018|2022
PR,79995,SÃO JORGE DO PATROCÍNIO,,4125357,São Jorge do Patrocínio,nombre_exacto,,4125357,True,2018|2022
PR,84514,CANTAGALO,,4104451,Cantagalo,nombre_exacto,,4104451,True,2018|2022
PR,84530,TURVO,,4127965,Turvo,nombre_exacto,,4127965,True,2018|2022
PR,84557,ALTAMIRA DO PARANÁ,,4100459,Altamira do Paraná,nombre_exacto,,4100459,True,2018|2022
PR,84573,FIGUEIRA,,4107751,Figueira,nombre_exacto,,4107751,True,2018|2022
PR,84590,LUNARDELLI,,4113759,Lunardelli,nombre_exacto,,4113759,True,2018|2022
PR,84611,SARANDI,,4126256,Sarandi,nombre_exacto,,4126256,True,2018|2022
PR,84638,JURANDA,,4112959,Juranda,nombre_exacto,,4112959,True,2018|2022
PR,84654,DOURADINA,,4107256,Douradina,nombre_exacto,,4107256,True,2018|2022
PR,84670,SANTA TEREZINHA DE ITAIPU,,4124053,Santa Terezinha de Itaipu,nombre_exacto,,4124053,True,2018|2022
PR,84697,MISSAL,,4116059,Missal,nombre_exacto,,4116059,True,2018|2022
PR,84719,SÃO JOSÉ DAS PALMEIRAS,,4125456,São José das Palmeiras,nombre_exacto,,4125456,True,2018|2022
RJ,58009,QUISSAMÃ,,3304151,Quissamã,nombre_exacto,,3304151,True,2018|2022
RJ,58017,ANGRA DOS REIS,,3300100,Angra dos Reis,nombre_exacto,,3300100,True,2018|2022
RJ,58025,QUATIS,,3304128,Quatis,nombre_exacto,,3304128,True,2018|2022
RJ,58033,ARARUAMA,,3300209,Araruama,nombre_exacto,,3300209,True,2018|2022
RJ,58041,BELFORD ROXO,,3300456,Belford Roxo,nombre_exacto,,3300456,True,2018|2022
RJ,58050,BARRA DO PIRAÍ,,3300308,Barra do Piraí,nombre_exacto,,3300308,True,2018|2022
RJ,58068,CARDOSO MOREIRA,,3301157,Cardoso Moreira,nombre_exacto,,3301157,True,2018|2022
RJ,58076,BARRA MANSA,,3300407,Barra Mansa,nombre_exacto,,3300407,True,2018|2022
RJ,58084,VARRE-SAI,,3306156,Varre-Sai,nombre_exacto,,3306156,True,2018|2022
RJ,58092,BOM JARDIM,,3300506,Bom Jardim,nombre_exacto,,3300506,True,2018|2022
RJ,58106,GUAPIMIRIM,,3301850,Guapimirim,nombre_exacto,,3301850,True,2018|2022
RJ,58114,BOM JESUS DO ITABAPOANA,,3300605,Bom Jesus do Itabapoana,nombre_exacto,,3300605,True,2018|2022
RJ,58122,QUEIMADOS,,3304144,Queimados,nombre_exacto,,3304144,True,2018|2022
RJ,58130,CABO FRIO,,3300704,Cabo Frio,nombre_exacto,,3300704,True,2018|2022
RJ,58149,JAPERI,,3302270,Japeri,nombre_exacto,,3302270,True,2018|2022
RJ,58157,CACHOEIRAS DE MACACU,,3300803,Cachoeiras de Macacu,nombre_exacto,,3300803,True,2018|2022
RJ,58165,COMENDADOR LEVY GASPARIAN,,3300951,Comendador Levy Gasparian,nombre_exacto,,3300951,True,2018|2022
RJ,58173,CAMBUCI,,3300902,Cambuci,nombre_exacto,,3300902,True,2018|2022
RJ,58181,APERIBÉ,,3300159,Aperibé,nombre_exacto,,3300159,True,2018|2022
RJ,58190,CAMPOS DOS GOYTACAZES,,3301009,Campos dos Goytacazes,nombre_exacto,,3301009,True,2018|2022
RJ,58203,RIO DAS OSTRAS,,3304524,Rio das Ostras,nombre_exacto,,3304524,True,2018|2022
RJ,58211,CANTAGALO,,3301108,Cantagalo,nombre_exacto,,3301108,True,2018|2022
RJ,58220,AREAL,,3300225,Areal,nombre_exacto,,3300225,True,2018|2022
RJ,58238,CARMO,,3301207,Carmo,nombre_exacto,,3301207,True,2018|2022
RJ,58246,PINHEIRAL,,3303955,Pinheiral,nombre_exacto,,3303955,True,2018|2022
RJ,58254,CASIMIRO DE ABREU,,3301306,Casimiro de Abreu,nombre_exacto,,3301306,True,2018|2022
RJ,58262,IGUABA GRANDE,,3301876,Iguaba Grande,nombre_exacto,,3301876,True,2018|2022
RJ,58270,CONCEIÇÃO DE MACABU,,3301405,Conceição de Macabu,nombre_exacto,,3301405,True,2018|2022
RJ,58289,SÃO FRANCISCO DE ITABAPOANA,,3304755,São Francisco de Itabapoana,nombre_exacto,,3304755,True,2018|2022
RJ,58297,CORDEIRO,,3301504,Cordeiro,nombre_exacto,,3301504,True,2018|2022
RJ,58300,CARAPEBUS,,3300936,Carapebus,nombre_exacto,,3300936,True,2018|2022
RJ,58319,DUAS BARRAS,,3301603,Duas Barras,nombre_exacto,,3301603,True,2018|2022
RJ,58327,PORTO REAL,,3304110,Porto Real,nombre_exacto,,3304110,True,2018|2022
RJ,58335,DUQUE DE CAXIAS,,3301702,Duque de Caxias,nombre_exacto,,3301702,True,2018|2022
RJ,58343,SÃO JOSÉ DE UBÁ,,3305133,São José de Ubá,nombre_exacto,,3305133,True,2018|2022
RJ,58351,ENGENHEIRO PAULO DE FRONTIN,,3301801,Engenheiro Paulo de Frontin,nombre_exacto,,3301801,True,2018|2022
RJ,58360,TANGUÁ,,3305752,Tanguá,nombre_exacto,,3305752,True,2018|2022
RJ,58378,ITABORAÍ,,3301900,Itaboraí,nombre_exacto,,3301900,True,2018|2022
RJ,58386,MACUCO,,3302452,Macuco,nombre_exacto,,3302452,True,2018|2022
RJ,58394,ITAGUAÍ,,3302007,Itaguaí,nombre_exacto,,3302007,True,2018|2022
RJ,58408,ARMAÇÃO DOS BÚZIOS,,3300233,Armação dos Búzios,nombre_exacto,,3300233,True,2018|2022
RJ,58416,ITAOCARA,,3302106,Itaocara,nombre_exacto,,3302106,True,2018|2022
RJ,58424,SEROPÉDICA,,3305554,Seropédica,nombre_exacto,,3305554,True,2018|2022
RJ,58432,ITAPERUNA,,3302205,Itaperuna,nombre_exacto,,3302205,True,2018|2022
RJ,58440,ITATIAIA,,3302254,Itatiaia,nombre_exacto,,3302254,True,2018|2022
RJ,58459,LAJE DO MURIAÉ,,3302304,Laje do Muriaé,nombre_exacto,,3302304,True,2018|2022
RJ,58467,MESQUITA,,3302858,Mesquita,nombre_exacto,,3302858,True,2018|2022
RJ,58475,MACAÉ,,3302403,Macaé,nombre_exacto,,3302403,True,2018|2022
RJ,58491,MAGÉ,,3302502,Magé,nombre_exacto,,3302502,True,2018|2022
RJ,58513,MANGARATIBA,,3302601,Mangaratiba,nombre_exacto,,3302601,True,2018|2022
RJ,58530,MARICÁ,,3302700,Maricá,nombre_exacto,,3302700,True,2018|2022
RJ,58556,MENDES,,3302809,Mendes,nombre_exacto,,3302809,True,2018|2022
RJ,58572,MIGUEL PEREIRA,,3302908,Miguel Pereira,nombre_exacto,,3302908,True,2018|2022
RJ,58599,MIRACEMA,,3303005,Miracema,nombre_exacto,,3303005,True,2018|2022
RJ,58610,NATIVIDADE,,3303104,Natividade,nombre_exacto,,3303104,True,2018|2022
RJ,58637,NILÓPOLIS,,3303203,Nilópolis,nombre_exacto,,3303203,True,2018|2022
RJ,58653,NITERÓI,,3303302,Niterói,nombre_exacto,,3303302,True,2018|2022
RJ,58670,NOVA FRIBURGO,,3303401,Nova Friburgo,nombre_exacto,,3303401,True,2018|2022
RJ,58696,NOVA IGUAÇU,,3303500,Nova Iguaçu,nombre_exacto,,3303500,True,2018|2022
RJ,58718,PARACAMBI,,3303609,Paracambi,nombre_exacto,,3303609,True,2018|2022
RJ,58734,PARAÍBA DO SUL,,3303708,Paraíba do Sul,nombre_exacto,,3303708,True,2018|2022
RJ,58750,PARATY,,3303807,Paraty,nombre_exacto,,3303807,True,2018|2022
RJ,58777,PETRÓPOLIS,,3303906,Petrópolis,nombre_exacto,,3303906,True,2018|2022
RJ,58793,PIRAÍ,,3304003,Piraí,nombre_exacto,,3304003,True,2018|2022
RJ,58815,PORCIÚNCULA,,3304102,Porciúncula,nombre_exacto,,3304102,True,2018|2022
RJ,58831,RESENDE,,3304201,Resende,nombre_exacto,,3304201,True,2018|2022
RJ,58858,RIO BONITO,,3304300,Rio Bonito,nombre_exacto,,3304300,True,2018|2022
RJ,58874,RIO CLARO,,3304409,Rio Claro,nombre_exacto,,3304409,True,2018|2022
RJ,58890,RIO DAS FLORES,,3304508,Rio das Flores,nombre_exacto,,3304508,True,2018|2022
RJ,58912,SANTA MARIA MADALENA,,3304607,Santa Maria Madalena,nombre_exacto,,3304607,True,2018|2022
RJ,58939,SANTO ANTÔNIO DE PÁDUA,,3304706,Santo Antônio de Pádua,nombre_exacto,,3304706,True,2018|2022
RJ,58955,SÃO FIDÉLIS,,3304805,São Fidélis,nombre_exacto,,3304805,True,2018|2022
RJ,58971,SÃO GONÇALO,,3304904,São Gonçalo,nombre_exacto,,3304904,True,2018|2022
RJ,58998,SÃO JOÃO DA BARRA,,3305000,São João da Barra,nombre_exacto,,3305000,True,2018|2022
RJ,59013,SÃO JOÃO DE MERITI,,3305109,São João de Meriti,nombre_exacto,,3305109,True,2018|2022
RJ,59030,SÃO PEDRO DA ALDEIA,,3305208,São Pedro da Aldeia,nombre_exacto,,3305208,True,2018|2022
RJ,59056,SÃO SEBASTIÃO DO ALTO,,3305307,São Sebastião do Alto,nombre_exacto,,3305307,True,2018|2022
RJ,59072,SAPUCAIA,,3305406,Sapucaia,nombre_exacto,,3305406,True,2018|2022
RJ,59099,SAQUAREMA,,3305505,Saquarema,nombre_exacto,,3305505,True,2018|2022
RJ,59110,SILVA JARDIM,,3305604,Silva Jardim,nombre_exacto,,3305604,True,2018|2022
RJ,59137,SUMIDOURO,,3305703,Sumidouro,nombre_exacto,,3305703,True,2018|2022
RJ,59153,TERESÓPOLIS,,3305802,Teresópolis,nombre_exacto,,3305802,True,2018|2022
RJ,59170,TRAJANO DE MORAES,,3305901,Trajano de Moraes,nombre_exacto,,3305901,True,2018|2022
RJ,59196,TRÊS RIOS,,3306008,Três Rios,nombre_exacto,,3306008,True,2018|2022
RJ,59218,VALENÇA,,3306107,Valença,nombre_exacto,,3306107,True,2018|2022
RJ,59234,VASSOURAS,,3306206,Vassouras,nombre_exacto,,3306206,True,2018|2022
RJ,59250,VOLTA REDONDA,,3306305,Volta Redonda,nombre_exacto,,3306305,True,2018|2022
RJ,59277,ARRAIAL DO CABO,,3300258,Arraial do Cabo,nombre_exacto,,3300258,True,2018|2022
RJ,59293,ITALVA,,3302056,Italva,nombre_exacto,,3302056,True,2018|2022
RJ,59315,PATY DO ALFERES,,3303856,Paty do Alferes,nombre_exacto,,3303856,True,2018|2022
RJ,59331,SÃO JOSÉ DO VALE DO RIO PRETO,,3305158,São José do Vale do Rio Preto,nombre_exacto,,3305158,True,2018|2022
RJ,60011,RIO DE JANEIRO,,3304557,Rio de Janeiro,nombre_exacto,,3304557,True,2018|2022
RN,16004,TENENTE LAURENTINO CRUZ,,2414159,Tenente Laurentino Cruz,nombre_exacto,,2414159,True,2018|2022
RN,16012,ACARI,,2400109,Acari,nombre_exacto,,2400109,True,2018|2022
RN,16020,SERRA DO MEL,,2413359,Serra do Mel,nombre_exacto,,2413359,True,2018|2022
RN,16039,ASSÚ,,2400208,Assú,nombre_exacto,,2400208,True,2018|2022
RN,16047,CAIÇARA DO NORTE,,2401859,Caiçara do Norte,nombre_exacto,,2401859,True,2018|2022
RN,16055,AFONSO BEZERRA,,2400307,Afonso Bezerra,nombre_exacto,,2400307,True,2018|2022
RN,16063,SÃO MIGUEL DO GOSTOSO,,2412559,São Miguel do Gostoso,nombre_exacto,,2412559,True,2018|2022
RN,16071,ÁGUA NOVA,,2400406,Água Nova,nombre_exacto,,2400406,True,2018|2022
RN,16080,ITAJÁ,,2404853,Itajá,nombre_exacto,,2404853,True,2018|2022
RN,16098,ALEXANDRIA,,2400505,Alexandria,nombre_exacto,,2400505,True,2018|2022
RN,16101,BODÓ,,2401651,Bodó,nombre_exacto,,2401651,True,2018|2022
RN,16110,ALMINO AFONSO,,2400604,Almino Afonso,nombre_exacto,,2400604,True,2018|2022
RN,16128,TRIUNFO POTIGUAR,,2414456,Triunfo Potiguar,nombre_exacto,,2414456,True,2018|2022
RN,16136,ALTO DO RODRIGUES,,2400703,Alto do Rodrigues,nombre_exacto,,2400703,True,2018|2022
RN,16144,FERNANDO PEDROZA,,2403756,Fernando Pedroza,nombre_exacto,,2403756,True,2018|2022
RN,16152,ANGICOS,,2400802,Angicos,nombre_exacto,,2400802,True,2018|2022
RN,16160,MAJOR SALES,,2407252,Major Sales,nombre_exacto,,2407252,True,2018|2022
RN,16179,ANTÔNIO MARTINS,,2400901,Antônio Martins,nombre_exacto,,2400901,True,2018|2022
RN,16187,VENHA-VER,,2414753,Venha-Ver,nombre_exacto,,2414753,True,2018|2022
RN,16195,APODI,,2401008,Apodi,nombre_exacto,,2401008,True,2018|2022
RN,16209,SERRINHA DOS PINTOS,,2413557,Serrinha dos Pintos,nombre_exacto,,2413557,True,2018|2022
RN,16217,AREIA BRANCA,,2401107,Areia Branca,nombre_exacto,,2401107,True,2018|2022
RN,16225,TIBAU,,2411056,Tibau,nombre_exacto,,2411056,True,2018|2022
RN,16233,AREZ,ARÊS,2401206,Arez,nombre_exacto,,2401206,True,2018|2022
RN,16241,SANTA MARIA,,2409332,Santa Maria,nombre_exacto,,2409332,True,2018|2022
RN,16250,CAMPO GRANDE,,2401305,Campo Grande,nombre_exacto,,2401305,True,2018|2022
RN,16268,RIO DO FOGO,,2408953,Rio do Fogo,nombre_exacto,,2408953,True,2018|2022
RN,16276,BAÍA FORMOSA,,2401404,Baía Formosa,nombre_exacto,,2401404,True,2018|2022
RN,16284,PORTO DO MANGUE,,2410256,Porto do Mangue,nombre_exacto,,2410256,True,2018|2022
RN,16292,BARCELONA,,2401503,Barcelona,nombre_exacto,,2401503,True,2018|2022
RN,16306,JUNDIÁ,,2406155,Jundiá,nombre_exacto,,2406155,True,2018|2022
RN,16314,BENTO FERNANDES,,2401602,Bento Fernandes,nombre_exacto,,2401602,True,2018|2022
RN,16330,BOM JESUS,,2401701,Bom Jesus,nombre_exacto,,2401701,True,2018|2022
RN,16357,BREJINHO,,2401800,Brejinho,nombre_exacto,,2401800,True,2018|2022
RN,16373,CAIÇARA DO RIO DO VENTO,,2401909,Caiçara do Rio do Vento,nombre_exacto,,2401909,True,2018|2022
RN,16390,CAICÓ,,2402006,Caicó,nombre_exacto,,2402006,True,2018|2022
RN,16411,CAMPO REDONDO,,2402105,Campo Redondo,nombre_exacto,,2402105,True,2018|2022
RN,16438,CANGUARETAMA,,2402204,Canguaretama,nombre_exacto,,2402204,True,2018|2022
RN,16454,CARAÚBAS,,2402303,Caraúbas,nombre_exacto,,2402303,True,2018|2022
RN,16470,CARNAÚBA DOS DANTAS,,2402402,Carnaúba dos Dantas,nombre_exacto,,2402402,True,2018|2022
RN,16497,CARNAUBAIS,,2402501,Carnaubais,nombre_exacto,,2402501,True,2018|2022
RN,16519,CEARÁ-MIRIM,,2402600,Ceará-Mirim,nombre_exacto,,2402600,True,2018|2022
RN,16535,CERRO CORÁ,,2402709,Cerro Corá,nombre_exacto,,2402709,True,2018|2022
RN,16551,CORONEL EZEQUIEL,,2402808,Coronel Ezequiel,nombre_exacto,,2402808,True,2018|2022
RN,16578,CORONEL JOÃO PESSOA,,2402907,Coronel João Pessoa,nombre_exacto,,2402907,True,2018|2022
RN,16594,CRUZETA,,2403004,Cruzeta,nombre_exacto,,2403004,True,2018|2022
RN,16616,CURRAIS NOVOS,,2403103,Currais Novos,nombre_exacto,,2403103,True,2018|2022
RN,16632,DOUTOR SEVERIANO,,2403202,Doutor Severiano,nombre_exacto,,2403202,True,2018|2022
RN,16659,ENCANTO,,2403301,Encanto,nombre_exacto,,2403301,True,2018|2022
RN,16675,EQUADOR,,2403400,Equador,nombre_exacto,,2403400,True,2018|2022
RN,16691,ESPÍRITO SANTO,,2403509,Espírito Santo,nombre_exacto,,2403509,True,2018|2022
RN,16713,EXTREMOZ,,2403608,Extremoz,nombre_exacto,,2403608,True,2018|2022
RN,16730,FELIPE GUERRA,,2403707,Felipe Guerra,nombre_exacto,,2403707,True,2018|2022
RN,16756,FLORÂNIA,,2403806,Florânia,nombre_exacto,,2403806,True,2018|2022
RN,16772,FRANCISCO DANTAS,,2403905,Francisco Dantas,nombre_exacto,,2403905,True,2018|2022
RN,16799,GALINHOS,,2404101,Galinhos,nombre_exacto,,2404101,True,2018|2022
RN,16810,GOIANINHA,,2404200,Goianinha,nombre_exacto,,2404200,True,2018|2022
RN,16837,GOVERNADOR DIX-SEPT ROSADO,,2404309,Governador Dix-Sept Rosado,nombre_exacto,,2404309,True,2018|2022
RN,16853,GROSSOS,,2404408,Grossos,nombre_exacto,,2404408,True,2018|2022
RN,16870,GUAMARÉ,,2404507,Guamaré,nombre_exacto,,2404507,True,2018|2022
RN,16896,IELMO MARINHO,,2404606,Ielmo Marinho,nombre_exacto,,2404606,True,2018|2022
RN,16918,IPANGUAÇU,,2404705,Ipanguaçu,nombre_exacto,,2404705,True,2018|2022
RN,16934,IPUEIRA,,2404804,Ipueira,nombre_exacto,,2404804,True,2018|2022
RN,16950,ITAÚ,,2404903,Itaú,nombre_exacto,,2404903,True,2018|2022
RN,16977,JAÇANÃ,,2405009,Jaçanã,nombre_exacto,,2405009,True,2018|2022
RN,16993,JANDAÍRA,,2405108,Jandaíra,nombre_exacto,,2405108,True,2018|2022
RN,17019,JANDUÍS,,2405207,Janduís,nombre_exacto,,2405207,True,2018|2022
RN,17035,BOA SAÚDE,,2405306,Januário Cicco,manual,Mismo município con nombre distinto en cada registro: el IBGE usa Januário Cicco y el TSE mantiene Boa Saúde. Coincide con la tabla comunitaria (betafcc).,2405306,True,2018|2022
RN,17051,JAPI,,2405405,Japi,nombre_exacto,,2405405,True,2018|2022
RN,17078,JARDIM DE ANGICOS,,2405504,Jardim de Angicos,nombre_exacto,,2405504,True,2018|2022
RN,17094,JARDIM DE PIRANHAS,,2405603,Jardim de Piranhas,nombre_exacto,,2405603,True,2018|2022
RN,17116,JARDIM DO SERIDÓ,,2405702,Jardim do Seridó,nombre_exacto,,2405702,True,2018|2022
RN,17132,JOÃO CÂMARA,,2405801,João Câmara,nombre_exacto,,2405801,True,2018|2022
RN,17159,JOÃO DIAS,,2405900,João Dias,nombre_exacto,,2405900,True,2018|2022
RN,17175,JOSÉ DA PENHA,,2406007,José da Penha,nombre_exacto,,2406007,True,2018|2022
RN,17191,JUCURUTU,,2406106,Jucurutu,nombre_exacto,,2406106,True,2018|2022
RN,17213,MESSIAS TARGINO,,2407609,Messias Targino,nombre_exacto,,2407609,True,2018|2022
RN,17230,LAGOA D ANTA,,2406205,Lagoa d'Anta,nombre_exacto,,2406205,True,2018|2022
RN,17256,LAGOA DE PEDRAS,,2406304,Lagoa de Pedras,nombre_exacto,,2406304,True,2018|2022
RN,17272,LAGOA DE VELHOS,,2406403,Lagoa de Velhos,nombre_exacto,,2406403,True,2018|2022
RN,17299,LAGOA NOVA,,2406502,Lagoa Nova,nombre_exacto,,2406502,True,2018|2022
RN,17310,LAGOA SALGADA,,2406601,Lagoa Salgada,nombre_exacto,,2406601,True,2018|2022
RN,17337,LAJES,,2406700,Lajes,nombre_exacto,,2406700,True,2018|2022
RN,17353,LAJES PINTADAS,,2406809,Lajes Pintadas,nombre_exacto,,2406809,True,2018|2022
RN,17370,LUCRÉCIA,,2406908,Lucrécia,nombre_exacto,,2406908,True,2018|2022
RN,17396,LUÍS GOMES,,2407005,Luís Gomes,nombre_exacto,,2407005,True,2018|2022
RN,17418,MACAÍBA,,2407104,Macaíba,nombre_exacto,,2407104,True,2018|2022
RN,17434,MACAU,,2407203,Macau,nombre_exacto,,2407203,True,2018|2022
RN,17450,MARCELINO VIEIRA,,2407302,Marcelino Vieira,nombre_exacto,,2407302,True,2018|2022
RN,17477,MARTINS,,2407401,Martins,nombre_exacto,,2407401,True,2018|2022
RN,17493,MAXARANGUAPE,,2407500,Maxaranguape,nombre_exacto,,2407500,True,2018|2022
RN,17515,FRUTUOSO GOMES,,2404002,Frutuoso Gomes,nombre_exacto,,2404002,True,2018|2022
RN,17531,MONTANHAS,,2407708,Montanhas,nombre_exacto,,2407708,True,2018|2022
RN,17558,MONTE ALEGRE,,2407807,Monte Alegre,nombre_exacto,,2407807,True,2018|2022
RN,17574,MONTE DAS GAMELEIRAS,,2407906,Monte das Gameleiras,nombre_exacto,,2407906,True,2018|2022
RN,17590,MOSSORÓ,,2408003,Mossoró,nombre_exacto,,2408003,True,2018|2022
RN,17612,NATAL,,2408102,Natal,nombre_exacto,,2408102,True,2018|2022
RN,17639,NÍSIA FLORESTA,,2408201,Nísia Floresta,nombre_exacto,,2408201,True,2018|2022
RN,17655,NOVA CRUZ,,2408300,Nova Cruz,nombre_exacto,,2408300,True,2018|2022
RN,17671,OLHO D ÁGUA DO BORGES,,2408409,Olho d'Água do Borges,nombre_exacto,,2408409,True,2018|2022
RN,17698,OURO BRANCO,,2408508,Ouro Branco,nombre_exacto,,2408508,True,2018|2022
RN,17710,PARANÁ,,2408607,Paraná,nombre_exacto,,2408607,True,2018|2022
RN,17736,PARAÚ,,2408706,Paraú,nombre_exacto,,2408706,True,2018|2022
RN,17752,PARAZINHO,,2408805,Parazinho,nombre_exacto,,2408805,True,2018|2022
RN,17779,PARELHAS,,2408904,Parelhas,nombre_exacto,,2408904,True,2018|2022
RN,17795,PARNAMIRIM,,2403251,Parnamirim,nombre_exacto,,2403251,True,2018|2022
RN,17817,PASSA E FICA,,2409100,Passa e Fica,nombre_exacto,,2409100,True,2018|2022
RN,17833,PASSAGEM,,2409209,Passagem,nombre_exacto,,2409209,True,2018|2022
RN,17850,PATU,,2409308,Patu,nombre_exacto,,2409308,True,2018|2022
RN,17876,PAU DOS FERROS,,2409407,Pau dos Ferros,nombre_exacto,,2409407,True,2018|2022
RN,17892,PEDRA GRANDE,,2409506,Pedra Grande,nombre_exacto,,2409506,True,2018|2022
RN,17914,PEDRA PRETA,,2409605,Pedra Preta,nombre_exacto,,2409605,True,2018|2022
RN,17930,PEDRO AVELINO,,2409704,Pedro Avelino,nombre_exacto,,2409704,True,2018|2022
RN,17957,PEDRO VELHO,,2409803,Pedro Velho,nombre_exacto,,2409803,True,2018|2022
RN,17973,PENDÊNCIAS,,2409902,Pendências,nombre_exacto,,2409902,True,2018|2022
RN,17990,PILÕES,,2410009,Pilões,nombre_exacto,,2410009,True,2018|2022
RN,18015,POÇO BRANCO,,2410108,Poço Branco,nombre_exacto,,2410108,True,2018|2022
RN,18031,PORTALEGRE,,2410207,Portalegre,nombre_exacto,,2410207,True,2018|2022
RN,18058,SERRA CAIADA,,2410306,Serra Caiada,nombre_exacto,,2410306,True,2018|2022
RN,18074,PUREZA,,2410405,Pureza,nombre_exacto,,2410405,True,2018|2022
RN,18090,RAFAEL FERNANDES,,2410504,Rafael Fernandes,nombre_exacto,,2410504,True,2018|2022
RN,18112,RIACHO DA CRUZ,,2410702,Riacho da Cruz,nombre_exacto,,2410702,True,2018|2022
RN,18139,RIACHO DE SANTANA,,2410801,Riacho de Santana,nombre_exacto,,2410801,True,2018|2022
RN,18155,RIACHUELO,,2410900,Riachuelo,nombre_exacto,,2410900,True,2018|2022
RN,18171,RODOLFO FERNANDES,,2411007,Rodolfo Fernandes,nombre_exacto,,2411007,True,2018|2022
RN,18198,RUY BARBOSA,,2411106,Ruy Barbosa,nombre_exacto,,2411106,True,2018|2022
RN,18210,SÃO FRANCISCO DO OESTE,,2411908,São Francisco do Oeste,nombre_exacto,,2411908,True,2018|2022
RN,18236,SANTA CRUZ,,2411205,Santa Cruz,nombre_exacto,,2411205,True,2018|2022
RN,18252,SANTANA DO SERIDÓ,,2411429,Santana do Seridó,nombre_exacto,,2411429,True,2018|2022
RN,18279,SANTANA DO MATOS,,2411403,Santana do Matos,nombre_exacto,,2411403,True,2018|2022
RN,18295,SANTO ANTÔNIO,,2411502,Santo Antônio,nombre_exacto,,2411502,True,2018|2022
RN,18317,SÃO BENTO DO NORTE,,2411601,São Bento do Norte,nombre_exacto,,2411601,True,2018|2022
RN,18333,SÃO BENTO DO TRAIRÍ,,2411700,São Bento do Trairí,nombre_exacto,,2411700,True,2018|2022
RN,18350,SÃO FERNANDO,,2411809,São Fernando,nombre_exacto,,2411809,True,2018|2022
RN,18376,SÃO GONÇALO DO AMARANTE,,2412005,São Gonçalo do Amarante,nombre_exacto,,2412005,True,2018|2022
RN,18392,SÃO JOÃO DO SABUGI,,2412104,São João do Sabugi,nombre_exacto,,2412104,True,2018|2022
RN,18414,SÃO JOSÉ DE MIPIBU,,2412203,São José de Mipibu,nombre_exacto,,2412203,True,2018|2022
RN,18430,SÃO JOSÉ DO CAMPESTRE,,2412302,São José do Campestre,nombre_exacto,,2412302,True,2018|2022
RN,18457,SÃO JOSÉ DO SERIDÓ,,2412401,São José do Seridó,nombre_exacto,,2412401,True,2018|2022
RN,18473,SÃO MIGUEL,,2412500,São Miguel,nombre_exacto,,2412500,True,2018|2022
RN,18490,SÃO PAULO DO POTENGI,,2412609,São Paulo do Potengi,nombre_exacto,,2412609,True,2018|2022
RN,18511,SÃO PEDRO,,2412708,São Pedro,nombre_exacto,,2412708,True,2018|2022
RN,18538,SÃO RAFAEL,,2412807,São Rafael,nombre_exacto,,2412807,True,2018|2022
RN,18554,SÃO TOMÉ,,2412906,São Tomé,nombre_exacto,,2412906,True,2018|2022
RN,18570,SÃO VICENTE,,2413003,São Vicente,nombre_exacto,,2413003,True,2018|2022
RN,18597,SENADOR ELÓI DE SOUZA,,2413102,Senador Elói de Souza,nombre_exacto,,2413102,True,2018|2022
RN,18619,SENADOR GEORGINO AVELINO,,2413201,Senador Georgino Avelino,nombre_exacto,,2413201,True,2018|2022
RN,18635,SERRA DE SÃO BENTO,,2413300,Serra de São Bento,nombre_exacto,,2413300,True,2018|2022
RN,18651,SERRA NEGRA DO NORTE,,2413409,Serra Negra do Norte,nombre_exacto,,2413409,True,2018|2022
RN,18678,SERRINHA,,2413508,Serrinha,nombre_exacto,,2413508,True,2018|2022
RN,18694,SEVERIANO MELO,,2413607,Severiano Melo,nombre_exacto,,2413607,True,2018|2022
RN,18716,SÍTIO NOVO,,2413706,Sítio Novo,nombre_exacto,,2413706,True,2018|2022
RN,18732,TABOLEIRO GRANDE,,2413805,Taboleiro Grande,nombre_exacto,,2413805,True,2018|2022
RN,18759,TAIPU,,2413904,Taipu,nombre_exacto,,2413904,True,2018|2022
RN,18775,TANGARÁ,,2414001,Tangará,nombre_exacto,,2414001,True,2018|2022
RN,18791,TENENTE ANANIAS,,2414100,Tenente Ananias,nombre_exacto,,2414100,True,2018|2022
RN,18813,TIBAU DO SUL,,2414209,Tibau do Sul,nombre_exacto,,2414209,True,2018|2022
RN,18830,TIMBAÚBA DOS BATISTAS,,2414308,Timbaúba dos Batistas,nombre_exacto,,2414308,True,2018|2022
RN,18856,TOUROS,,2414407,Touros,nombre_exacto,,2414407,True,2018|2022
RN,18872,UMARIZAL,,2414506,Umarizal,nombre_exacto,,2414506,True,2018|2022
RN,18899,UPANEMA,,2414605,Upanema,nombre_exacto,,2414605,True,2018|2022
RN,18910,VÁRZEA,,2414704,Várzea,nombre_exacto,,2414704,True,2018|2022
RN,18937,RAFAEL GODEIRO,,2410603,Rafael Godeiro,nombre_exacto,,2410603,True,2018|2022
RN,18953,VERA CRUZ,,2414803,Vera Cruz,nombre_exacto,,2414803,True,2018|2022
RN,18970,VIÇOSA,,2414902,Viçosa,nombre_exacto,,2414902,True,2018|2022
RN,18996,VILA FLOR,,2415008,Vila Flor,nombre_exacto,,2415008,True,2018|2022
RN,30031,BARAÚNA,,2401453,Baraúna,nombre_exacto,,2401453,True,2018|2022
RO,00019,GUAJARÁ-MIRIM,,1100106,Guajará-Mirim,nombre_exacto,,1100106,True,2018|2022
RO,00035,PORTO VELHO,,1100205,Porto Velho,nombre_exacto,,1100205,True,2018|2022
RO,00051,JI-PARANÁ,,1100122,Ji-Paraná,nombre_exacto,,1100122,True,2018|2022
RO,00078,ARIQUEMES,,1100023,Ariquemes,nombre_exacto,,1100023,True,2018|2022
RO,00094,CACOAL,,1100049,Cacoal,nombre_exacto,,1100049,True,2018|2022
RO,00116,PIMENTA BUENO,,1100189,Pimenta Bueno,nombre_exacto,,1100189,True,2018|2022
RO,00132,VILHENA,,1100304,Vilhena,nombre_exacto,,1100304,True,2018|2022
RO,00159,JARU,,1100114,Jaru,nombre_exacto,,1100114,True,2018|2022
RO,00175,OURO PRETO DO OESTE,,1100155,Ouro Preto do Oeste,nombre_exacto,,1100155,True,2018|2022
RO,00191,PRESIDENTE MÉDICI,,1100254,Presidente Médici,nombre_exacto,,1100254,True,2018|2022
RO,00213,COSTA MARQUES,,1100080,Costa Marques,nombre_exacto,,1100080,True,2018|2022
RO,00230,COLORADO DO OESTE,,1100064,Colorado do Oeste,nombre_exacto,,1100064,True,2018|2022
RO,00256,ESPIGÃO DO OESTE,,1100098,Espigão D'Oeste,nombre_aproximado,,1100098,True,2018|2022
RO,00272,CEREJEIRAS,,1100056,Cerejeiras,nombre_exacto,,1100056,True,2018|2022
RO,00299,ROLIM DE MOURA,,1100288,Rolim de Moura,nombre_exacto,,1100288,True,2018|2022
RO,00310,ALTA FLORESTA D OESTE,,1100015,Alta Floresta D'Oeste,nombre_exacto,,1100015,True,2018|2022
RO,00337,ALVORADA DO OESTE,,1100346,Alvorada D'Oeste,nombre_aproximado,,1100346,True,2018|2022
RO,00353,SANTA LUZIA D OESTE,,1100296,Santa Luzia D'Oeste,nombre_exacto,,1100296,True,2018|2022
RO,00370,NOVA BRASILÂNDIA D OESTE,,1100148,Nova Brasilândia D'Oeste,nombre_exacto,,1100148,True,2018|2022
RO,00396,MACHADINHO D OESTE,,1100130,Machadinho D'Oeste,nombre_exacto,,1100130,True,2018|2022
RO,00418,SÃO MIGUEL DO GUAPORÉ,,1100320,São Miguel do Guaporé,nombre_exacto,,1100320,True,2018|2022
RO,00434,NOVA MAMORÉ,,1100338,Nova Mamoré,nombre_exacto,,1100338,True,2018|2022
RO,00450,CABIXI,,1100031,Cabixi,nombre_exacto,,1100031,True,2018|2022
RO,00477,CANDEIAS DO JAMARI,,1100809,Candeias do Jamari,nombre_exacto,,1100809,True,2018|2022
RO,00493,ITAPUÃ DO OESTE,,1101104,Itapuã do Oeste,nombre_exacto,,1101104,True,2018|2022
RO,00515,NOVO HORIZONTE DO OESTE,,1100502,Novo Horizonte do Oeste,nombre_exacto,,1100502,True,2018|2022
RO,00531,CASTANHEIRAS,,1100908,Castanheiras,nombre_exacto,,1100908,True,2018|2022
RO,00558,VALE DO PARAÍSO,,1101807,Vale do Paraíso,nombre_exacto,,1101807,True,2018|2022
RO,00566,URUPÁ,,1101708,Urupá,nombre_exacto,,1101708,True,2018|2022
RO,00574,MIRANTE DA SERRA,,1101302,Mirante da Serra,nombre_exacto,,1101302,True,2018|2022
RO,00582,SERINGUEIRAS,,1101500,Seringueiras,nombre_exacto,,1101500,True,2018|2022
RO,00590,THEOBROMA,,1101609,Theobroma,nombre_exacto,,1101609,True,2018|2022
RO,00604,MINISTRO ANDREAZZA,,1101203,Ministro Andreazza,nombre_exacto,,1101203,True,2018|2022
RO,00612,GOVERNADOR JORGE TEIXEIRA,,1101005,Governador Jorge Teixeira,nombre_exacto,,1101005,True,2018|2022
RO,00620,CACAULÂNDIA,,1100601,Cacaulândia,nombre_exacto,,1100601,True,2018|2022
RO,00639,ALTO PARAÍSO,,1100403,Alto Paraíso,nombre_exacto,,1100403,True,2018|2022
RO,00647,RIO CRESPO,,1100262,Rio Crespo,nombre_exacto,,1100262,True,2018|2022
RO,00655,CORUMBIARA,,1100072,Corumbiara,nombre_exacto,,1100072,True,2018|2022
RO,00663,MONTE NEGRO,,1101401,Monte Negro,nombre_exacto,,1101401,True,2018|2022
RO,00671,CAMPO NOVO DE RONDÔNIA,,1100700,Campo Novo de Rondônia,nombre_exacto,,1100700,True,2018|2022
RO,00680,CUJUBIM,,1100940,Cujubim,nombre_exacto,,1100940,True,2018|2022
RO,00698,VALE DO ANARI,,1101757,Vale do Anari,nombre_exacto,,1101757,True,2018|2022
RO,00701,PARECIS,,1101450,Parecis,nombre_exacto,,1101450,True,2018|2022
RO,00710,SÃO FELIPE D OESTE,,1101484,São Felipe D'Oeste,nombre_exacto,,1101484,True,2018|2022
RO,00728,PRIMAVERA DE RONDÔNIA,,1101476,Primavera de Rondônia,nombre_exacto,,1101476,True,2018|2022
RO,00736,ALTO ALEGRE DOS PARECIS,,1100379,Alto Alegre dos Parecis,nombre_exacto,,1100379,True,2018|2022
RO,00744,NOVA UNIÃO,,1101435,Nova União,nombre_exacto,,1101435,True,2018|2022
RO,00752,TEIXEIRÓPOLIS,,1101559,Teixeirópolis,nombre_exacto,,1101559,True,2018|2022
RO,00779,BURITIS,,1100452,Buritis,nombre_exacto,,1100452,True,2018|2022
RO,00787,PIMENTEIRAS DO OESTE,,1101468,Pimenteiras do Oeste,nombre_exacto,,1101468,True,2018|2022
RO,00795,SÃO FRANCISCO DO GUAPORÉ,,1101492,São Francisco do Guaporé,nombre_exacto,,1101492,True,2018|2022
RO,00809,CHUPINGUAIA,,1100924,Chupinguaia,nombre_exacto,,1100924,True,2018|2022
RR,03000,CAROEBE,,1400233,Caroebe,nombre_exacto,,1400233,True,2018|2022
RR,03018,BOA VISTA,,1400100,Boa Vista,nombre_exacto,,1400100,True,2018|2022
RR,03026,IRACEMA,,1400282,Iracema,nombre_exacto,,1400282,True,2018|2022
RR,03034,CARACARAÍ,,1400209,Caracaraí,nombre_exacto,,1400209,True,2018|2022
RR,03042,AMAJARI,,1400027,Amajari,nombre_exacto,,1400027,True,2018|2022
RR,03050,ALTO ALEGRE,,1400050,Alto Alegre,nombre_exacto,,1400050,True,2018|2022
RR,03069,CANTÁ,,1400175,Cantá,nombre_exacto,,1400175,True,2018|2022
RR,03077,BONFIM,,1400159,Bonfim,nombre_exacto,,1400159,True,2018|2022
RR,03085,RORAINÓPOLIS,,1400472,Rorainópolis,nombre_exacto,,1400472,True,2018|2022
RR,03093,MUCAJAÍ,,1400308,Mucajaí,nombre_exacto,,1400308,True,2018|2022
RR,03107,UIRAMUTÃ,,1400704,Uiramutã,nombre_exacto,,1400704,True,2018|2022
RR,03115,NORMANDIA,,1400407,Normandia,nombre_exacto,,1400407,True,2018|2022
RR,03123,PACARAIMA,,1400456,Pacaraima,nombre_exacto,,1400456,True,2018|2022
RR,03131,SÃO JOÃO DA BALIZA,,1400506,São João da Baliza,nombre_exacto,,1400506,True,2018|2022
RR,03158,SÃO LUIZ,,1400605,São Luiz do Anauá,manual,"El TSE usa la forma corta del nombre; la similitud textual queda bajo el umbral por el sufijo ""do Anauá"". Es el único São Luiz de RR y coincide con la tabla comunitaria (betafcc).",1400605,True,2018|2022
RS,84735,ÁUREA,,4301552,Áurea,nombre_exacto,,4301552,True,2018|2022
RS,84743,TRÊS ARROIOS,,4321634,Três Arroios,nombre_exacto,,4321634,True,2018|2022
RS,84751,NOVA ROMA DO SUL,,4313359,Nova Roma do Sul,nombre_exacto,,4313359,True,2018|2022
RS,84760,PROGRESSO,,4315156,Progresso,nombre_exacto,,4315156,True,2018|2022
RS,84778,PIRAPÓ,,4314555,Pirapó,nombre_exacto,,4314555,True,2018|2022
RS,84786,JABOTICABA,,4310850,Jaboticaba,nombre_exacto,,4310850,True,2018|2022
RS,84794,SÃO JORGE,,4318440,São Jorge,nombre_exacto,,4318440,True,2018|2022
RS,84808,ALTO ALEGRE,,4300554,Alto Alegre,nombre_exacto,,4300554,True,2018|2022
RS,84816,NOVA HARTZ,,4313060,Nova Hartz,nombre_exacto,,4313060,True,2018|2022
RS,84824,DOIS LAJEADOS,,4306452,Dois Lajeados,nombre_exacto,,4306452,True,2018|2022
RS,84832,SÃO DOMINGOS DO SUL,,4318051,São Domingos do Sul,nombre_exacto,,4318051,True,2018|2022
RS,84840,TUNAS,,4322152,Tunas,nombre_exacto,,4322152,True,2018|2022
RS,84859,SÃO JOÃO DA URTIGA,,4318424,São João da Urtiga,nombre_exacto,,4318424,True,2018|2022
RS,84867,GUABIJU,,4309258,Guabiju,nombre_exacto,,4309258,True,2018|2022
RS,84875,QUINZE DE NOVEMBRO,,4315354,Quinze de Novembro,nombre_exacto,,4315354,True,2018|2022
RS,84883,DOUTOR MAURÍCIO CARDOSO,,4306734,Doutor Maurício Cardoso,nombre_exacto,,4306734,True,2018|2022
RS,84891,CAPELA DE SANTANA,,4304689,Capela de Santana,nombre_exacto,,4304689,True,2018|2022
RS,84905,JAQUIRANA,,4311122,Jaquirana,nombre_exacto,,4311122,True,2018|2022
RS,84913,VANINI,,4322558,Vanini,nombre_exacto,,4322558,True,2018|2022
RS,84921,BOQUEIRÃO DO LEÃO,,4302451,Boqueirão do Leão,nombre_exacto,,4302451,True,2018|2022
RS,84930,FAGUNDES VARELA,,4307864,Fagundes Varela,nombre_exacto,,4307864,True,2018|2022
RS,84948,ÁGUA SANTA,,4300059,Água Santa,nombre_exacto,,4300059,True,2018|2022
RS,84956,SILVEIRA MARTINS,,4320651,Silveira Martins,nombre_exacto,,4320651,True,2018|2022
RS,84964,IBIRAPUITÃ,,4309951,Ibirapuitã,nombre_exacto,,4309951,True,2018|2022
RS,84972,IBARAMA,,4309753,Ibarama,nombre_exacto,,4309753,True,2018|2022
RS,84980,PANTANO GRANDE,,4313953,Pantano Grande,nombre_exacto,,4313953,True,2018|2022
RS,84999,IPÊ,,4310439,Ipê,nombre_exacto,,4310439,True,2018|2022
RS,85006,TRINDADE DO SUL,,4321956,Trindade do Sul,nombre_exacto,,4321956,True,2018|2022
RS,85014,AGUDO,,4300109,Agudo,nombre_exacto,,4300109,True,2018|2022
RS,85022,ERNESTINA,,4307054,Ernestina,nombre_exacto,,4307054,True,2018|2022
RS,85030,AJURICABA,,4300208,Ajuricaba,nombre_exacto,,4300208,True,2018|2022
RS,85049,DEZESSEIS DE NOVEMBRO,,4306353,Dezesseis de Novembro,nombre_exacto,,4306353,True,2018|2022
RS,85057,ALECRIM,,4300307,Alecrim,nombre_exacto,,4300307,True,2018|2022
RS,85065,BROCHIER,,4302659,Brochier,nombre_exacto,,4302659,True,2018|2022
RS,85073,ALEGRETE,,4300406,Alegrete,nombre_exacto,,4300406,True,2018|2022
RS,85081,EREBANGO,,4306973,Erebango,nombre_exacto,,4306973,True,2018|2022
RS,85090,ALPESTRE,,4300505,Alpestre,nombre_exacto,,4300505,True,2018|2022
RS,85103,ENTRE-IJUÍS,,4306932,Entre-Ijuís,nombre_exacto,,4306932,True,2018|2022
RS,85111,ALVORADA,,4300604,Alvorada,nombre_exacto,,4300604,True,2018|2022
RS,85120,NOVA ESPERANÇA DO SUL,,4313037,Nova Esperança do Sul,nombre_exacto,,4313037,True,2018|2022
RS,85138,ANTA GORDA,,4300703,Anta Gorda,nombre_exacto,,4300703,True,2018|2022
RS,85146,PAVERAMA,,4314159,Paverama,nombre_exacto,,4314159,True,2018|2022
RS,85154,ANTÔNIO PRADO,,4300802,Antônio Prado,nombre_exacto,,4300802,True,2018|2022
RS,85162,TERRA DE AREIA,,4321436,Terra de Areia,nombre_exacto,,4321436,True,2018|2022
RS,85170,ARATIBA,,4300901,Aratiba,nombre_exacto,,4300901,True,2018|2022
RS,85189,HARMONIA,,4309555,Harmonia,nombre_exacto,,4309555,True,2018|2022
RS,85197,ARROIO DO MEIO,,4301008,Arroio do Meio,nombre_exacto,,4301008,True,2018|2022
RS,85200,CAMPOS BORGES,,4304101,Campos Borges,nombre_exacto,,4304101,True,2018|2022
RS,85219,ARROIO DOS RATOS,,4301107,Arroio dos Ratos,nombre_exacto,,4301107,True,2018|2022
RS,85227,CERRO GRANDE,,4305157,Cerro Grande,nombre_exacto,,4305157,True,2018|2022
RS,85235,ARROIO DO TIGRE,,4301206,Arroio do Tigre,nombre_exacto,,4301206,True,2018|2022
RS,85243,IPIRANGA DO SUL,,4310462,Ipiranga do Sul,nombre_exacto,,4310462,True,2018|2022
RS,85251,ARROIO GRANDE,,4301305,Arroio Grande,nombre_exacto,,4301305,True,2018|2022
RS,85260,LAGOÃO,,4311254,Lagoão,nombre_exacto,,4311254,True,2018|2022
RS,85278,ARVOREZINHA,,4301404,Arvorezinha,nombre_exacto,,4301404,True,2018|2022
RS,85286,ESTAÇÃO,,4307559,Estação,nombre_exacto,,4307559,True,2018|2022
RS,85294,AUGUSTO PESTANA,,4301503,Augusto Pestana,nombre_exacto,,4301503,True,2018|2022
RS,85308,ARROIO DO SAL,,4301057,Arroio do Sal,nombre_exacto,,4301057,True,2018|2022
RS,85316,BAGÉ,,4301602,Bagé,nombre_exacto,,4301602,True,2018|2022
RS,85324,SÃO JOSÉ DO HORTÊNCIO,,4318481,São José do Hortêncio,nombre_exacto,,4318481,True,2018|2022
RS,85332,BARÃO DE COTEGIPE,,4301701,Barão de Cotegipe,nombre_exacto,,4301701,True,2018|2022
RS,85340,PINHAL,,4314456,Pinhal,nombre_exacto,,4314456,True,2018|2022
RS,85359,BARRACÃO,,4301800,Barracão,nombre_exacto,,4301800,True,2018|2022
RS,85367,TRÊS CACHOEIRAS,,4321667,Três Cachoeiras,nombre_exacto,,4321667,True,2018|2022
RS,85375,BARRA DO RIBEIRO,,4301909,Barra do Ribeiro,nombre_exacto,,4301909,True,2018|2022
RS,85383,SÃO VENDELINO,,4319752,São Vendelino,nombre_exacto,,4319752,True,2018|2022
RS,85391,BARROS CASSAL,,4302006,Barros Cassal,nombre_exacto,,4302006,True,2018|2022
RS,85405,PROTÁSIO ALVES,,4315172,Protásio Alves,nombre_exacto,,4315172,True,2018|2022
RS,85413,BENTO GONÇALVES,,4302105,Bento Gonçalves,nombre_exacto,,4302105,True,2018|2022
RS,85421,POUSO NOVO,,4315131,Pouso Novo,nombre_exacto,,4315131,True,2018|2022
RS,85430,BOA VISTA DO BURICÁ,,4302204,Boa Vista do Buricá,nombre_exacto,,4302204,True,2018|2022
RS,85448,EUGÊNIO DE CASTRO,,4307831,Eugênio de Castro,nombre_exacto,,4307831,True,2018|2022
RS,85456,BOM JESUS,,4302303,Bom Jesus,nombre_exacto,,4302303,True,2018|2022
RS,85464,CRISTAL,,4306056,Cristal,nombre_exacto,,4306056,True,2018|2022
RS,85472,BOM RETIRO DO SUL,,4302402,Bom Retiro do Sul,nombre_exacto,,4302402,True,2018|2022
RS,85480,SÃO MIGUEL DAS MISSÕES,,4319158,São Miguel das Missões,nombre_exacto,,4319158,True,2018|2022
RS,85499,BOSSOROCA,,4302501,Bossoroca,nombre_exacto,,4302501,True,2018|2022
RS,85502,GLORINHA,,4309050,Glorinha,nombre_exacto,,4309050,True,2018|2022
RS,85510,BRAGA,,4302600,Braga,nombre_exacto,,4302600,True,2018|2022
RS,85529,SEGREDO,,4320263,Segredo,nombre_exacto,,4320263,True,2018|2022
RS,85537,BUTIÁ,,4302709,Butiá,nombre_exacto,,4302709,True,2018|2022
RS,85545,ALEGRIA,,4300455,Alegria,nombre_exacto,,4300455,True,2018|2022
RS,85553,CAÇAPAVA DO SUL,,4302808,Caçapava do Sul,nombre_exacto,,4302808,True,2018|2022
RS,85561,SALDANHA MARINHO,,4316436,Saldanha Marinho,nombre_exacto,,4316436,True,2018|2022
RS,85570,CACEQUI,,4302907,Cacequi,nombre_exacto,,4302907,True,2018|2022
RS,85588,SÃO JOSÉ DO HERVAL,,4318465,São José do Herval,nombre_exacto,,4318465,True,2018|2022
RS,85596,CACHOEIRA DO SUL,,4303004,Cachoeira do Sul,nombre_exacto,,4303004,True,2018|2022
RS,85600,VISTA ALEGRE,,4323507,Vista Alegre,nombre_exacto,,4323507,True,2018|2022
RS,85618,CACHOEIRINHA,,4303103,Cachoeirinha,nombre_exacto,,4303103,True,2018|2022
RS,85626,IVORÁ,,4310751,Ivorá,nombre_exacto,,4310751,True,2018|2022
RS,85634,CACIQUE DOBLE,,4303202,Cacique Doble,nombre_exacto,,4303202,True,2018|2022
RS,85642,VILA MARIA,,4323408,Vila Maria,nombre_exacto,,4323408,True,2018|2022
RS,85650,CAIBATÉ,,4303301,Caibaté,nombre_exacto,,4303301,True,2018|2022
RS,85669,TAQUARUÇU DO SUL,,4321329,Taquaruçu do Sul,nombre_exacto,,4321329,True,2018|2022
RS,85677,CAIÇARA,,4303400,Caiçara,nombre_exacto,,4303400,True,2018|2022
RS,85685,IMBÉ,,4310330,Imbé,nombre_exacto,,4310330,True,2018|2022
RS,85693,CAMAQUÃ,,4303509,Camaquã,nombre_exacto,,4303509,True,2018|2022
RS,85707,SEDE NOVA,,4320230,Sede Nova,nombre_exacto,,4320230,True,2018|2022
RS,85715,CAMBARÁ DO SUL,,4303608,Cambará do Sul,nombre_exacto,,4303608,True,2018|2022
RS,85723,TUPANDI,,4322251,Tupandi,nombre_exacto,,4322251,True,2018|2022
RS,85731,CAMPINA DAS MISSÕES,,4303707,Campina das Missões,nombre_exacto,,4303707,True,2018|2022
RS,85740,RIOZINHO,,4315750,Riozinho,nombre_exacto,,4315750,True,2018|2022
RS,85758,CAMPINAS DO SUL,,4303806,Campinas do Sul,nombre_exacto,,4303806,True,2018|2022
RS,85766,RELVADO,,4315453,Relvado,nombre_exacto,,4315453,True,2018|2022
RS,85774,CAMPO BOM,,4303905,Campo Bom,nombre_exacto,,4303905,True,2018|2022
RS,85782,IMIGRANTE,,4310363,Imigrante,nombre_exacto,,4310363,True,2018|2022
RS,85790,CAMPO NOVO,,4304002,Campo Novo,nombre_exacto,,4304002,True,2018|2022
RS,85804,CIDREIRA,,4305454,Cidreira,nombre_exacto,,4305454,True,2018|2022
RS,85812,CANDELÁRIA,,4304200,Candelária,nombre_exacto,,4304200,True,2018|2022
RS,85820,MONTAURI,,4312351,Montauri,nombre_exacto,,4312351,True,2018|2022
RS,85839,CÂNDIDO GODÓI,,4304309,Cândido Godói,nombre_exacto,,4304309,True,2018|2022
RS,85847,VISTA GAÚCHA,,4323705,Vista Gaúcha,nombre_exacto,,4323705,True,2018|2022
RS,85855,CANELA,,4304408,Canela,nombre_exacto,,4304408,True,2018|2022
RS,85863,VISTA ALEGRE DO PRATA,,4323606,Vista Alegre do Prata,nombre_exacto,,4323606,True,2018|2022
RS,85871,CANGUÇU,,4304507,Canguçu,nombre_exacto,,4304507,True,2018|2022
RS,85880,CASEIROS,,4304952,Caseiros,nombre_exacto,,4304952,True,2018|2022
RS,85898,CANOAS,,4304606,Canoas,nombre_exacto,,4304606,True,2018|2022
RS,85901,ITACURUBI,,4310553,Itacurubi,nombre_exacto,,4310553,True,2018|2022
RS,85910,CARAZINHO,,4304705,Carazinho,nombre_exacto,,4304705,True,2018|2022
RS,85928,ENTRE RIOS DO SUL,,4306957,Entre Rios do Sul,nombre_exacto,,4306957,True,2018|2022
RS,85936,CARLOS BARBOSA,,4304804,Carlos Barbosa,nombre_exacto,,4304804,True,2018|2022
RS,85944,CERRO GRANDE DO SUL,,4305173,Cerro Grande do Sul,nombre_exacto,,4305173,True,2018|2022
RS,85952,CASCA,,4304903,Casca,nombre_exacto,,4304903,True,2018|2022
RS,85960,CAMARGO,,4303558,Camargo,nombre_exacto,,4303558,True,2018|2022
RS,85979,CATUÍPE,,4305009,Catuípe,nombre_exacto,,4305009,True,2018|2022
RS,85987,PARAÍSO DO SUL,,4314027,Paraíso do Sul,nombre_exacto,,4314027,True,2018|2022
RS,85995,CAXIAS DO SUL,,4305108,Caxias do Sul,nombre_exacto,,4305108,True,2018|2022
RS,86010,CERRO LARGO,,4305207,Cerro Largo,nombre_exacto,,4305207,True,2018|2022
RS,86029,FAXINALZINHO,,4308052,Faxinalzinho,nombre_exacto,,4308052,True,2018|2022
RS,86037,CHAPADA,,4305306,Chapada,nombre_exacto,,4305306,True,2018|2022
RS,86045,AMARAL FERRADOR,,4300638,Amaral Ferrador,nombre_exacto,,4300638,True,2018|2022
RS,86053,CHIAPETTA,,4305405,Chiapetta,nombre_exacto,,4305405,True,2018|2022
RS,86061,VILA FLORES,,4323309,Vila Flores,nombre_exacto,,4323309,True,2018|2022
RS,86070,CIRÍACO,,4305504,Ciríaco,nombre_exacto,,4305504,True,2018|2022
RS,86088,CERRO BRANCO,,4305132,Cerro Branco,nombre_exacto,,4305132,True,2018|2022
RS,86096,COLORADO,,4305603,Colorado,nombre_exacto,,4305603,True,2018|2022
RS,86100,ANDRÉ DA ROCHA,,4300661,André da Rocha,nombre_exacto,,4300661,True,2018|2022
RS,86118,CONDOR,,4305702,Condor,nombre_exacto,,4305702,True,2018|2022
RS,86126,POÇO DAS ANTAS,,4314753,Poço das Antas,nombre_exacto,,4314753,True,2018|2022
RS,86134,CONSTANTINA,,4305801,Constantina,nombre_exacto,,4305801,True,2018|2022
RS,86142,TRÊS PALMEIRAS,,4321857,Três Palmeiras,nombre_exacto,,4321857,True,2018|2022
RS,86150,CORONEL BICACO,,4305900,Coronel Bicaco,nombre_exacto,,4305900,True,2018|2022
RS,86169,NOVA ALVORADA,,4312757,Nova Alvorada,nombre_exacto,,4312757,True,2018|2022
RS,86177,CRISSIUMAL,,4306007,Crissiumal,nombre_exacto,,4306007,True,2018|2022
RS,86185,MORRO REDONDO,,4312450,Morro Redondo,nombre_exacto,,4312450,True,2018|2022
RS,86193,CRUZ ALTA,,4306106,Cruz Alta,nombre_exacto,,4306106,True,2018|2022
RS,86207,SANTA MARIA DO HERVAL,,4316956,Santa Maria do Herval,nombre_exacto,,4316956,True,2018|2022
RS,86215,CRUZEIRO DO SUL,,4306205,Cruzeiro do Sul,nombre_exacto,,4306205,True,2018|2022
RS,86223,BARÃO,,4301651,Barão,nombre_exacto,,4301651,True,2018|2022
RS,86231,DAVID CANABARRO,,4306304,David Canabarro,nombre_exacto,,4306304,True,2018|2022
RS,86240,ELDORADO DO SUL,,4306767,Eldorado do Sul,nombre_exacto,,4306767,True,2018|2022
RS,86258,DOIS IRMÃOS,,4306403,Dois Irmãos,nombre_exacto,,4306403,True,2018|2022
RS,86274,DOM FELICIANO,,4306502,Dom Feliciano,nombre_exacto,,4306502,True,2018|2022
RS,86282,ALTO FELIZ,,4300570,Alto Feliz,nombre_exacto,,4300570,True,2018|2022
RS,86290,DOM PEDRITO,,4306601,Dom Pedrito,nombre_exacto,,4306601,True,2018|2022
RS,86304,AMETISTA DO SUL,,4300646,Ametista do Sul,nombre_exacto,,4300646,True,2018|2022
RS,86312,DONA FRANCISCA,,4306700,Dona Francisca,nombre_exacto,,4306700,True,2018|2022
RS,86320,ARAMBARÉ,,4300851,Arambaré,nombre_exacto,,4300851,True,2018|2022
RS,86339,ENCANTADO,,4306809,Encantado,nombre_exacto,,4306809,True,2018|2022
RS,86347,BARÃO DO TRIUNFO,,4301750,Barão do Triunfo,nombre_exacto,,4301750,True,2018|2022
RS,86355,ENCRUZILHADA DO SUL,,4306908,Encruzilhada do Sul,nombre_exacto,,4306908,True,2018|2022
RS,86363,BARRA DO GUARITA,,4301859,Barra do Guarita,nombre_exacto,,4301859,True,2018|2022
RS,86371,ERECHIM,,4307005,Erechim,nombre_exacto,,4307005,True,2018|2022
RS,86380,BARRA DO RIO AZUL,,4301925,Barra do Rio Azul,nombre_exacto,,4301925,True,2018|2022
RS,86398,HERVAL,,4307104,Herval,nombre_exacto,,4307104,True,2018|2022
RS,86401,BARRA FUNDA,,4301958,Barra Funda,nombre_exacto,,4301958,True,2018|2022
RS,86410,ERVAL GRANDE,,4307203,Erval Grande,nombre_exacto,,4307203,True,2018|2022
RS,86428,BOA VISTA DAS MISSÕES,,4302154,Boa Vista das Missões,nombre_exacto,,4302154,True,2018|2022
RS,86436,ERVAL SECO,,4307302,Erval Seco,nombre_exacto,,4307302,True,2018|2022
RS,86444,BOM PROGRESSO,,4302378,Bom Progresso,nombre_exacto,,4302378,True,2018|2022
RS,86452,ESMERALDA,,4307401,Esmeralda,nombre_exacto,,4307401,True,2018|2022
RS,86460,CAMPESTRE DA SERRA,,4303673,Campestre da Serra,nombre_exacto,,4303673,True,2018|2022
RS,86479,ESPUMOSO,,4307500,Espumoso,nombre_exacto,,4307500,True,2018|2022
RS,86487,CANDIOTA,,4304358,Candiota,nombre_exacto,,4304358,True,2018|2022
RS,86495,ESTÂNCIA VELHA,,4307609,Estância Velha,nombre_exacto,,4307609,True,2018|2022
RS,86509,CAPITÃO,,4304697,Capitão,nombre_exacto,,4304697,True,2018|2022
RS,86517,ESTEIO,,4307708,Esteio,nombre_exacto,,4307708,True,2018|2022
RS,86525,CARLOS GOMES,,4304853,Carlos Gomes,nombre_exacto,,4304853,True,2018|2022
RS,86533,ESTRELA,,4307807,Estrela,nombre_exacto,,4307807,True,2018|2022
RS,86541,CENTENÁRIO,,4305116,Centenário,nombre_exacto,,4305116,True,2018|2022
RS,86550,FARROUPILHA,,4307906,Farroupilha,nombre_exacto,,4307906,True,2018|2022
RS,86568,CHARRUA,,4305371,Charrua,nombre_exacto,,4305371,True,2018|2022
RS,86576,FAXINAL DO SOTURNO,,4308003,Faxinal do Soturno,nombre_exacto,,4308003,True,2018|2022
RS,86584,COLINAS,,4305587,Colinas,nombre_exacto,,4305587,True,2018|2022
RS,86592,FELIZ,,4308102,Feliz,nombre_exacto,,4308102,True,2018|2022
RS,86606,COQUEIROS DO SUL,,4305850,Coqueiros do Sul,nombre_exacto,,4305850,True,2018|2022
RS,86614,FLORES DA CUNHA,,4308201,Flores da Cunha,nombre_exacto,,4308201,True,2018|2022
RS,86622,CORONEL BARROS,,4305871,Coronel Barros,nombre_exacto,,4305871,True,2018|2022
RS,86630,FONTOURA XAVIER,,4308300,Fontoura Xavier,nombre_exacto,,4308300,True,2018|2022
RS,86649,COXILHA,,4305975,Coxilha,nombre_exacto,,4305975,True,2018|2022
RS,86657,FORMIGUEIRO,,4308409,Formigueiro,nombre_exacto,,4308409,True,2018|2022
RS,86665,DERRUBADAS,,4306320,Derrubadas,nombre_exacto,,4306320,True,2018|2022
RS,86673,FREDERICO WESTPHALEN,,4308508,Frederico Westphalen,nombre_exacto,,4308508,True,2018|2022
RS,86681,DOIS IRMÃOS DAS MISSÕES,,4306429,Dois Irmãos das Missões,nombre_exacto,,4306429,True,2018|2022
RS,86690,GARIBALDI,,4308607,Garibaldi,nombre_exacto,,4308607,True,2018|2022
RS,86703,ENGENHO VELHO,,4306924,Engenho Velho,nombre_exacto,,4306924,True,2018|2022
RS,86711,GAURAMA,,4308706,Gaurama,nombre_exacto,,4308706,True,2018|2022
RS,86720,GARRUCHOS,,4308656,Garruchos,nombre_exacto,,4308656,True,2018|2022
RS,86738,GENERAL CÂMARA,,4308805,General Câmara,nombre_exacto,,4308805,True,2018|2022
RS,86746,GENTIL,,4308854,Gentil,nombre_exacto,,4308854,True,2018|2022
RS,86754,SÃO VICENTE DO SUL,,4319802,São Vicente do Sul,nombre_exacto,,4319802,True,2018|2022
RS,86762,GRAMADO DOS LOUREIROS,,4309126,Gramado dos Loureiros,nombre_exacto,,4309126,True,2018|2022
RS,86770,GETÚLIO VARGAS,,4308904,Getúlio Vargas,nombre_exacto,,4308904,True,2018|2022
RS,86789,GRAMADO XAVIER,,4309159,Gramado Xavier,nombre_exacto,,4309159,True,2018|2022
RS,86797,GIRUÁ,,4309001,Giruá,nombre_exacto,,4309001,True,2018|2022
RS,86800,HULHA NEGRA,,4309654,Hulha Negra,nombre_exacto,,4309654,True,2018|2022
RS,86819,GRAMADO,,4309100,Gramado,nombre_exacto,,4309100,True,2018|2022
RS,86827,INHACORÁ,,4310413,Inhacorá,nombre_exacto,,4310413,True,2018|2022
RS,86835,GRAVATAÍ,,4309209,Gravataí,nombre_exacto,,4309209,True,2018|2022
RS,86843,ITAPUCA,,4310579,Itapuca,nombre_exacto,,4310579,True,2018|2022
RS,86851,GUAÍBA,,4309308,Guaíba,nombre_exacto,,4309308,True,2018|2022
RS,86860,LAJEADO DO BUGRE,,4311429,Lajeado do Bugre,nombre_exacto,,4311429,True,2018|2022
RS,86878,GUAPORÉ,,4309407,Guaporé,nombre_exacto,,4309407,True,2018|2022
RS,86886,LAGOA DOS TRÊS CANTOS,,4311270,Lagoa dos Três Cantos,nombre_exacto,,4311270,True,2018|2022
RS,86894,GUARANI DAS MISSÕES,,4309506,Guarani das Missões,nombre_exacto,,4309506,True,2018|2022
RS,86908,LINDOLFO COLLOR,,4311627,Lindolfo Collor,nombre_exacto,,4311627,True,2018|2022
RS,86916,HORIZONTINA,,4309605,Horizontina,nombre_exacto,,4309605,True,2018|2022
RS,86924,LINHA NOVA,,4311643,Linha Nova,nombre_exacto,,4311643,True,2018|2022
RS,86932,CHARQUEADAS,,4305355,Charqueadas,nombre_exacto,,4305355,True,2018|2022
RS,86940,MANOEL VIANA,,4311759,Manoel Viana,nombre_exacto,,4311759,True,2018|2022
RS,86959,HUMAITÁ,,4309704,Humaitá,nombre_exacto,,4309704,True,2018|2022
RS,86967,MAQUINÉ,,4311775,Maquiné,nombre_exacto,,4311775,True,2018|2022
RS,86975,IBIAÇÁ,,4309803,Ibiaçá,nombre_exacto,,4309803,True,2018|2022
RS,86983,MARATÁ,,4311791,Maratá,nombre_exacto,,4311791,True,2018|2022
RS,86991,IBIRAIARAS,,4309902,Ibiraiaras,nombre_exacto,,4309902,True,2018|2022
RS,87009,MARIANA PIMENTEL,,4311981,Mariana Pimentel,nombre_exacto,,4311981,True,2018|2022
RS,87017,IBIRUBÁ,,4310009,Ibirubá,nombre_exacto,,4310009,True,2018|2022
RS,87025,MATO CASTELHANO,,4312138,Mato Castelhano,nombre_exacto,,4312138,True,2018|2022
RS,87033,IGREJINHA,,4310108,Igrejinha,nombre_exacto,,4310108,True,2018|2022
RS,87041,MATO LEITÃO,,4312153,Mato Leitão,nombre_exacto,,4312153,True,2018|2022
RS,87050,IJUÍ,,4310207,Ijuí,nombre_exacto,,4310207,True,2018|2022
RS,87068,MINAS DO LEÃO,,4312252,Minas do Leão,nombre_exacto,,4312252,True,2018|2022
RS,87076,ILÓPOLIS,,4310306,Ilópolis,nombre_exacto,,4310306,True,2018|2022
RS,87084,MONTE BELO DO SUL,,4312385,Monte Belo do Sul,nombre_exacto,,4312385,True,2018|2022
RS,87092,INDEPENDÊNCIA,,4310405,Independência,nombre_exacto,,4310405,True,2018|2022
RS,87106,MORMAÇO,,4312427,Mormaço,nombre_exacto,,4312427,True,2018|2022
RS,87114,IRAÍ,,4310504,Iraí,nombre_exacto,,4310504,True,2018|2022
RS,87122,MORRINHOS DO SUL,,4312443,Morrinhos do Sul,nombre_exacto,,4312443,True,2018|2022
RS,87130,ITAQUI,,4310603,Itaqui,nombre_exacto,,4310603,True,2018|2022
RS,87149,MORRO REUTER,,4312476,Morro Reuter,nombre_exacto,,4312476,True,2018|2022
RS,87157,ITATIBA DO SUL,,4310702,Itatiba do Sul,nombre_exacto,,4310702,True,2018|2022
RS,87165,MULITERNO,,4312625,Muliterno,nombre_exacto,,4312625,True,2018|2022
RS,87173,IVOTI,,4310801,Ivoti,nombre_exacto,,4310801,True,2018|2022
RS,87181,NICOLAU VERGUEIRO,,4312674,Nicolau Vergueiro,nombre_exacto,,4312674,True,2018|2022
RS,87190,JACUTINGA,,4310900,Jacutinga,nombre_exacto,,4310900,True,2018|2022
RS,87203,NOVA BOA VISTA,,4312955,Nova Boa Vista,nombre_exacto,,4312955,True,2018|2022
RS,87211,JAGUARÃO,,4311007,Jaguarão,nombre_exacto,,4311007,True,2018|2022
RS,87220,NOVA PÁDUA,,4313086,Nova Pádua,nombre_exacto,,4313086,True,2018|2022
RS,87238,JAGUARI,,4311106,Jaguari,nombre_exacto,,4311106,True,2018|2022
RS,87246,NOVA SANTA RITA,,4313375,Nova Santa Rita,nombre_exacto,,4313375,True,2018|2022
RS,87254,JÚLIO DE CASTILHOS,,4311205,Júlio de Castilhos,nombre_exacto,,4311205,True,2018|2022
RS,87262,NOVO BARREIRO,,4313490,Novo Barreiro,nombre_exacto,,4313490,True,2018|2022
RS,87270,LAGOA VERMELHA,,4311304,Lagoa Vermelha,nombre_exacto,,4311304,True,2018|2022
RS,87289,NOVO MACHADO,,4313425,Novo Machado,nombre_exacto,,4313425,True,2018|2022
RS,87297,LAJEADO,,4311403,Lajeado,nombre_exacto,,4311403,True,2018|2022
RS,87300,NOVO TIRADENTES,,4313441,Novo Tiradentes,nombre_exacto,,4313441,True,2018|2022
RS,87319,LAVRAS DO SUL,,4311502,Lavras do Sul,nombre_exacto,,4311502,True,2018|2022
RS,87327,PARECI NOVO,,4314035,Pareci Novo,nombre_exacto,,4314035,True,2018|2022
RS,87335,LIBERATO SALZANO,,4311601,Liberato Salzano,nombre_exacto,,4311601,True,2018|2022
RS,87343,PASSO DO SOBRADO,,4314076,Passo do Sobrado,nombre_exacto,,4314076,True,2018|2022
RS,87351,MACHADINHO,,4311700,Machadinho,nombre_exacto,,4311700,True,2018|2022
RS,87360,PICADA CAFÉ,,4314423,Picada Café,nombre_exacto,,4314423,True,2018|2022
RS,87378,MARAU,,4311809,Marau,nombre_exacto,,4311809,True,2018|2022
RS,87386,PINHAL GRANDE,,4314472,Pinhal Grande,nombre_exacto,,4314472,True,2018|2022
RS,87394,MARCELINO RAMOS,,4311908,Marcelino Ramos,nombre_exacto,,4311908,True,2018|2022
RS,87408,PINHEIRINHO DO VALE,,4314498,Pinheirinho do Vale,nombre_exacto,,4314498,True,2018|2022
RS,87416,MARIANO MORO,,4312005,Mariano Moro,nombre_exacto,,4312005,True,2018|2022
RS,87424,PONTÃO,,4314779,Pontão,nombre_exacto,,4314779,True,2018|2022
RS,87432,MATA,,4312104,Mata,nombre_exacto,,4312104,True,2018|2022
RS,87440,PONTE PRETA,,4314787,Ponte Preta,nombre_exacto,,4314787,True,2018|2022
RS,87459,MAXIMILIANO DE ALMEIDA,,4312203,Maximiliano de Almeida,nombre_exacto,,4312203,True,2018|2022
RS,87467,PORTO MAUÁ,,4315057,Porto Mauá,nombre_exacto,,4315057,True,2018|2022
RS,87475,MIRAGUAÍ,,4312302,Miraguaí,nombre_exacto,,4312302,True,2018|2022
RS,87483,PORTO VERA CRUZ,,4315073,Porto Vera Cruz,nombre_exacto,,4315073,True,2018|2022
RS,87491,MONTENEGRO,,4312401,Montenegro,nombre_exacto,,4312401,True,2018|2022
RS,87505,PRESIDENTE LUCENA,,4315149,Presidente Lucena,nombre_exacto,,4315149,True,2018|2022
RS,87513,MOSTARDAS,,4312500,Mostardas,nombre_exacto,,4312500,True,2018|2022
RS,87521,QUEVEDOS,,4315321,Quevedos,nombre_exacto,,4315321,True,2018|2022
RS,87530,MUÇUM,,4312609,Muçum,nombre_exacto,,4312609,True,2018|2022
RS,87548,RIO DOS ÍNDIOS,,4315552,Rio dos Índios,nombre_exacto,,4315552,True,2018|2022
RS,87556,NÃO-ME-TOQUE,,4312658,Não-Me-Toque,nombre_exacto,,4312658,True,2018|2022
RS,87564,SAGRADA FAMÍLIA,,4316428,Sagrada Família,nombre_exacto,,4316428,True,2018|2022
RS,87572,NONOAI,,4312708,Nonoai,nombre_exacto,,4312708,True,2018|2022
RS,87580,SALVADOR DAS MISSÕES,,4316477,Salvador das Missões,nombre_exacto,,4316477,True,2018|2022
RS,87599,NOVA ARAÇÁ,,4312807,Nova Araçá,nombre_exacto,,4312807,True,2018|2022
RS,87602,SANTA CLARA DO SUL,,4316758,Santa Clara do Sul,nombre_exacto,,4316758,True,2018|2022
RS,87610,NOVA BASSANO,,4312906,Nova Bassano,nombre_exacto,,4312906,True,2018|2022
RS,87629,SANTA TEREZA,,4317251,Santa Tereza,nombre_exacto,,4317251,True,2018|2022
RS,87637,NOVA BRÉSCIA,,4313003,Nova Bréscia,nombre_exacto,,4313003,True,2018|2022
RS,87645,SANTO ANTÔNIO DO PALMA,,4317558,Santo Antônio do Palma,nombre_exacto,,4317558,True,2018|2022
RS,87653,NOVA PALMA,,4313102,Nova Palma,nombre_exacto,,4313102,True,2018|2022
RS,87661,SANTO ANTÔNIO DO PLANALTO,,4317756,Santo Antônio do Planalto,nombre_exacto,,4317756,True,2018|2022
RS,87670,NOVA PETRÓPOLIS,,4313201,Nova Petrópolis,nombre_exacto,,4313201,True,2018|2022
RS,87688,SANTO EXPEDITO DO SUL,,4317954,Santo Expedito do Sul,nombre_exacto,,4317954,True,2018|2022
RS,87696,NOVA PRATA,,4313300,Nova Prata,nombre_exacto,,4313300,True,2018|2022
RS,87700,SÃO JOÃO DO POLÊSINE,,4318432,São João do Polêsine,nombre_exacto,,4318432,True,2018|2022
RS,87718,NOVO HAMBURGO,,4313409,Novo Hamburgo,nombre_exacto,,4313409,True,2018|2022
RS,87726,SÃO JOSÉ DOS AUSENTES,,4318622,São José dos Ausentes,nombre_exacto,,4318622,True,2018|2022
RS,87734,OSÓRIO,,4313508,Osório,nombre_exacto,,4313508,True,2018|2022
RS,87742,SÃO JOSÉ DO INHACORÁ,,4318499,São José do Inhacorá,nombre_exacto,,4318499,True,2018|2022
RS,87750,PAIM FILHO,,4313607,Paim Filho,nombre_exacto,,4313607,True,2018|2022
RS,87769,SÃO JOSÉ DAS MISSÕES,,4318457,São José das Missões,nombre_exacto,,4318457,True,2018|2022
RS,87777,PALMEIRA DAS MISSÕES,,4313706,Palmeira das Missões,nombre_exacto,,4313706,True,2018|2022
RS,87785,SÃO MARTINHO DA SERRA,,4319125,São Martinho da Serra,nombre_exacto,,4319125,True,2018|2022
RS,87793,PALMITINHO,,4313805,Palmitinho,nombre_exacto,,4313805,True,2018|2022
RS,87807,SÃO PEDRO DA SERRA,,4319356,São Pedro da Serra,nombre_exacto,,4319356,True,2018|2022
RS,87815,PANAMBI,,4313904,Panambi,nombre_exacto,,4313904,True,2018|2022
RS,87823,SÃO PEDRO DO BUTIÁ,,4319372,São Pedro do Butiá,nombre_exacto,,4319372,True,2018|2022
RS,87831,PARAÍ,,4314001,Paraí,nombre_exacto,,4314001,True,2018|2022
RS,87840,SÃO VALENTIM DO SUL,,4319711,São Valentim do Sul,nombre_exacto,,4319711,True,2018|2022
RS,87858,PASSO FUNDO,,4314100,Passo Fundo,nombre_exacto,,4314100,True,2018|2022
RS,87866,SÃO VALÉRIO DO SUL,,4319737,São Valério do Sul,nombre_exacto,,4319737,True,2018|2022
RS,87874,PEDRO OSÓRIO,,4314209,Pedro Osório,nombre_exacto,,4314209,True,2018|2022
RS,87882,SENTINELA DO SUL,,4320354,Sentinela do Sul,nombre_exacto,,4320354,True,2018|2022
RS,87890,PEJUÇARA,,4314308,Pejuçara,nombre_exacto,,4314308,True,2018|2022
RS,87904,SÉRIO,,4320453,Sério,nombre_exacto,,4320453,True,2018|2022
RS,87912,PELOTAS,,4314407,Pelotas,nombre_exacto,,4314407,True,2018|2022
RS,87920,SERTÃO SANTANA,,4320552,Sertão Santana,nombre_exacto,,4320552,True,2018|2022
RS,87939,PINHEIRO MACHADO,,4314506,Pinheiro Machado,nombre_exacto,,4314506,True,2018|2022
RS,87947,SINIMBU,,4320677,Sinimbu,nombre_exacto,,4320677,True,2018|2022
RS,87955,PIRATINI,,4314605,Piratini,nombre_exacto,,4314605,True,2018|2022
RS,87963,TIRADENTES DO SUL,,4321477,Tiradentes do Sul,nombre_exacto,,4321477,True,2018|2022
RS,87971,PLANALTO,,4314704,Planalto,nombre_exacto,,4314704,True,2018|2022
RS,87980,TRAVESSEIRO,,4321626,Travesseiro,nombre_exacto,,4321626,True,2018|2022
RS,87998,PORTÃO,,4314803,Portão,nombre_exacto,,4314803,True,2018|2022
RS,88005,TRÊS FORQUILHAS,,4321832,Três Forquilhas,nombre_exacto,,4321832,True,2018|2022
RS,88013,PORTO ALEGRE,,4314902,Porto Alegre,nombre_exacto,,4314902,True,2018|2022
RS,88021,TUPANCI DO SUL,,4322186,Tupanci do Sul,nombre_exacto,,4322186,True,2018|2022
RS,88030,PORTO LUCENA,,4315008,Porto Lucena,nombre_exacto,,4315008,True,2018|2022
RS,88048,UNIÃO DA SERRA,,4322350,União da Serra,nombre_exacto,,4322350,True,2018|2022
RS,88056,PORTO XAVIER,,4315107,Porto Xavier,nombre_exacto,,4315107,True,2018|2022
RS,88064,VALE DO SOL,,4322533,Vale do Sol,nombre_exacto,,4322533,True,2018|2022
RS,88072,PUTINGA,,4315206,Putinga,nombre_exacto,,4315206,True,2018|2022
RS,88080,VALE REAL,,4322541,Vale Real,nombre_exacto,,4322541,True,2018|2022
RS,88099,QUARAÍ,,4315305,Quaraí,nombre_exacto,,4315305,True,2018|2022
RS,88102,VILA NOVA DO SUL,,4323457,Vila Nova do Sul,nombre_exacto,,4323457,True,2018|2022
RS,88110,REDENTORA,,4315404,Redentora,nombre_exacto,,4315404,True,2018|2022
RS,88129,VITÓRIA DAS MISSÕES,,4323754,Vitória das Missões,nombre_exacto,,4323754,True,2018|2022
RS,88137,RESTINGA SÊCA,,4315503,Restinga Sêca,nombre_exacto,,4315503,True,2018|2022
RS,88145,XANGRI-LÁ,,4323804,Xangri-lá,nombre_exacto,,4323804,True,2018|2022
RS,88153,RIO GRANDE,,4315602,Rio Grande,nombre_exacto,,4315602,True,2018|2022
RS,88161,BOA VISTA DO SUL,,4302253,Boa Vista do Sul,nombre_exacto,,4302253,True,2018|2022
RS,88170,RIO PARDO,,4315701,Rio Pardo,nombre_exacto,,4315701,True,2018|2022
RS,88188,DILERMANDO DE AGUIAR,,4306379,Dilermando de Aguiar,nombre_exacto,,4306379,True,2018|2022
RS,88196,ROCA SALES,,4315800,Roca Sales,nombre_exacto,,4315800,True,2018|2022
RS,88200,CAPIVARI DO SUL,,4304671,Capivari do Sul,nombre_exacto,,4304671,True,2018|2022
RS,88218,RODEIO BONITO,,4315909,Rodeio Bonito,nombre_exacto,,4315909,True,2018|2022
RS,88226,NOVA CANDELÁRIA,,4313011,Nova Candelária,nombre_exacto,,4313011,True,2018|2022
RS,88234,ROLANTE,,4316006,Rolante,nombre_exacto,,4316006,True,2018|2022
RS,88242,FLORIANO PEIXOTO,,4308250,Floriano Peixoto,nombre_exacto,,4308250,True,2018|2022
RS,88250,RONDA ALTA,,4316105,Ronda Alta,nombre_exacto,,4316105,True,2018|2022
RS,88269,CHUVISCA,,4305447,Chuvisca,nombre_exacto,,4305447,True,2018|2022
RS,88277,RONDINHA,,4316204,Rondinha,nombre_exacto,,4316204,True,2018|2022
RS,88285,ESPERANÇA DO SUL,,4307450,Esperança do Sul,nombre_exacto,,4307450,True,2018|2022
RS,88293,ROQUE GONZALES,,4316303,Roque Gonzales,nombre_exacto,,4316303,True,2018|2022
RS,88307,DOUTOR RICARDO,,4306759,Doutor Ricardo,nombre_exacto,,4306759,True,2018|2022
RS,88315,ROSÁRIO DO SUL,,4316402,Rosário do Sul,nombre_exacto,,4316402,True,2018|2022
RS,88323,HERVEIRAS,,4309571,Herveiras,nombre_exacto,,4309571,True,2018|2022
RS,88331,SALVADOR DO SUL,,4316501,Salvador do Sul,nombre_exacto,,4316501,True,2018|2022
RS,88340,CARAÁ,,4304713,Caraá,nombre_exacto,,4304713,True,2018|2022
RS,88358,SANANDUVA,,4316600,Sananduva,nombre_exacto,,4316600,True,2018|2022
RS,88366,FAZENDA VILANOVA,,4308078,Fazenda Vilanova,nombre_exacto,,4308078,True,2018|2022
RS,88374,SANTA BÁRBARA DO SUL,,4316709,Santa Bárbara do Sul,nombre_exacto,,4316709,True,2018|2022
RS,88382,ITAARA,,4310538,Itaara,nombre_exacto,,4310538,True,2018|2022
RS,88390,SANTA CRUZ DO SUL,,4316808,Santa Cruz do Sul,nombre_exacto,,4316808,True,2018|2022
RS,88404,ESTRELA VELHA,,4307815,Estrela Velha,nombre_exacto,,4307815,True,2018|2022
RS,88412,SANTA MARIA,,4316907,Santa Maria,nombre_exacto,,4316907,True,2018|2022
RS,88420,BENJAMIN CONSTANT DO SUL,,4302055,Benjamin Constant do Sul,nombre_exacto,,4302055,True,2018|2022
RS,88439,SANTANA DA BOA VISTA,,4317004,Santana da Boa Vista,nombre_exacto,,4317004,True,2018|2022
RS,88447,MAÇAMBARÁ,,4311718,Maçambará,nombre_exacto,,4311718,True,2018|2022
RS,88455,SANT ANA DO LIVRAMENTO,,4317103,Sant'Ana do Livramento,nombre_exacto,,4317103,True,2018|2022
RS,88463,DOM PEDRO DE ALCÂNTARA,,4306551,Dom Pedro de Alcântara,nombre_exacto,,4306551,True,2018|2022
RS,88471,SANTA ROSA,,4317202,Santa Rosa,nombre_exacto,,4317202,True,2018|2022
RS,88480,UNISTALDA,,4322376,Unistalda,nombre_exacto,,4322376,True,2018|2022
RS,88498,SANTA VITÓRIA DO PALMAR,,4317301,Santa Vitória do Palmar,nombre_exacto,,4317301,True,2018|2022
RS,88501,TURUÇU,,4322327,Turuçu,nombre_exacto,,4322327,True,2018|2022
RS,88510,SANTIAGO,,4317400,Santiago,nombre_exacto,,4317400,True,2018|2022
RS,88528,CRISTAL DO SUL,,4306072,Cristal do Sul,nombre_exacto,,4306072,True,2018|2022
RS,88536,SANTO ÂNGELO,,4317509,Santo Ângelo,nombre_exacto,,4317509,True,2018|2022
RS,88544,MUITOS CAPÕES,,4312617,Muitos Capões,nombre_exacto,,4312617,True,2018|2022
RS,88552,SANTO ANTÔNIO DA PATRULHA,,4317608,Santo Antônio da Patrulha,nombre_exacto,,4317608,True,2018|2022
RS,88560,NOVA RAMADA,,4313334,Nova Ramada,nombre_exacto,,4313334,True,2018|2022
RS,88579,SANTO ANTÔNIO DAS MISSÕES,,4317707,Santo Antônio das Missões,nombre_exacto,,4317707,True,2018|2022
RS,88587,JARI,,4311130,Jari,nombre_exacto,,4311130,True,2018|2022
RS,88595,SANTO AUGUSTO,,4317806,Santo Augusto,nombre_exacto,,4317806,True,2018|2022
RS,88609,UBIRETAMA,,4322343,Ubiretama,nombre_exacto,,4322343,True,2018|2022
RS,88617,SANTO CRISTO,,4317905,Santo Cristo,nombre_exacto,,4317905,True,2018|2022
RS,88625,BARRA DO QUARAÍ,,4301875,Barra do Quaraí,nombre_exacto,,4301875,True,2018|2022
RS,88633,SÃO BORJA,,4318002,São Borja,nombre_exacto,,4318002,True,2018|2022
RS,88641,CERRITO,,4305124,Cerrito,nombre_exacto,,4305124,True,2018|2022
RS,88650,SÃO FRANCISCO DE ASSIS,,4318101,São Francisco de Assis,nombre_exacto,,4318101,True,2018|2022
RS,88668,VALE VERDE,,4322525,Vale Verde,nombre_exacto,,4322525,True,2018|2022
RS,88676,SÃO FRANCISCO DE PAULA,,4318200,São Francisco de Paula,nombre_exacto,,4318200,True,2018|2022
RS,88684,NOVO CABRAIS,,4313391,Novo Cabrais,nombre_exacto,,4313391,True,2018|2022
RS,88692,SÃO GABRIEL,,4318309,São Gabriel,nombre_exacto,,4318309,True,2018|2022
RS,88706,SETE DE SETEMBRO,,4320578,Sete de Setembro,nombre_exacto,,4320578,True,2018|2022
RS,88714,SÃO JERÔNIMO,,4318408,São Jerônimo,nombre_exacto,,4318408,True,2018|2022
RS,88722,TABAÍ,,4320859,Tabaí,nombre_exacto,,4320859,True,2018|2022
RS,88730,SÃO JOSÉ DO NORTE,,4318507,São José do Norte,nombre_exacto,,4318507,True,2018|2022
RS,88749,VILA LÂNGARO,,4323358,Vila Lângaro,nombre_exacto,,4323358,True,2018|2022
RS,88757,SÃO JOSÉ DO OURO,,4318606,São José do Ouro,nombre_exacto,,4318606,True,2018|2022
RS,88765,SENADOR SALGADO FILHO,,4320321,Senador Salgado Filho,nombre_exacto,,4320321,True,2018|2022
RS,88773,SÃO LEOPOLDO,,4318705,São Leopoldo,nombre_exacto,,4318705,True,2018|2022
RS,88781,VESPASIANO CORRÊA,,4322855,Vespasiano Corrêa,nombre_exacto,,4322855,True,2018|2022
RS,88790,SÃO LOURENÇO DO SUL,,4318804,São Lourenço do Sul,nombre_exacto,,4318804,True,2018|2022
RS,88803,MONTE ALEGRE DOS CAMPOS,,4312377,Monte Alegre dos Campos,nombre_exacto,,4312377,True,2018|2022
RS,88811,SÃO LUIZ GONZAGA,,4318903,São Luiz Gonzaga,nombre_exacto,,4318903,True,2018|2022
RS,88820,MARQUES DE SOUZA,,4312054,Marques de Souza,nombre_exacto,,4312054,True,2018|2022
RS,88838,SÃO MARCOS,,4319000,São Marcos,nombre_exacto,,4319000,True,2018|2022
RS,88846,CHUÍ,,4305439,Chuí,nombre_exacto,,4305439,True,2018|2022
RS,88854,SÃO MARTINHO,,4319109,São Martinho,nombre_exacto,,4319109,True,2018|2022
RS,88862,ARARICÁ,,4300877,Araricá,nombre_exacto,,4300877,True,2018|2022
RS,88870,SÃO NICOLAU,,4319208,São Nicolau,nombre_exacto,,4319208,True,2018|2022
RS,88889,PASSA SETE,,4314068,Passa Sete,nombre_exacto,,4314068,True,2018|2022
RS,88897,SÃO PAULO DAS MISSÕES,,4319307,São Paulo das Missões,nombre_exacto,,4319307,True,2018|2022
RS,88900,TOROPI,,4321493,Toropi,nombre_exacto,,4321493,True,2018|2022
RS,88919,SÃO PEDRO DO SUL,,4319406,São Pedro do Sul,nombre_exacto,,4319406,True,2018|2022
RS,88927,BALNEÁRIO PINHAL,,4301636,Balneário Pinhal,nombre_exacto,,4301636,True,2018|2022
RS,88935,SÃO SEBASTIÃO DO CAÍ,,4319505,São Sebastião do Caí,nombre_exacto,,4319505,True,2018|2022
RS,88943,MAMPITUBA,,4311734,Mampituba,nombre_exacto,,4311734,True,2018|2022
RS,88951,SÃO SEPÉ,,4319604,São Sepé,nombre_exacto,,4319604,True,2018|2022
RS,88978,SÃO VALENTIM,,4319703,São Valentim,nombre_exacto,,4319703,True,2018|2022
RS,88986,ACEGUÁ,,4300034,Aceguá,nombre_exacto,,4300034,True,2018|2022
RS,88994,SAPIRANGA,,4319901,Sapiranga,nombre_exacto,,4319901,True,2018|2022
RS,89001,ALMIRANTE TAMANDARÉ DO SUL,,4300471,Almirante Tamandaré do Sul,nombre_exacto,,4300471,True,2018|2022
RS,89010,SAPUCAIA DO SUL,,4320008,Sapucaia do Sul,nombre_exacto,,4320008,True,2018|2022
RS,89028,ARROIO DO PADRE,,4301073,Arroio do Padre,nombre_exacto,,4301073,True,2018|2022
RS,89036,SARANDI,,4320107,Sarandi,nombre_exacto,,4320107,True,2018|2022
RS,89044,BOA VISTA DO CADEADO,,4302220,Boa Vista do Cadeado,nombre_exacto,,4302220,True,2018|2022
RS,89052,SEBERI,,4320206,Seberi,nombre_exacto,,4320206,True,2018|2022
RS,89060,BOA VISTA DO INCRA,,4302238,Boa Vista do Incra,nombre_exacto,,4302238,True,2018|2022
RS,89079,SELBACH,,4320305,Selbach,nombre_exacto,,4320305,True,2018|2022
RS,89087,BOZANO,,4302584,Bozano,nombre_exacto,,4302584,True,2018|2022
RS,89095,SERAFINA CORRÊA,,4320404,Serafina Corrêa,nombre_exacto,,4320404,True,2018|2022
RS,89109,CANUDOS DO VALE,,4304614,Canudos do Vale,nombre_exacto,,4304614,True,2018|2022
RS,89117,SERTÃO,,4320503,Sertão,nombre_exacto,,4320503,True,2018|2022
RS,89125,CAPÃO BONITO DO SUL,,4304622,Capão Bonito do Sul,nombre_exacto,,4304622,True,2018|2022
RS,89133,SEVERIANO DE ALMEIDA,,4320602,Severiano de Almeida,nombre_exacto,,4320602,True,2018|2022
RS,89141,CAPÃO DO CIPÓ,,4304655,Capão do Cipó,nombre_exacto,,4304655,True,2018|2022
RS,89150,CAPÃO DA CANOA,,4304630,Capão da Canoa,nombre_exacto,,4304630,True,2018|2022
RS,89168,COQUEIRO BAIXO,,4305835,Coqueiro Baixo,nombre_exacto,,4305835,True,2018|2022
RS,89176,SOBRADINHO,,4320701,Sobradinho,nombre_exacto,,4320701,True,2018|2022
RS,89184,CORONEL PILAR,,4305934,Coronel Pilar,nombre_exacto,,4305934,True,2018|2022
RS,89192,SOLEDADE,,4320800,Soledade,nombre_exacto,,4320800,True,2018|2022
RS,89206,CRUZALTENSE,,4306130,Cruzaltense,nombre_exacto,,4306130,True,2018|2022
RS,89214,TAPEJARA,,4320909,Tapejara,nombre_exacto,,4320909,True,2018|2022
RS,89222,FORQUETINHA,,4308433,Forquetinha,nombre_exacto,,4308433,True,2018|2022
RS,89230,TAPERA,,4321006,Tapera,nombre_exacto,,4321006,True,2018|2022
RS,89247,SANTA CECÍLIA DO SUL,,4316733,Santa Cecília do Sul,nombre_exacto,,4316733,True,2018|2022
RS,89249,ITATI,,4310652,Itati,nombre_exacto,,4310652,True,2018|2022
RS,89257,TAPES,,4321105,Tapes,nombre_exacto,,4321105,True,2018|2022
RS,89265,JACUIZINHO,,4310876,Jacuizinho,nombre_exacto,,4310876,True,2018|2022
RS,89273,TAQUARA,,4321204,Taquara,nombre_exacto,,4321204,True,2018|2022
RS,89281,LAGOA BONITA DO SUL,,4311239,Lagoa Bonita do Sul,nombre_exacto,,4311239,True,2018|2022
RS,89290,TAQUARI,,4321303,Taquari,nombre_exacto,,4321303,True,2018|2022
RS,89303,MATO QUEIMADO,,4312179,Mato Queimado,nombre_exacto,,4312179,True,2018|2022
RS,89311,TENENTE PORTELA,,4321402,Tenente Portela,nombre_exacto,,4321402,True,2018|2022
RS,89320,NOVO XINGU,,4313466,Novo Xingu,nombre_exacto,,4313466,True,2018|2022
RS,89338,TORRES,,4321501,Torres,nombre_exacto,,4321501,True,2018|2022
RS,89346,PAULO BENTO,,4314134,Paulo Bento,nombre_exacto,,4314134,True,2018|2022
RS,89354,TRAMANDAÍ,,4321600,Tramandaí,nombre_exacto,,4321600,True,2018|2022
RS,89362,PINHAL DA SERRA,,4314464,Pinhal da Serra,nombre_exacto,,4314464,True,2018|2022
RS,89370,TRÊS COROAS,,4321709,Três Coroas,nombre_exacto,,4321709,True,2018|2022
RS,89389,QUATRO IRMÃOS,,4315313,Quatro Irmãos,nombre_exacto,,4315313,True,2018|2022
RS,89397,TRÊS DE MAIO,,4321808,Três de Maio,nombre_exacto,,4321808,True,2018|2022
RS,89400,ROLADOR,,4315958,Rolador,nombre_exacto,,4315958,True,2018|2022
RS,89419,TRÊS PASSOS,,4321907,Três Passos,nombre_exacto,,4321907,True,2018|2022
RS,89435,TRIUNFO,,4322004,Triunfo,nombre_exacto,,4322004,True,2018|2022
RS,89443,SANTA MARGARIDA DO SUL,,4316972,Santa Margarida do Sul,nombre_exacto,,4316972,True,2018|2022
RS,89451,TUCUNDUVA,,4322103,Tucunduva,nombre_exacto,,4322103,True,2018|2022
RS,89460,SÃO JOSÉ DO SUL,,4318614,São José do Sul,nombre_exacto,,4318614,True,2018|2022
RS,89478,TUPANCIRETÃ,,4322202,Tupanciretã,nombre_exacto,,4322202,True,2018|2022
RS,89486,SÃO PEDRO DAS MISSÕES,,4319364,São Pedro das Missões,nombre_exacto,,4319364,True,2018|2022
RS,89494,TUPARENDI,,4322301,Tuparendi,nombre_exacto,,4322301,True,2018|2022
RS,89508,TIO HUGO,,4321469,Tio Hugo,nombre_exacto,,4321469,True,2018|2022
RS,89516,URUGUAIANA,,4322400,Uruguaiana,nombre_exacto,,4322400,True,2018|2022
RS,89524,WESTFALIA,,4323770,Westfália,nombre_exacto,,4323770,True,2018|2022
RS,89532,VACARIA,,4322509,Vacaria,nombre_exacto,,4322509,True,2018|2022
RS,89540,PINTO BANDEIRA,,4314548,Pinto Bandeira,nombre_exacto,,4314548,True,2018|2022
RS,89559,VENÂNCIO AIRES,,4322608,Venâncio Aires,nombre_exacto,,4322608,True,2018|2022
RS,89567,PEDRAS ALTAS,,4314175,Pedras Altas,nombre_exacto,,4314175,True,2018|2022
RS,89575,VERA CRUZ,,4322707,Vera Cruz,nombre_exacto,,4322707,True,2018|2022
RS,89591,VERANÓPOLIS,,4322806,Veranópolis,nombre_exacto,,4322806,True,2018|2022
RS,89613,VIADUTOS,,4322905,Viadutos,nombre_exacto,,4322905,True,2018|2022
RS,89630,VIAMÃO,,4323002,Viamão,nombre_exacto,,4323002,True,2018|2022
RS,89656,VICENTE DUTRA,,4323101,Vicente Dutra,nombre_exacto,,4323101,True,2018|2022
RS,89672,PALMARES DO SUL,,4313656,Palmares do Sul,nombre_exacto,,4313656,True,2018|2022
RS,89699,VICTOR GRAEFF,,4323200,Victor Graeff,nombre_exacto,,4323200,True,2018|2022
RS,89710,TAVARES,,4321352,Tavares,nombre_exacto,,4321352,True,2018|2022
RS,89737,CAPÃO DO LEÃO,,4304663,Capão do Leão,nombre_exacto,,4304663,True,2018|2022
RS,89753,SALTO DO JACUÍ,,4316451,Salto do Jacuí,nombre_exacto,,4316451,True,2018|2022
RS,89770,COTIPORÃ,,4305959,Cotiporã,nombre_exacto,,4305959,True,2018|2022
RS,98213,TEUTÔNIA,,4321451,Teutônia,nombre_exacto,,4321451,True,2018|2022
RS,98230,BOM PRINCÍPIO,,4302352,Bom Princípio,nombre_exacto,,4302352,True,2018|2022
RS,98256,PAROBÉ,,4314050,Parobé,nombre_exacto,,4314050,True,2018|2022
RS,98272,FORTALEZA DOS VALOS,,4308458,Fortaleza dos Valos,nombre_exacto,,4308458,True,2018|2022
RS,98299,JÓIA,,4311155,Jóia,nombre_exacto,,4311155,True,2018|2022
SC,80004,MONTE CARLO,,4211058,Monte Carlo,nombre_exacto,,4211058,True,2018|2022
SC,80012,ABELARDO LUZ,,4200101,Abelardo Luz,nombre_exacto,,4200101,True,2018|2022
SC,80020,IPORÃ DO OESTE,,4207650,Iporã do Oeste,nombre_exacto,,4207650,True,2018|2022
SC,80039,AGROLÂNDIA,,4200200,Agrolândia,nombre_exacto,,4200200,True,2018|2022
SC,80047,LINDÓIA DO SUL,,4209854,Lindóia do Sul,nombre_exacto,,4209854,True,2018|2022
SC,80055,AGRONÔMICA,,4200309,Agronômica,nombre_exacto,,4200309,True,2018|2022
SC,80063,APIÚNA,,4201257,Apiúna,nombre_exacto,,4201257,True,2018|2022
SC,80071,ÁGUA DOCE,,4200408,Água Doce,nombre_exacto,,4200408,True,2018|2022
SC,80080,DOUTOR PEDRINHO,,4205159,Doutor Pedrinho,nombre_exacto,,4205159,True,2018|2022
SC,80098,ÁGUAS DE CHAPECÓ,,4200507,Águas de Chapecó,nombre_exacto,,4200507,True,2018|2022
SC,80101,JOSÉ BOITEUX,,4209151,José Boiteux,nombre_exacto,,4209151,True,2018|2022
SC,80110,ÁGUAS MORNAS,,4200606,Águas Mornas,nombre_exacto,,4200606,True,2018|2022
SC,80128,VITOR MEIRELES,,4219358,Vitor Meireles,nombre_exacto,,4219358,True,2018|2022
SC,80136,ALFREDO WAGNER,,4200705,Alfredo Wagner,nombre_exacto,,4200705,True,2018|2022
SC,80144,UNIÃO DO OESTE,,4218855,União do Oeste,nombre_exacto,,4218855,True,2018|2022
SC,80152,ANCHIETA,,4200804,Anchieta,nombre_exacto,,4200804,True,2018|2022
SC,80160,URUPEMA,,4218954,Urupema,nombre_exacto,,4218954,True,2018|2022
SC,80179,ANGELINA,,4200903,Angelina,nombre_exacto,,4200903,True,2018|2022
SC,80187,IRACEMINHA,,4207759,Iraceminha,nombre_exacto,,4207759,True,2018|2022
SC,80195,ANITA GARIBALDI,,4201000,Anita Garibaldi,nombre_exacto,,4201000,True,2018|2022
SC,80209,TIMBÓ GRANDE,,4218251,Timbó Grande,nombre_exacto,,4218251,True,2018|2022
SC,80217,ANITÁPOLIS,,4201109,Anitápolis,nombre_exacto,,4201109,True,2018|2022
SC,80225,ABDON BATISTA,,4200051,Abdon Batista,nombre_exacto,,4200051,True,2018|2022
SC,80233,ANTÔNIO CARLOS,,4201208,Antônio Carlos,nombre_exacto,,4201208,True,2018|2022
SC,80241,SANTA ROSA DO SUL,,4215653,Santa Rosa do Sul,nombre_exacto,,4215653,True,2018|2022
SC,80250,ARAQUARI,,4201307,Araquari,nombre_exacto,,4201307,True,2018|2022
SC,80268,CELSO RAMOS,,4204152,Celso Ramos,nombre_exacto,,4204152,True,2018|2022
SC,80276,ARARANGUÁ,,4201406,Araranguá,nombre_exacto,,4201406,True,2018|2022
SC,80284,SERRA ALTA,,4217550,Serra Alta,nombre_exacto,,4217550,True,2018|2022
SC,80292,ARMAZÉM,,4201505,Armazém,nombre_exacto,,4201505,True,2018|2022
SC,80306,COCAL DO SUL,,4204251,Cocal do Sul,nombre_exacto,,4204251,True,2018|2022
SC,80314,ARROIO TRINTA,,4201604,Arroio Trinta,nombre_exacto,,4201604,True,2018|2022
SC,80322,NOVA ITABERABA,,4211454,Nova Itaberaba,nombre_exacto,,4211454,True,2018|2022
SC,80330,ASCURRA,,4201703,Ascurra,nombre_exacto,,4201703,True,2018|2022
SC,80349,SANTA TEREZINHA,,4215679,Santa Terezinha,nombre_exacto,,4215679,True,2018|2022
SC,80357,ATALANTA,,4201802,Atalanta,nombre_exacto,,4201802,True,2018|2022
SC,80365,MIRIM DOCE,,4210852,Mirim Doce,nombre_exacto,,4210852,True,2018|2022
SC,80373,AURORA,,4201901,Aurora,nombre_exacto,,4201901,True,2018|2022
SC,80381,CERRO NEGRO,,4204178,Cerro Negro,nombre_exacto,,4204178,True,2018|2022
SC,80390,BALNEÁRIO CAMBORIÚ,,4202008,Balneário Camboriú,nombre_exacto,,4202008,True,2018|2022
SC,80403,PASSO DE TORRES,,4212254,Passo de Torres,nombre_exacto,,4212254,True,2018|2022
SC,80411,BARRA VELHA,,4202107,Barra Velha,nombre_exacto,,4202107,True,2018|2022
SC,80420,BRAÇO DO TROMBUDO,,4202859,Braço do Trombudo,nombre_exacto,,4202859,True,2018|2022
SC,80438,BENEDITO NOVO,,4202206,Benedito Novo,nombre_exacto,,4202206,True,2018|2022
SC,80446,SUL BRASIL,,4217758,Sul Brasil,nombre_exacto,,4217758,True,2018|2022
SC,80454,BIGUAÇU,,4202305,Biguaçu,nombre_exacto,,4202305,True,2018|2022
SC,80462,VARGEM,,4219150,Vargem,nombre_exacto,,4219150,True,2018|2022
SC,80470,BLUMENAU,,4202404,Blumenau,nombre_exacto,,4202404,True,2018|2022
SC,80489,ARABUTÃ,,4201273,Arabutã,nombre_exacto,,4201273,True,2018|2022
SC,80497,BOM RETIRO,,4202602,Bom Retiro,nombre_exacto,,4202602,True,2018|2022
SC,80500,ÁGUAS FRIAS,,4200556,Águas Frias,nombre_exacto,,4200556,True,2018|2022
SC,80519,BOTUVERÁ,,4202701,Botuverá,nombre_exacto,,4202701,True,2018|2022
SC,80527,GUATAMBÚ,,4206652,Guatambú,nombre_exacto,,4206652,True,2018|2022
SC,80535,BRAÇO DO NORTE,,4202800,Braço do Norte,nombre_exacto,,4202800,True,2018|2022
SC,80543,PLANALTO ALEGRE,,4213153,Planalto Alegre,nombre_exacto,,4213153,True,2018|2022
SC,80551,BRUSQUE,,4202909,Brusque,nombre_exacto,,4202909,True,2018|2022
SC,80560,RIQUEZA,,4215075,Riqueza,nombre_exacto,,4215075,True,2018|2022
SC,80578,CAÇADOR,,4203006,Caçador,nombre_exacto,,4203006,True,2018|2022
SC,80586,LAJEADO GRANDE,,4209458,Lajeado Grande,nombre_exacto,,4209458,True,2018|2022
SC,80594,CAIBI,,4203105,Caibi,nombre_exacto,,4203105,True,2018|2022
SC,80608,RIO RUFINO,,4215059,Rio Rufino,nombre_exacto,,4215059,True,2018|2022
SC,80616,CAMBORIÚ,,4203204,Camboriú,nombre_exacto,,4203204,True,2018|2022
SC,80624,PASSOS MAIA,,4212270,Passos Maia,nombre_exacto,,4212270,True,2018|2022
SC,80632,CAMPO ALEGRE,,4203303,Campo Alegre,nombre_exacto,,4203303,True,2018|2022
SC,80640,SÃO JOÃO DO OESTE,,4216255,São João do Oeste,nombre_exacto,,4216255,True,2018|2022
SC,80659,CAMPO BELO DO SUL,,4203402,Campo Belo do Sul,nombre_exacto,,4203402,True,2018|2022
SC,80667,CALMON,,4203154,Calmon,nombre_exacto,,4203154,True,2018|2022
SC,80675,CAMPO ERÊ,,4203501,Campo Erê,nombre_exacto,,4203501,True,2018|2022
SC,80683,BALNEÁRIO BARRA DO SUL,,4202057,Balneário Barra do Sul,nombre_exacto,,4202057,True,2018|2022
SC,80691,CAMPOS NOVOS,,4203600,Campos Novos,nombre_exacto,,4203600,True,2018|2022
SC,80705,PARAÍSO,,4212239,Paraíso,nombre_exacto,,4212239,True,2018|2022
SC,80713,CANELINHA,,4203709,Canelinha,nombre_exacto,,4203709,True,2018|2022
SC,80721,SANTA HELENA,,4215554,Santa Helena,nombre_exacto,,4215554,True,2018|2022
SC,80730,CANOINHAS,,4203808,Canoinhas,nombre_exacto,,4203808,True,2018|2022
SC,80748,BELMONTE,,4202156,Belmonte,nombre_exacto,,4202156,True,2018|2022
SC,80756,CAPINZAL,,4203907,Capinzal,nombre_exacto,,4203907,True,2018|2022
SC,80764,NOVO HORIZONTE,,4211652,Novo Horizonte,nombre_exacto,,4211652,True,2018|2022
SC,80772,CATANDUVAS,,4204004,Catanduvas,nombre_exacto,,4204004,True,2018|2022
SC,80780,SÃO MIGUEL DA BOA VISTA,,4217154,São Miguel da Boa Vista,nombre_exacto,,4217154,True,2018|2022
SC,80799,CAXAMBU DO SUL,,4204103,Caxambu do Sul,nombre_exacto,,4204103,True,2018|2022
SC,80802,ARVOREDO,,4201653,Arvoredo,nombre_exacto,,4201653,True,2018|2022
SC,80810,CHAPECÓ,,4204202,Chapecó,nombre_exacto,,4204202,True,2018|2022
SC,80829,IPUAÇU,,4207684,Ipuaçu,nombre_exacto,,4207684,True,2018|2022
SC,80837,CONCÓRDIA,,4204301,Concórdia,nombre_exacto,,4204301,True,2018|2022
SC,80845,OURO VERDE,,4211850,Ouro Verde,nombre_exacto,,4211850,True,2018|2022
SC,80853,CORONEL FREITAS,,4204400,Coronel Freitas,nombre_exacto,,4204400,True,2018|2022
SC,80861,IRATI,,4207858,Irati,nombre_exacto,,4207858,True,2018|2022
SC,80870,CORUPÁ,,4204509,Corupá,nombre_exacto,,4204509,True,2018|2022
SC,80888,FORMOSA DO SUL,,4205431,Formosa do Sul,nombre_exacto,,4205431,True,2018|2022
SC,80896,CRICIÚMA,,4204608,Criciúma,nombre_exacto,,4204608,True,2018|2022
SC,80900,MACIEIRA,,4210050,Macieira,nombre_exacto,,4210050,True,2018|2022
SC,80918,CUNHA PORÃ,,4204707,Cunha Porã,nombre_exacto,,4204707,True,2018|2022
SC,80926,PONTE ALTA DO NORTE,,4213351,Ponte Alta do Norte,nombre_exacto,,4213351,True,2018|2022
SC,80934,CURITIBANOS,,4204806,Curitibanos,nombre_exacto,,4204806,True,2018|2022
SC,80942,SÃO CRISTÓVÃO DO SUL,,4216057,São Cristóvão do Sul,nombre_exacto,,4216057,True,2018|2022
SC,80950,DESCANSO,,4204905,Descanso,nombre_exacto,,4204905,True,2018|2022
SC,80969,VARGEM BONITA,,4219176,Vargem Bonita,nombre_exacto,,4219176,True,2018|2022
SC,80977,DIONÍSIO CERQUEIRA,,4205001,Dionísio Cerqueira,nombre_exacto,,4205001,True,2018|2022
SC,80985,BOMBINHAS,,4202453,Bombinhas,nombre_exacto,,4202453,True,2018|2022
SC,80993,DONA EMMA,,4205100,Dona Emma,nombre_exacto,,4205100,True,2018|2022
SC,81000,SANGÃO,,4215455,Sangão,nombre_exacto,,4215455,True,2018|2022
SC,81019,ERVAL VELHO,,4205209,Erval Velho,nombre_exacto,,4205209,True,2018|2022
SC,81027,CAPIVARI DE BAIXO,,4203956,Capivari de Baixo,nombre_exacto,,4203956,True,2018|2022
SC,81035,FAXINAL DOS GUEDES,,4205308,Faxinal dos Guedes,nombre_exacto,,4205308,True,2018|2022
SC,81043,CORDILHEIRA ALTA,,4204350,Cordilheira Alta,nombre_exacto,,4204350,True,2018|2022
SC,81051,FLORIANÓPOLIS,,4205407,Florianópolis,nombre_exacto,,4205407,True,2018|2022
SC,81060,FORQUILHINHA,,4205456,Forquilhinha,nombre_exacto,,4205456,True,2018|2022
SC,81078,FRAIBURGO,,4205506,Fraiburgo,nombre_exacto,,4205506,True,2018|2022
SC,81086,MORRO GRANDE,,4211256,Morro Grande,nombre_exacto,,4211256,True,2018|2022
SC,81094,GALVÃO,,4205605,Galvão,nombre_exacto,,4205605,True,2018|2022
SC,81108,CORONEL MARTINS,,4204459,Coronel Martins,nombre_exacto,,4204459,True,2018|2022
SC,81116,GOVERNADOR CELSO RAMOS,,4206009,Governador Celso Ramos,nombre_exacto,,4206009,True,2018|2022
SC,81124,SÃO JOÃO DO ITAPERIÚ,,4216354,São João do Itaperiú,nombre_exacto,,4216354,True,2018|2022
SC,81132,GAROPABA,,4205704,Garopaba,nombre_exacto,,4205704,True,2018|2022
SC,81140,JARDINÓPOLIS,,4208955,Jardinópolis,nombre_exacto,,4208955,True,2018|2022
SC,81159,GARUVA,,4205803,Garuva,nombre_exacto,,4205803,True,2018|2022
SC,81167,ERMO,,4205191,Ermo,nombre_exacto,,4205191,True,2018|2022
SC,81175,GASPAR,,4205902,Gaspar,nombre_exacto,,4205902,True,2018|2022
SC,81183,SÃO PEDRO DE ALCÂNTARA,,4217253,São Pedro de Alcântara,nombre_exacto,,4217253,True,2018|2022
SC,81191,GRÃO-PARÁ,,4206108,Grão-Pará,nombre_exacto,,4206108,True,2018|2022
SC,81205,SANTIAGO DO SUL,,4215695,Santiago do Sul,nombre_exacto,,4215687,False,2018|2022
SC,81213,GRAVATAL,,4206207,Gravatal,nombre_exacto,,4206207,True,2018|2022
SC,81221,BELA VISTA DO TOLDO,,4202131,Bela Vista do Toldo,nombre_exacto,,4202131,True,2018|2022
SC,81230,GUABIRUBA,,4206306,Guabiruba,nombre_exacto,,4206306,True,2018|2022
SC,81248,CAPÃO ALTO,,4203253,Capão Alto,nombre_exacto,,4203253,True,2018|2022
SC,81256,GUARACIABA,,4206405,Guaraciaba,nombre_exacto,,4206405,True,2018|2022
SC,81264,PAINEL,,4211892,Painel,nombre_exacto,,4211892,True,2018|2022
SC,81272,GUARAMIRIM,,4206504,Guaramirim,nombre_exacto,,4206504,True,2018|2022
SC,81280,BOCAINA DO SUL,,4202438,Bocaina do Sul,nombre_exacto,,4202438,True,2018|2022
SC,81299,GUARUJÁ DO SUL,,4206603,Guarujá do Sul,nombre_exacto,,4206603,True,2018|2022
SC,81302,ALTO BELA VISTA,,4200754,Alto Bela Vista,nombre_exacto,,4200754,True,2018|2022
SC,81310,HERVAL D OESTE,,4206702,Herval d'Oeste,nombre_exacto,,4206702,True,2018|2022
SC,81329,FREI ROGÉRIO,,4205555,Frei Rogério,nombre_exacto,,4205555,True,2018|2022
SC,81337,IBICARÉ,,4206801,Ibicaré,nombre_exacto,,4206801,True,2018|2022
SC,81345,TREVISO,,4218350,Treviso,nombre_exacto,,4218350,True,2018|2022
SC,81353,IBIRAMA,,4206900,Ibirama,nombre_exacto,,4206900,True,2018|2022
SC,81361,IOMERÊ,,4207577,Iomerê,nombre_exacto,,4207577,True,2018|2022
SC,81370,IÇARA,,4207007,Içara,nombre_exacto,,4207007,True,2018|2022
SC,81388,BOM JESUS,,4202537,Bom Jesus,nombre_exacto,,4202537,True,2018|2022
SC,81396,ILHOTA,,4207106,Ilhota,nombre_exacto,,4207106,True,2018|2022
SC,81400,IBIAM,,4206751,Ibiam,nombre_exacto,,4206751,True,2018|2022
SC,81418,IMARUÍ,,4207205,Imaruí,nombre_exacto,,4207205,True,2018|2022
SC,81426,ENTRE RIOS,,4205175,Entre Rios,nombre_exacto,,4205175,True,2018|2022
SC,81434,IMBITUBA,,4207304,Imbituba,nombre_exacto,,4207304,True,2018|2022
SC,81442,PAIAL,,4211876,Paial,nombre_exacto,,4211876,True,2018|2022
SC,81450,IMBUIA,,4207403,Imbuia,nombre_exacto,,4207403,True,2018|2022
SC,81469,BOM JESUS DO OESTE,,4202578,Bom Jesus do Oeste,nombre_exacto,,4202578,True,2018|2022
SC,81477,INDAIAL,,4207502,Indaial,nombre_exacto,,4207502,True,2018|2022
SC,81485,SÃO BERNARDINO,,4215752,São Bernardino,nombre_exacto,,4215752,True,2018|2022
SC,81493,IPIRA,,4207601,Ipira,nombre_exacto,,4207601,True,2018|2022
SC,81507,SANTA TEREZINHA DO PROGRESSO,,4215687,Santa Terezinha do Progresso,nombre_exacto,,4215695,False,2018|2022
SC,81515,IPUMIRIM,,4207700,Ipumirim,nombre_exacto,,4207700,True,2018|2022
SC,81523,SALTINHO,,4215356,Saltinho,nombre_exacto,,4215356,True,2018|2022
SC,81531,IRANI,,4207809,Irani,nombre_exacto,,4207809,True,2018|2022
SC,81540,JUPIÁ,,4209177,Jupiá,nombre_exacto,,4209177,True,2018|2022
SC,81558,IRINEÓPOLIS,,4207908,Irineópolis,nombre_exacto,,4207908,True,2018|2022
SC,81566,PALMEIRA,,4212056,Palmeira,nombre_exacto,,4212056,True,2018|2022
SC,81574,ITÁ,,4208005,Itá,nombre_exacto,,4208005,True,2018|2022
SC,81582,BANDEIRANTE,,4202081,Bandeirante,nombre_exacto,,4202081,True,2018|2022
SC,81590,ITAIÓPOLIS,,4208104,Itaiópolis,nombre_exacto,,4208104,True,2018|2022
SC,81604,FLOR DO SERTÃO,,4205357,Flor do Sertão,nombre_exacto,,4205357,True,2018|2022
SC,81612,ITAJAÍ,,4208203,Itajaí,nombre_exacto,,4208203,True,2018|2022
SC,81620,CUNHATAÍ,,4204756,Cunhataí,nombre_exacto,,4204756,True,2018|2022
SC,81639,ITAPEMA,,4208302,Itapema,nombre_exacto,,4208302,True,2018|2022
SC,81647,PRINCESA,,4214151,Princesa,nombre_exacto,,4214151,True,2018|2022
SC,81655,ITAPIRANGA,,4208401,Itapiranga,nombre_exacto,,4208401,True,2018|2022
SC,81663,ITAPOÁ,,4208450,Itapoá,nombre_exacto,,4208450,True,2018|2022
SC,81671,ITUPORANGA,,4208500,Ituporanga,nombre_exacto,,4208500,True,2018|2022
SC,81680,TIGRINHOS,,4217956,Tigrinhos,nombre_exacto,,4217956,True,2018|2022
SC,81698,JABORÁ,,4208609,Jaborá,nombre_exacto,,4208609,True,2018|2022
SC,81701,CHAPADÃO DO LAGEADO,,4204194,Chapadão do Lageado,nombre_exacto,,4204194,True,2018|2022
SC,81710,JACINTO MACHADO,,4208708,Jacinto Machado,nombre_exacto,,4208708,True,2018|2022
SC,81728,BALNEÁRIO ARROIO DO SILVA,,4201950,Balneário Arroio do Silva,nombre_exacto,,4201950,True,2018|2022
SC,81736,JAGUARUNA,,4208807,Jaguaruna,nombre_exacto,,4208807,True,2018|2022
SC,81744,BALNEÁRIO GAIVOTA,,4202073,Balneário Gaivota,nombre_exacto,,4202073,True,2018|2022
SC,81752,JARAGUÁ DO SUL,,4208906,Jaraguá do Sul,nombre_exacto,,4208906,True,2018|2022
SC,81760,BARRA BONITA,,4202099,Barra Bonita,nombre_exacto,,4202099,True,2018|2022
SC,81779,JOAÇABA,,4209003,Joaçaba,nombre_exacto,,4209003,True,2018|2022
SC,81787,BRUNÓPOLIS,,4202875,Brunópolis,nombre_exacto,,4202875,True,2018|2022
SC,81795,JOINVILLE,,4209102,Joinville,nombre_exacto,,4209102,True,2018|2022
SC,81809,LUZERNA,,4210035,Luzerna,nombre_exacto,,4210035,True,2018|2022
SC,81817,LACERDÓPOLIS,,4209201,Lacerdópolis,nombre_exacto,,4209201,True,2018|2022
SC,81825,ZORTÉA,,4219853,Zortéa,nombre_exacto,,4219853,True,2018|2022
SC,81833,LAGES,,4209300,Lages,nombre_exacto,,4209300,True,2018|2022
SC,81850,LAGUNA,,4209409,Laguna,nombre_exacto,,4209409,True,2018|2022
SC,81876,LAURENTINO,,4209508,Laurentino,nombre_exacto,,4209508,True,2018|2022
SC,81892,LAURO MÜLLER,,4209607,Lauro Müller,nombre_exacto,,4209607,True,2018|2022
SC,81914,LEBON RÉGIS,,4209706,Lebon Régis,nombre_exacto,,4209706,True,2018|2022
SC,81930,LEOBERTO LEAL,,4209805,Leoberto Leal,nombre_exacto,,4209805,True,2018|2022
SC,81957,LONTRAS,,4209904,Lontras,nombre_exacto,,4209904,True,2018|2022
SC,81973,LUIZ ALVES,,4210001,Luiz Alves,nombre_exacto,,4210001,True,2018|2022
SC,81990,MAFRA,,4210100,Mafra,nombre_exacto,,4210100,True,2018|2022
SC,82015,MAJOR GERCINO,,4210209,Major Gercino,nombre_exacto,,4210209,True,2018|2022
SC,82031,MAJOR VIEIRA,,4210308,Major Vieira,nombre_exacto,,4210308,True,2018|2022
SC,82058,MARAVILHA,,4210506,Maravilha,nombre_exacto,,4210506,True,2018|2022
SC,82066,MAREMA,,4210555,Marema,nombre_exacto,,4210555,True,2018|2022
SC,82074,MASSARANDUBA,,4210605,Massaranduba,nombre_exacto,,4210605,True,2018|2022
SC,82090,MATOS COSTA,,4210704,Matos Costa,nombre_exacto,,4210704,True,2018|2022
SC,82112,MELEIRO,,4210803,Meleiro,nombre_exacto,,4210803,True,2018|2022
SC,82139,MODELO,,4210902,Modelo,nombre_exacto,,4210902,True,2018|2022
SC,82155,MONDAÍ,,4211009,Mondaí,nombre_exacto,,4211009,True,2018|2022
SC,82171,MONTE CASTELO,,4211108,Monte Castelo,nombre_exacto,,4211108,True,2018|2022
SC,82198,MORRO DA FUMAÇA,,4211207,Morro da Fumaça,nombre_exacto,,4211207,True,2018|2022
SC,82210,NAVEGANTES,,4211306,Navegantes,nombre_exacto,,4211306,True,2018|2022
SC,82236,NOVA ERECHIM,,4211405,Nova Erechim,nombre_exacto,,4211405,True,2018|2022
SC,82252,NOVA TRENTO,,4211504,Nova Trento,nombre_exacto,,4211504,True,2018|2022
SC,82279,NOVA VENEZA,,4211603,Nova Veneza,nombre_exacto,,4211603,True,2018|2022
SC,82295,ORLEANS,,4211702,Orleans,nombre_exacto,,4211702,True,2018|2022
SC,82317,OURO,,4211801,Ouro,nombre_exacto,,4211801,True,2018|2022
SC,82333,PALHOÇA,,4211900,Palhoça,nombre_exacto,,4211900,True,2018|2022
SC,82350,PALMA SOLA,,4212007,Palma Sola,nombre_exacto,,4212007,True,2018|2022
SC,82376,PALMITOS,,4212106,Palmitos,nombre_exacto,,4212106,True,2018|2022
SC,82392,PAPANDUVA,,4212205,Papanduva,nombre_exacto,,4212205,True,2018|2022
SC,82414,PAULO LOPES,,4212304,Paulo Lopes,nombre_exacto,,4212304,True,2018|2022
SC,82430,PEDRAS GRANDES,,4212403,Pedras Grandes,nombre_exacto,,4212403,True,2018|2022
SC,82457,PENHA,,4212502,Penha,nombre_exacto,,4212502,True,2018|2022
SC,82473,PERITIBA,,4212601,Peritiba,nombre_exacto,,4212601,True,2018|2022
SC,82490,PETROLÂNDIA,,4212700,Petrolândia,nombre_exacto,,4212700,True,2018|2022
SC,82511,BALNEÁRIO PIÇARRAS,,4212809,Balneário Piçarras,nombre_exacto,,4212809,True,2018|2022
SC,82538,PINHALZINHO,,4212908,Pinhalzinho,nombre_exacto,,4212908,True,2018|2022
SC,82554,PINHEIRO PRETO,,4213005,Pinheiro Preto,nombre_exacto,,4213005,True,2018|2022
SC,82570,PIRATUBA,,4213104,Piratuba,nombre_exacto,,4213104,True,2018|2022
SC,82597,POMERODE,,4213203,Pomerode,nombre_exacto,,4213203,True,2018|2022
SC,82619,PONTE ALTA,,4213302,Ponte Alta,nombre_exacto,,4213302,True,2018|2022
SC,82635,PONTE SERRADA,,4213401,Ponte Serrada,nombre_exacto,,4213401,True,2018|2022
SC,82651,PORTO BELO,,4213500,Porto Belo,nombre_exacto,,4213500,True,2018|2022
SC,82678,PORTO UNIÃO,,4213609,Porto União,nombre_exacto,,4213609,True,2018|2022
SC,82694,POUSO REDONDO,,4213708,Pouso Redondo,nombre_exacto,,4213708,True,2018|2022
SC,82716,PRAIA GRANDE,,4213807,Praia Grande,nombre_exacto,,4213807,True,2018|2022
SC,82732,PRESIDENTE CASTELLO BRANCO,,4213906,Presidente Castello Branco,nombre_exacto,,4213906,True,2018|2022
SC,82759,PRESIDENTE GETÚLIO,,4214003,Presidente Getúlio,nombre_exacto,,4214003,True,2018|2022
SC,82775,PRESIDENTE NEREU,,4214102,Presidente Nereu,nombre_exacto,,4214102,True,2018|2022
SC,82791,QUILOMBO,,4214201,Quilombo,nombre_exacto,,4214201,True,2018|2022
SC,82813,RANCHO QUEIMADO,,4214300,Rancho Queimado,nombre_exacto,,4214300,True,2018|2022
SC,82830,RIO DAS ANTAS,,4214409,Rio das Antas,nombre_exacto,,4214409,True,2018|2022
SC,82856,RIO DO CAMPO,,4214508,Rio do Campo,nombre_exacto,,4214508,True,2018|2022
SC,82872,RIO DO OESTE,,4214607,Rio do Oeste,nombre_exacto,,4214607,True,2018|2022
SC,82899,RIO DOS CEDROS,,4214706,Rio dos Cedros,nombre_exacto,,4214706,True,2018|2022
SC,82910,RIO DO SUL,,4214805,Rio do Sul,nombre_exacto,,4214805,True,2018|2022
SC,82937,RIO FORTUNA,,4214904,Rio Fortuna,nombre_exacto,,4214904,True,2018|2022
SC,82953,RIO NEGRINHO,,4215000,Rio Negrinho,nombre_exacto,,4215000,True,2018|2022
SC,82970,RODEIO,,4215109,Rodeio,nombre_exacto,,4215109,True,2018|2022
SC,82996,ROMELÂNDIA,,4215208,Romelândia,nombre_exacto,,4215208,True,2018|2022
SC,83011,SALETE,,4215307,Salete,nombre_exacto,,4215307,True,2018|2022
SC,83038,SALTO VELOSO,,4215406,Salto Veloso,nombre_exacto,,4215406,True,2018|2022
SC,83054,SANTA CECÍLIA,,4215505,Santa Cecília,nombre_exacto,,4215505,True,2018|2022
SC,83070,SANTA ROSA DE LIMA,,4215604,Santa Rosa de Lima,nombre_exacto,,4215604,True,2018|2022
SC,83097,SANTO AMARO DA IMPERATRIZ,,4215703,Santo Amaro da Imperatriz,nombre_exacto,,4215703,True,2018|2022
SC,83119,SÃO BENTO DO SUL,,4215802,São Bento do Sul,nombre_exacto,,4215802,True,2018|2022
SC,83135,SÃO BONIFÁCIO,,4215901,São Bonifácio,nombre_exacto,,4215901,True,2018|2022
SC,83151,SÃO CARLOS,,4216008,São Carlos,nombre_exacto,,4216008,True,2018|2022
SC,83178,SÃO DOMINGOS,,4216107,São Domingos,nombre_exacto,,4216107,True,2018|2022
SC,83194,SÃO FRANCISCO DO SUL,,4216206,São Francisco do Sul,nombre_exacto,,4216206,True,2018|2022
SC,83216,SÃO JOÃO BATISTA,,4216305,São João Batista,nombre_exacto,,4216305,True,2018|2022
SC,83232,SÃO JOÃO DO SUL,,4216404,São João do Sul,nombre_exacto,,4216404,True,2018|2022
SC,83259,SÃO JOAQUIM,,4216503,São Joaquim,nombre_exacto,,4216503,True,2018|2022
SC,83275,SÃO JOSÉ,,4216602,São José,nombre_exacto,,4216602,True,2018|2022
SC,83291,SÃO JOSÉ DO CEDRO,,4216701,São José do Cedro,nombre_exacto,,4216701,True,2018|2022
SC,83313,SÃO JOSÉ DO CERRITO,,4216800,São José do Cerrito,nombre_exacto,,4216800,True,2018|2022
SC,83330,SÃO LOURENÇO DO OESTE,,4216909,São Lourenço do Oeste,nombre_exacto,,4216909,True,2018|2022
SC,83356,SÃO LUDGERO,,4217006,São Ludgero,nombre_exacto,,4217006,True,2018|2022
SC,83372,SÃO MARTINHO,,4217105,São Martinho,nombre_exacto,,4217105,True,2018|2022
SC,83399,SÃO MIGUEL DO OESTE,,4217204,São Miguel do Oeste,nombre_exacto,,4217204,True,2018|2022
SC,83410,SAUDADES,,4217303,Saudades,nombre_exacto,,4217303,True,2018|2022
SC,83437,SCHROEDER,,4217402,Schroeder,nombre_exacto,,4217402,True,2018|2022
SC,83453,SEARA,,4217501,Seara,nombre_exacto,,4217501,True,2018|2022
SC,83470,SIDERÓPOLIS,,4217600,Siderópolis,nombre_exacto,,4217600,True,2018|2022
SC,83496,SOMBRIO,,4217709,Sombrio,nombre_exacto,,4217709,True,2018|2022
SC,83518,TAIÓ,,4217808,Taió,nombre_exacto,,4217808,True,2018|2022
SC,83534,TANGARÁ,,4217907,Tangará,nombre_exacto,,4217907,True,2018|2022
SC,83550,TIJUCAS,,4218004,Tijucas,nombre_exacto,,4218004,True,2018|2022
SC,83577,TIMBÓ,,4218202,Timbó,nombre_exacto,,4218202,True,2018|2022
SC,83593,TRÊS BARRAS,,4218301,Três Barras,nombre_exacto,,4218301,True,2018|2022
SC,83615,TREZE DE MAIO,,4218400,Treze de Maio,nombre_exacto,,4218400,True,2018|2022
SC,83631,TREZE TÍLIAS,,4218509,Treze Tílias,nombre_exacto,,4218509,True,2018|2022
SC,83658,TROMBUDO CENTRAL,,4218608,Trombudo Central,nombre_exacto,,4218608,True,2018|2022
SC,83674,TUBARÃO,,4218707,Tubarão,nombre_exacto,,4218707,True,2018|2022
SC,83682,TUNÁPOLIS,,4218756,Tunápolis,nombre_exacto,,4218756,True,2018|2022
SC,83690,TURVO,,4218806,Turvo,nombre_exacto,,4218806,True,2018|2022
SC,83712,URUBICI,,4218905,Urubici,nombre_exacto,,4218905,True,2018|2022
SC,83739,URUSSANGA,,4219002,Urussanga,nombre_exacto,,4219002,True,2018|2022
SC,83755,VARGEÃO,,4219101,Vargeão,nombre_exacto,,4219101,True,2018|2022
SC,83771,VIDAL RAMOS,,4219200,Vidal Ramos,nombre_exacto,,4219200,True,2018|2022
SC,83798,VIDEIRA,,4219309,Videira,nombre_exacto,,4219309,True,2018|2022
SC,83810,WITMARSUM,,4219408,Witmarsum,nombre_exacto,,4219408,True,2018|2022
SC,83836,XANXERÊ,,4219507,Xanxerê,nombre_exacto,,4219507,True,2018|2022
SC,83852,XAVANTINA,,4219606,Xavantina,nombre_exacto,,4219606,True,2018|2022
SC,83879,XAXIM,,4219705,Xaxim,nombre_exacto,,4219705,True,2018|2022
SC,83895,BOM JARDIM DA SERRA,,4202503,Bom Jardim da Serra,nombre_exacto,,4202503,True,2018|2022
SC,83909,BALNEÁRIO RINCÃO,,4220000,Balneário Rincão,nombre_exacto,,4220000,True,2018|2022
SC,83917,MARACAJÁ,,4210407,Maracajá,nombre_exacto,,4210407,True,2018|2022
SC,83925,PESCARIA BRAVA,,4212650,Pescaria Brava,nombre_exacto,,4212650,True,2018|2022
SC,83933,TIMBÉ DO SUL,,4218103,Timbé do Sul,nombre_exacto,,4218103,True,2018|2022
SC,83950,CORREIA PINTO,,4204558,Correia Pinto,nombre_exacto,,4204558,True,2018|2022
SC,83976,OTACÍLIO COSTA,,4211751,Otacílio Costa,nombre_exacto,,4211751,True,2018|2022
SE,31003,SANTANA DO SÃO FRANCISCO,,2806404,Santana do São Francisco,nombre_exacto,,2806404,True,2018|2022
SE,31011,AMPARO DE SÃO FRANCISCO,,2800100,Amparo do São Francisco,nombre_aproximado,,2800100,True,2018|2022
SE,31038,AQUIDABÃ,,2800209,Aquidabã,nombre_exacto,,2800209,True,2018|2022
SE,31054,ARACAJU,,2800308,Aracaju,nombre_exacto,,2800308,True,2018|2022
SE,31070,ARAUÁ,,2800407,Arauá,nombre_exacto,,2800407,True,2018|2022
SE,31097,AREIA BRANCA,,2800506,Areia Branca,nombre_exacto,,2800506,True,2018|2022
SE,31119,BARRA DOS COQUEIROS,,2800605,Barra dos Coqueiros,nombre_exacto,,2800605,True,2018|2022
SE,31135,BREJO GRANDE,,2800704,Brejo Grande,nombre_exacto,,2800704,True,2018|2022
SE,31151,BOQUIM,,2800670,Boquim,nombre_exacto,,2800670,True,2018|2022
SE,31194,CAMPO DO BRITO,,2801009,Campo do Brito,nombre_exacto,,2801009,True,2018|2022
SE,31216,CANHOBA,,2801108,Canhoba,nombre_exacto,,2801108,True,2018|2022
SE,31232,CANINDÉ DE SÃO FRANCISCO,,2801207,Canindé de São Francisco,nombre_exacto,,2801207,True,2018|2022
SE,31259,CAPELA,,2801306,Capela,nombre_exacto,,2801306,True,2018|2022
SE,31275,CARIRA,,2801405,Carira,nombre_exacto,,2801405,True,2018|2022
SE,31291,CARMÓPOLIS,,2801504,Carmópolis,nombre_exacto,,2801504,True,2018|2022
SE,31313,CEDRO DE SÃO JOÃO,,2801603,Cedro de São João,nombre_exacto,,2801603,True,2018|2022
SE,31330,CRISTINÁPOLIS,,2801702,Cristinápolis,nombre_exacto,,2801702,True,2018|2022
SE,31356,NOSSA SENHORA APARECIDA,,2804458,Nossa Senhora Aparecida,nombre_exacto,,2804458,True,2018|2022
SE,31372,CUMBE,,2801900,Cumbe,nombre_exacto,,2801900,True,2018|2022
SE,31399,DIVINA PASTORA,,2802007,Divina Pastora,nombre_exacto,,2802007,True,2018|2022
SE,31410,ESTÂNCIA,,2802106,Estância,nombre_exacto,,2802106,True,2018|2022
SE,31437,FEIRA NOVA,,2802205,Feira Nova,nombre_exacto,,2802205,True,2018|2022
SE,31453,FREI PAULO,,2802304,Frei Paulo,nombre_exacto,,2802304,True,2018|2022
SE,31470,GENERAL MAYNARD,,2802502,General Maynard,nombre_exacto,,2802502,True,2018|2022
SE,31496,GARARU,,2802403,Gararu,nombre_exacto,,2802403,True,2018|2022
SE,31518,GRACCHO CARDOSO,,2802601,Graccho Cardoso,nombre_exacto,,2802601,True,2018|2022
SE,31534,ILHA DAS FLORES,,2802700,Ilha das Flores,nombre_exacto,,2802700,True,2018|2022
SE,31550,INDIAROBA,,2802809,Indiaroba,nombre_exacto,,2802809,True,2018|2022
SE,31577,ITABAIANA,,2802908,Itabaiana,nombre_exacto,,2802908,True,2018|2022
SE,31593,ITABAIANINHA,,2803005,Itabaianinha,nombre_exacto,,2803005,True,2018|2022
SE,31615,ITABI,,2803104,Itabi,nombre_exacto,,2803104,True,2018|2022
SE,31631,ITAPORANGA D AJUDA,,2803203,Itaporanga d'Ajuda,nombre_exacto,,2803203,True,2018|2022
SE,31658,JAPARATUBA,,2803302,Japaratuba,nombre_exacto,,2803302,True,2018|2022
SE,31674,JAPOATÃ,,2803401,Japoatã,nombre_exacto,,2803401,True,2018|2022
SE,31690,LAGARTO,,2803500,Lagarto,nombre_exacto,,2803500,True,2018|2022
SE,31712,LARANJEIRAS,,2803609,Laranjeiras,nombre_exacto,,2803609,True,2018|2022
SE,31739,MACAMBIRA,,2803708,Macambira,nombre_exacto,,2803708,True,2018|2022
SE,31755,MALHADA DOS BOIS,,2803807,Malhada dos Bois,nombre_exacto,,2803807,True,2018|2022
SE,31771,MALHADOR,,2803906,Malhador,nombre_exacto,,2803906,True,2018|2022
SE,31798,MARUIM,,2804003,Maruim,nombre_exacto,,2804003,True,2018|2022
SE,31810,MOITA BONITA,,2804102,Moita Bonita,nombre_exacto,,2804102,True,2018|2022
SE,31836,MONTE ALEGRE DE SERGIPE,,2804201,Monte Alegre de Sergipe,nombre_exacto,,2804201,True,2018|2022
SE,31852,MURIBECA,,2804300,Muribeca,nombre_exacto,,2804300,True,2018|2022
SE,31879,NEÓPOLIS,,2804409,Neópolis,nombre_exacto,,2804409,True,2018|2022
SE,31895,NOSSA SENHORA DA GLÓRIA,,2804508,Nossa Senhora da Glória,nombre_exacto,,2804508,True,2018|2022
SE,31917,NOSSA SENHORA DAS DORES,,2804607,Nossa Senhora das Dores,nombre_exacto,,2804607,True,2018|2022
SE,31933,NOSSA SENHORA DE LOURDES,,2804706,Nossa Senhora de Lourdes,nombre_exacto,,2804706,True,2018|2022
SE,31950,NOSSA SENHORA DO SOCORRO,,2804805,Nossa Senhora do Socorro,nombre_exacto,,2804805,True,2018|2022
SE,31976,PACATUBA,,2804904,Pacatuba,nombre_exacto,,2804904,True,2018|2022
SE,31992,PEDRA MOLE,,2805000,Pedra Mole,nombre_exacto,,2805000,True,2018|2022
SE,32018,PEDRINHAS,,2805109,Pedrinhas,nombre_exacto,,2805109,True,2018|2022
SE,32034,PINHÃO,,2805208,Pinhão,nombre_exacto,,2805208,True,2018|2022
SE,32050,PIRAMBU,,2805307,Pirambu,nombre_exacto,,2805307,True,2018|2022
SE,32077,POÇO REDONDO,,2805406,Poço Redondo,nombre_exacto,,2805406,True,2018|2022
SE,32093,POÇO VERDE,,2805505,Poço Verde,nombre_exacto,,2805505,True,2018|2022
SE,32115,PORTO DA FOLHA,,2805604,Porto da Folha,nombre_exacto,,2805604,True,2018|2022
SE,32131,PROPRIÁ,,2805703,Propriá,nombre_exacto,,2805703,True,2018|2022
SE,32158,RIACHÃO DO DANTAS,,2805802,Riachão do Dantas,nombre_exacto,,2805802,True,2018|2022
SE,32174,RIACHUELO,,2805901,Riachuelo,nombre_exacto,,2805901,True,2018|2022
SE,32190,RIBEIRÓPOLIS,,2806008,Ribeirópolis,nombre_exacto,,2806008,True,2018|2022
SE,32212,ROSÁRIO DO CATETE,,2806107,Rosário do Catete,nombre_exacto,,2806107,True,2018|2022
SE,32239,SALGADO,,2806206,Salgado,nombre_exacto,,2806206,True,2018|2022
SE,32255,SANTA LUZIA DO ITANHY,,2806305,Santa Luzia do Itanhy,nombre_exacto,,2806305,True,2018|2022
SE,32298,SANTA ROSA DE LIMA,,2806503,Santa Rosa de Lima,nombre_exacto,,2806503,True,2018|2022
SE,32310,SANTO AMARO DAS BROTAS,,2806602,Santo Amaro das Brotas,nombre_exacto,,2806602,True,2018|2022
SE,32336,SÃO CRISTÓVÃO,,2806701,São Cristóvão,nombre_exacto,,2806701,True,2018|2022
SE,32352,SÃO DOMINGOS,,2806800,São Domingos,nombre_exacto,,2806800,True,2018|2022
SE,32379,SÃO FRANCISCO,,2806909,São Francisco,nombre_exacto,,2806909,True,2018|2022
SE,32395,SÃO MIGUEL DO ALEIXO,,2807006,São Miguel do Aleixo,nombre_exacto,,2807006,True,2018|2022
SE,32417,SIMÃO DIAS,,2807105,Simão Dias,nombre_exacto,,2807105,True,2018|2022
SE,32433,SIRIRI,,2807204,Siriri,nombre_exacto,,2807204,True,2018|2022
SE,32450,TELHA,,2807303,Telha,nombre_exacto,,2807303,True,2018|2022
SE,32476,TOBIAS BARRETO,,2807402,Tobias Barreto,nombre_exacto,,2807402,True,2018|2022
SE,32492,TOMAR DO GERU,,2807501,Tomar do Geru,nombre_exacto,,2807501,True,2018|2022
SE,32514,UMBAÚBA,,2807600,Umbaúba,nombre_exacto,,2807600,True,2018|2022
SP,61000,EUCLIDES DA CUNHA PAULISTA,,3515350,Euclides da Cunha Paulista,nombre_exacto,,3515350,True,2018|2022
SP,61018,ADAMANTINA,,3500105,Adamantina,nombre_exacto,,3500105,True,2018|2022
SP,61026,BOREBI,,3507456,Borebi,nombre_exacto,,3507456,True,2018|2022
SP,61034,ADOLFO,,3500204,Adolfo,nombre_exacto,,3500204,True,2018|2022
SP,61042,TARUMÃ,,3553955,Tarumã,nombre_exacto,,3553955,True,2018|2022
SP,61050,AGUAÍ,,3500303,Aguaí,nombre_exacto,,3500303,True,2018|2022
SP,61069,MOTUCA,,3532058,Motuca,nombre_exacto,,3532058,True,2018|2022
SP,61077,ÁGUAS DA PRATA,,3500402,Águas da Prata,nombre_exacto,,3500402,True,2018|2022
SP,61085,IARAS,,3519253,Iaras,nombre_exacto,,3519253,True,2018|2022
SP,61093,ÁGUAS DE LINDÓIA,,3500501,Águas de Lindóia,nombre_exacto,,3500501,True,2018|2022
SP,61107,GUATAPARÁ,,3518859,Guatapará,nombre_exacto,,3518859,True,2018|2022
SP,61115,ÁGUAS DE SÃO PEDRO,,3500600,Águas de São Pedro,nombre_exacto,,3500600,True,2018|2022
SP,61123,DIRCE REIS,,3513850,Dirce Reis,nombre_exacto,,3513850,True,2018|2022
SP,61131,AGUDOS,,3500709,Agudos,nombre_exacto,,3500709,True,2018|2022
SP,61140,ESPÍRITO SANTO DO TURVO,,3515194,Espírito Santo do Turvo,nombre_exacto,,3515194,True,2018|2022
SP,61158,ALFREDO MARCONDES,,3500808,Alfredo Marcondes,nombre_exacto,,3500808,True,2018|2022
SP,61166,ROSANA,,3544251,Rosana,nombre_exacto,,3544251,True,2018|2022
SP,61174,ALTAIR,,3500907,Altair,nombre_exacto,,3500907,True,2018|2022
SP,61182,EMBAÚBA,,3514957,Embaúba,nombre_exacto,,3514957,True,2018|2022
SP,61190,ALTINÓPOLIS,,3501004,Altinópolis,nombre_exacto,,3501004,True,2018|2022
SP,61204,ILHA SOLTEIRA,,3520442,Ilha Solteira,nombre_exacto,,3520442,True,2018|2022
SP,61212,ALTO ALEGRE,,3501103,Alto Alegre,nombre_exacto,,3501103,True,2018|2022
SP,61220,ALUMÍNIO,,3501152,Alumínio,nombre_exacto,,3501152,True,2018|2022
SP,61239,ÁLVARES FLORENCE,,3501202,Álvares Florence,nombre_exacto,,3501202,True,2018|2022
SP,61247,PEDRINHAS PAULISTA,,3537156,Pedrinhas Paulista,nombre_exacto,,3537156,True,2018|2022
SP,61255,ÁLVARES MACHADO,,3501301,Álvares Machado,nombre_exacto,,3501301,True,2018|2022
SP,61263,ARAÇARIGUAMA,,3502754,Araçariguama,nombre_exacto,,3502754,True,2018|2022
SP,61271,ÁLVARO DE CARVALHO,,3501400,Álvaro de Carvalho,nombre_exacto,,3501400,True,2018|2022
SP,61280,BERTIOGA,,3506359,Bertioga,nombre_exacto,,3506359,True,2018|2022
SP,61298,ALVINLÂNDIA,,3501509,Alvinlândia,nombre_exacto,,3501509,True,2018|2022
SP,61301,SUZANÁPOLIS,,3552551,Suzanápolis,nombre_exacto,,3552551,True,2018|2022
SP,61310,AMERICANA,,3501608,Americana,nombre_exacto,,3501608,True,2018|2022
SP,61328,SANTO ANTÔNIO DO ARACANGUÁ,,3548054,Santo Antônio do Aracanguá,nombre_exacto,,3548054,True,2018|2022
SP,61336,AMÉRICO BRASILIENSE,,3501707,Américo Brasiliense,nombre_exacto,,3501707,True,2018|2022
SP,61344,CANITAR,,3510153,Canitar,nombre_exacto,,3510153,True,2018|2022
SP,61352,AMÉRICO DE CAMPOS,,3501806,Américo de Campos,nombre_exacto,,3501806,True,2018|2022
SP,61360,BARRA DO CHAPÉU,,3505351,Barra do Chapéu,nombre_exacto,,3505351,True,2018|2022
SP,61379,AMPARO,,3501905,Amparo,nombre_exacto,,3501905,True,2018|2022
SP,61387,EMILIANÓPOLIS,,3515129,Emilianópolis,nombre_exacto,,3515129,True,2018|2022
SP,61395,ANALÂNDIA,,3502002,Analândia,nombre_exacto,,3502002,True,2018|2022
SP,61409,NOVAIS,,3533254,Novais,nombre_exacto,,3533254,True,2018|2022
SP,61417,ANDRADINA,,3502101,Andradina,nombre_exacto,,3502101,True,2018|2022
SP,61425,NOVA CANAÃ PAULISTA,,3532843,Nova Canaã Paulista,nombre_exacto,,3532843,True,2018|2022
SP,61433,ANGATUBA,,3502200,Angatuba,nombre_exacto,,3502200,True,2018|2022
SP,61441,SALTINHO,,3545159,Saltinho,nombre_exacto,,3545159,True,2018|2022
SP,61450,ANHEMBI,,3502309,Anhembi,nombre_exacto,,3502309,True,2018|2022
SP,61468,UBARANA,,3555356,Ubarana,nombre_exacto,,3555356,True,2018|2022
SP,61476,ANHUMAS,,3502408,Anhumas,nombre_exacto,,3502408,True,2018|2022
SP,61484,CAJATI,,3509254,Cajati,nombre_exacto,,3509254,True,2018|2022
SP,61492,APARECIDA,,3502507,Aparecida,nombre_exacto,,3502507,True,2018|2022
SP,61506,CAMPINA DO MONTE ALEGRE,,3509452,Campina do Monte Alegre,nombre_exacto,,3509452,True,2018|2022
SP,61514,APARECIDA D OESTE,,3502606,Aparecida d'Oeste,nombre_exacto,,3502606,True,2018|2022
SP,61522,ASPÁSIA,,3503950,Aspásia,nombre_exacto,,3503950,True,2018|2022
SP,61530,APIAÍ,,3502705,Apiaí,nombre_exacto,,3502705,True,2018|2022
SP,61549,VARGEM,,3556354,Vargem,nombre_exacto,,3556354,True,2018|2022
SP,61557,ARAÇATUBA,,3502804,Araçatuba,nombre_exacto,,3502804,True,2018|2022
SP,61565,POTIM,,3540754,Potim,nombre_exacto,,3540754,True,2018|2022
SP,61573,ARAÇOIABA DA SERRA,,3502903,Araçoiaba da Serra,nombre_exacto,,3502903,True,2018|2022
SP,61581,ALAMBARI,,3500758,Alambari,nombre_exacto,,3500758,True,2018|2022
SP,61590,ARAMINA,,3503000,Aramina,nombre_exacto,,3503000,True,2018|2022
SP,61603,ITAOCA,,3522158,Itaoca,nombre_exacto,,3522158,True,2018|2022
SP,61611,ARANDU,,3503109,Arandu,nombre_exacto,,3503109,True,2018|2022
SP,61620,TUIUTI,,3554953,Tuiuti,nombre_exacto,,3554953,True,2018|2022
SP,61638,ARARAQUARA,,3503208,Araraquara,nombre_exacto,,3503208,True,2018|2022
SP,61646,ARAPEÍ,,3503158,Arapeí,nombre_exacto,,3503158,True,2018|2022
SP,61654,ARARAS,,3503307,Araras,nombre_exacto,,3503307,True,2018|2022
SP,61662,ESTIVA GERBI,,3557303,Estiva Gerbi,nombre_exacto,,3557303,True,2018|2022
SP,61670,AREALVA,,3503406,Arealva,nombre_exacto,,3503406,True,2018|2022
SP,61689,ENGENHEIRO COELHO,,3515152,Engenheiro Coelho,nombre_exacto,,3515152,True,2018|2022
SP,61697,AREIAS,,3503505,Areias,nombre_exacto,,3503505,True,2018|2022
SP,61700,RIBEIRÃO GRANDE,,3543253,Ribeirão Grande,nombre_exacto,,3543253,True,2018|2022
SP,61719,AREIÓPOLIS,,3503604,Areiópolis,nombre_exacto,,3503604,True,2018|2022
SP,61727,HORTOLÂNDIA,,3519071,Hortolândia,nombre_exacto,,3519071,True,2018|2022
SP,61735,ARIRANHA,,3503703,Ariranha,nombre_exacto,,3503703,True,2018|2022
SP,61743,HOLAMBRA,,3519055,Holambra,nombre_exacto,,3519055,True,2018|2022
SP,61751,ARTUR NOGUEIRA,,3503802,Artur Nogueira,nombre_exacto,,3503802,True,2018|2022
SP,61760,ELISIÁRIO,,3514924,Elisiário,nombre_exacto,,3514924,True,2018|2022
SP,61778,ARUJÁ,,3503901,Arujá,nombre_exacto,,3503901,True,2018|2022
SP,61786,BOM SUCESSO DE ITARARÉ,,3507159,Bom Sucesso de Itararé,nombre_exacto,,3507159,True,2018|2022
SP,61794,ASSIS,,3504008,Assis,nombre_exacto,,3504008,True,2018|2022
SP,61808,PONTALINDA,,3540259,Pontalinda,nombre_exacto,,3540259,True,2018|2022
SP,61816,ATIBAIA,,3504107,Atibaia,nombre_exacto,,3504107,True,2018|2022
SP,61824,PARISI,,3536257,Parisi,nombre_exacto,,3536257,True,2018|2022
SP,61832,AURIFLAMA,,3504206,Auriflama,nombre_exacto,,3504206,True,2018|2022
SP,61840,TAQUARIVAÍ,,3553856,Taquarivaí,nombre_exacto,,3553856,True,2018|2022
SP,61859,AVAÍ,,3504305,Avaí,nombre_exacto,,3504305,True,2018|2022
SP,61867,MARAPOAMA,,3528858,Marapoama,nombre_exacto,,3528858,True,2018|2022
SP,61875,AVANHANDAVA,,3504404,Avanhandava,nombre_exacto,,3504404,True,2018|2022
SP,61883,SÃO JOÃO DE IRACEMA,,3549250,São João de Iracema,nombre_exacto,,3549250,True,2018|2022
SP,61891,AVARÉ,,3504503,Avaré,nombre_exacto,,3504503,True,2018|2022
SP,61905,SÃO LOURENÇO DA SERRA,,3549953,São Lourenço da Serra,nombre_exacto,,3549953,True,2018|2022
SP,61913,BADY BASSITT,,3504602,Bady Bassitt,nombre_exacto,,3504602,True,2018|2022
SP,61921,ZACARIAS,,3557154,Zacarias,nombre_exacto,,3557154,True,2018|2022
SP,61930,BALBINOS,,3504701,Balbinos,nombre_exacto,,3504701,True,2018|2022
SP,61948,ITAPIRAPUÃ PAULISTA,,3522653,Itapirapuã Paulista,nombre_exacto,,3522653,True,2018|2022
SP,61956,BÁLSAMO,,3504800,Bálsamo,nombre_exacto,,3504800,True,2018|2022
SP,61964,MESÓPOLIS,,3529658,Mesópolis,nombre_exacto,,3529658,True,2018|2022
SP,61972,BANANAL,,3504909,Bananal,nombre_exacto,,3504909,True,2018|2022
SP,61980,NOVA CAMPINA,,3532827,Nova Campina,nombre_exacto,,3532827,True,2018|2022
SP,61999,BARBOSA,,3505104,Barbosa,nombre_exacto,,3505104,True,2018|2022
SP,62006,ILHA COMPRIDA,,3520426,Ilha Comprida,nombre_exacto,,3520426,True,2018|2022
SP,62014,BARÃO DE ANTONINA,,3505005,Barão de Antonina,nombre_exacto,,3505005,True,2018|2022
SP,62022,LOURDES,,3527256,Lourdes,nombre_exacto,,3527256,True,2018|2022
SP,62030,BARIRI,,3505203,Bariri,nombre_exacto,,3505203,True,2018|2022
SP,62049,TORRE DE PEDRA,,3554656,Torre de Pedra,nombre_exacto,,3554656,True,2018|2022
SP,62057,BARRA BONITA,,3505302,Barra Bonita,nombre_exacto,,3505302,True,2018|2022
SP,62065,ARCO-ÍRIS,,3503356,Arco-Íris,nombre_exacto,,3503356,True,2018|2022
SP,62073,BARRA DO TURVO,,3505401,Barra do Turvo,nombre_exacto,,3505401,True,2018|2022
SP,62081,BREJO ALEGRE,,3507753,Brejo Alegre,nombre_exacto,,3507753,True,2018|2022
SP,62090,BARRETOS,,3505500,Barretos,nombre_exacto,,3505500,True,2018|2022
SP,62103,CANAS,,3509957,Canas,nombre_exacto,,3509957,True,2018|2022
SP,62111,BARRINHA,,3505609,Barrinha,nombre_exacto,,3505609,True,2018|2022
SP,62120,PRACINHA,,3540853,Pracinha,nombre_exacto,,3540853,True,2018|2022
SP,62138,BARUERI,,3505708,Barueri,nombre_exacto,,3505708,True,2018|2022
SP,62146,PRATÂNIA,,3541059,Pratânia,nombre_exacto,,3541059,True,2018|2022
SP,62154,BASTOS,,3505807,Bastos,nombre_exacto,,3505807,True,2018|2022
SP,62162,QUADRA,,3541653,Quadra,nombre_exacto,,3541653,True,2018|2022
SP,62170,BATATAIS,,3505906,Batatais,nombre_exacto,,3505906,True,2018|2022
SP,62189,SANTA CRUZ DA ESPERANÇA,,3546256,Santa Cruz da Esperança,nombre_exacto,,3546256,True,2018|2022
SP,62197,BAURU,,3506003,Bauru,nombre_exacto,,3506003,True,2018|2022
SP,62200,SANTA SALETE,,3547650,Santa Salete,nombre_exacto,,3547650,True,2018|2022
SP,62219,BEBEDOURO,,3506102,Bebedouro,nombre_exacto,,3506102,True,2018|2022
SP,62227,VITÓRIA BRASIL,,3556958,Vitória Brasil,nombre_exacto,,3556958,True,2018|2022
SP,62235,BENTO DE ABREU,,3506201,Bento de Abreu,nombre_exacto,,3506201,True,2018|2022
SP,62243,IPIGUÁ,,3521150,Ipiguá,nombre_exacto,,3521150,True,2018|2022
SP,62251,BERNARDINO DE CAMPOS,,3506300,Bernardino de Campos,nombre_exacto,,3506300,True,2018|2022
SP,62260,TAQUARAL,,3553658,Taquaral,nombre_exacto,,3553658,True,2018|2022
SP,62278,BILAC,,3506409,Bilac,nombre_exacto,,3506409,True,2018|2022
SP,62286,FERNÃO,,3515657,Fernão,nombre_exacto,,3515657,True,2018|2022
SP,62294,BIRIGUI,,3506508,Birigui,nombre_exacto,,3506508,True,2018|2022
SP,62308,GAVIÃO PEIXOTO,,3516853,Gavião Peixoto,nombre_exacto,,3516853,True,2018|2022
SP,62316,BIRITIBA MIRIM,,3506607,Biritiba Mirim,nombre_exacto,,3506607,True,2018|2022
SP,62324,JUMIRIM,,3525854,Jumirim,nombre_exacto,,3525854,True,2018|2022
SP,62332,BOA ESPERANÇA DO SUL,,3506706,Boa Esperança do Sul,nombre_exacto,,3506706,True,2018|2022
SP,62340,NANTES,,3532157,Nantes,nombre_exacto,,3532157,True,2018|2022
SP,62359,BOCAINA,,3506805,Bocaina,nombre_exacto,,3506805,True,2018|2022
SP,62367,NOVA CASTILHO,,3532868,Nova Castilho,nombre_exacto,,3532868,True,2018|2022
SP,62375,BOFETE,,3506904,Bofete,nombre_exacto,,3506904,True,2018|2022
SP,62383,OUROESTE,,3534757,Ouroeste,nombre_exacto,,3534757,True,2018|2022
SP,62391,BOITUVA,,3507001,Boituva,nombre_exacto,,3507001,True,2018|2022
SP,62405,PAULISTÂNIA,,3536570,Paulistânia,nombre_exacto,,3536570,True,2018|2022
SP,62413,BOM JESUS DOS PERDÕES,,3507100,Bom Jesus dos Perdões,nombre_exacto,,3507100,True,2018|2022
SP,62421,RIBEIRÃO DOS ÍNDIOS,,3543238,Ribeirão dos Índios,nombre_exacto,,3543238,True,2018|2022
SP,62430,BORÁ,,3507209,Borá,nombre_exacto,,3507209,True,2018|2022
SP,62448,TRABIJU,,3554755,Trabiju,nombre_exacto,,3554755,True,2018|2022
SP,62456,BORACÉIA,,3507308,Boracéia,nombre_exacto,,3507308,True,2018|2022
SP,62472,BORBOREMA,,3507407,Borborema,nombre_exacto,,3507407,True,2018|2022
SP,62499,BOTUCATU,,3507506,Botucatu,nombre_exacto,,3507506,True,2018|2022
SP,62510,BRAGANÇA PAULISTA,,3507605,Bragança Paulista,nombre_exacto,,3507605,True,2018|2022
SP,62553,BRAÚNA,,3507704,Braúna,nombre_exacto,,3507704,True,2018|2022
SP,62570,BRODOWSKI,,3507803,Brodowski,nombre_exacto,,3507803,True,2018|2022
SP,62596,BROTAS,,3507902,Brotas,nombre_exacto,,3507902,True,2018|2022
SP,62618,BURI,,3508009,Buri,nombre_exacto,,3508009,True,2018|2022
SP,62634,BURITAMA,,3508108,Buritama,nombre_exacto,,3508108,True,2018|2022
SP,62650,BURITIZAL,,3508207,Buritizal,nombre_exacto,,3508207,True,2018|2022
SP,62677,CABRÁLIA PAULISTA,,3508306,Cabrália Paulista,nombre_exacto,,3508306,True,2018|2022
SP,62693,CABREÚVA,,3508405,Cabreúva,nombre_exacto,,3508405,True,2018|2022
SP,62715,CAÇAPAVA,,3508504,Caçapava,nombre_exacto,,3508504,True,2018|2022
SP,62731,CACHOEIRA PAULISTA,,3508603,Cachoeira Paulista,nombre_exacto,,3508603,True,2018|2022
SP,62758,CACONDE,,3508702,Caconde,nombre_exacto,,3508702,True,2018|2022
SP,62774,CAFELÂNDIA,,3508801,Cafelândia,nombre_exacto,,3508801,True,2018|2022
SP,62790,CAIABU,,3508900,Caiabu,nombre_exacto,,3508900,True,2018|2022
SP,62812,CAIEIRAS,,3509007,Caieiras,nombre_exacto,,3509007,True,2018|2022
SP,62839,CAIUÁ,,3509106,Caiuá,nombre_exacto,,3509106,True,2018|2022
SP,62855,CAJAMAR,,3509205,Cajamar,nombre_exacto,,3509205,True,2018|2022
SP,62871,CAJOBI,,3509304,Cajobi,nombre_exacto,,3509304,True,2018|2022
SP,62898,CAJURU,,3509403,Cajuru,nombre_exacto,,3509403,True,2018|2022
SP,62910,CAMPINAS,,3509502,Campinas,nombre_exacto,,3509502,True,2018|2022
SP,62936,CAMPO LIMPO PAULISTA,,3509601,Campo Limpo Paulista,nombre_exacto,,3509601,True,2018|2022
SP,62952,CAMPOS DO JORDÃO,,3509700,Campos do Jordão,nombre_exacto,,3509700,True,2018|2022
SP,62979,CAMPOS NOVOS PAULISTA,,3509809,Campos Novos Paulista,nombre_exacto,,3509809,True,2018|2022
SP,62995,CANANÉIA,,3509908,Cananéia,nombre_exacto,,3509908,True,2018|2022
SP,63010,CÂNDIDO MOTA,,3510005,Cândido Mota,nombre_exacto,,3510005,True,2018|2022
SP,63037,CÂNDIDO RODRIGUES,,3510104,Cândido Rodrigues,nombre_exacto,,3510104,True,2018|2022
SP,63053,CAPÃO BONITO,,3510203,Capão Bonito,nombre_exacto,,3510203,True,2018|2022
SP,63070,CAPELA DO ALTO,,3510302,Capela do Alto,nombre_exacto,,3510302,True,2018|2022
SP,63096,CAPIVARI,,3510401,Capivari,nombre_exacto,,3510401,True,2018|2022
SP,63118,CARAGUATATUBA,,3510500,Caraguatatuba,nombre_exacto,,3510500,True,2018|2022
SP,63134,CARAPICUÍBA,,3510609,Carapicuíba,nombre_exacto,,3510609,True,2018|2022
SP,63150,CARDOSO,,3510708,Cardoso,nombre_exacto,,3510708,True,2018|2022
SP,63177,CASA BRANCA,,3510807,Casa Branca,nombre_exacto,,3510807,True,2018|2022
SP,63193,CÁSSIA DOS COQUEIROS,,3510906,Cássia dos Coqueiros,nombre_exacto,,3510906,True,2018|2022
SP,63215,CASTILHO,,3511003,Castilho,nombre_exacto,,3511003,True,2018|2022
SP,63231,CATANDUVA,,3511102,Catanduva,nombre_exacto,,3511102,True,2018|2022
SP,63258,CATIGUÁ,,3511201,Catiguá,nombre_exacto,,3511201,True,2018|2022
SP,63274,CEDRAL,,3511300,Cedral,nombre_exacto,,3511300,True,2018|2022
SP,63290,CERQUEIRA CÉSAR,,3511409,Cerqueira César,nombre_exacto,,3511409,True,2018|2022
SP,63312,CERQUILHO,,3511508,Cerquilho,nombre_exacto,,3511508,True,2018|2022
SP,63339,CESÁRIO LANGE,,3511607,Cesário Lange,nombre_exacto,,3511607,True,2018|2022
SP,63355,CHARQUEADA,,3511706,Charqueada,nombre_exacto,,3511706,True,2018|2022
SP,63371,CHAVANTES,,3557204,Chavantes,nombre_exacto,,3557204,True,2018|2022
SP,63398,CLEMENTINA,,3511904,Clementina,nombre_exacto,,3511904,True,2018|2022
SP,63410,COLINA,,3512001,Colina,nombre_exacto,,3512001,True,2018|2022
SP,63436,COLÔMBIA,,3512100,Colômbia,nombre_exacto,,3512100,True,2018|2022
SP,63452,CONCHAL,,3512209,Conchal,nombre_exacto,,3512209,True,2018|2022
SP,63479,CONCHAS,,3512308,Conchas,nombre_exacto,,3512308,True,2018|2022
SP,63495,CORDEIRÓPOLIS,,3512407,Cordeirópolis,nombre_exacto,,3512407,True,2018|2022
SP,63517,COROADOS,,3512506,Coroados,nombre_exacto,,3512506,True,2018|2022
SP,63533,CORONEL MACEDO,,3512605,Coronel Macedo,nombre_exacto,,3512605,True,2018|2022
SP,63550,CORUMBATAÍ,,3512704,Corumbataí,nombre_exacto,,3512704,True,2018|2022
SP,63576,COSMÓPOLIS,,3512803,Cosmópolis,nombre_exacto,,3512803,True,2018|2022
SP,63592,COSMORAMA,,3512902,Cosmorama,nombre_exacto,,3512902,True,2018|2022
SP,63614,COTIA,,3513009,Cotia,nombre_exacto,,3513009,True,2018|2022
SP,63630,CRAVINHOS,,3513108,Cravinhos,nombre_exacto,,3513108,True,2018|2022
SP,63657,CRISTAIS PAULISTA,,3513207,Cristais Paulista,nombre_exacto,,3513207,True,2018|2022
SP,63673,CRUZÁLIA,,3513306,Cruzália,nombre_exacto,,3513306,True,2018|2022
SP,63690,CRUZEIRO,,3513405,Cruzeiro,nombre_exacto,,3513405,True,2018|2022
SP,63711,CUBATÃO,,3513504,Cubatão,nombre_exacto,,3513504,True,2018|2022
SP,63738,CUNHA,,3513603,Cunha,nombre_exacto,,3513603,True,2018|2022
SP,63754,DESCALVADO,,3513702,Descalvado,nombre_exacto,,3513702,True,2018|2022
SP,63770,DIADEMA,,3513801,Diadema,nombre_exacto,,3513801,True,2018|2022
SP,63797,DIVINOLÂNDIA,,3513900,Divinolândia,nombre_exacto,,3513900,True,2018|2022
SP,63819,DOBRADA,,3514007,Dobrada,nombre_exacto,,3514007,True,2018|2022
SP,63835,DOIS CÓRREGOS,,3514106,Dois Córregos,nombre_exacto,,3514106,True,2018|2022
SP,63851,DOLCINÓPOLIS,,3514205,Dolcinópolis,nombre_exacto,,3514205,True,2018|2022
SP,63878,DOURADO,,3514304,Dourado,nombre_exacto,,3514304,True,2018|2022
SP,63894,DRACENA,,3514403,Dracena,nombre_exacto,,3514403,True,2018|2022
SP,63916,DUARTINA,,3514502,Duartina,nombre_exacto,,3514502,True,2018|2022
SP,63932,DUMONT,,3514601,Dumont,nombre_exacto,,3514601,True,2018|2022
SP,63959,ECHAPORÃ,,3514700,Echaporã,nombre_exacto,,3514700,True,2018|2022
SP,63975,ELDORADO,,3514809,Eldorado,nombre_exacto,,3514809,True,2018|2022
SP,63991,ELIAS FAUSTO,,3514908,Elias Fausto,nombre_exacto,,3514908,True,2018|2022
SP,64017,EMBU DAS ARTES,,3515004,Embu das Artes,nombre_exacto,,3515004,True,2018|2022
SP,64033,EMBU-GUAÇU,,3515103,Embu-Guaçu,nombre_exacto,,3515103,True,2018|2022
SP,64050,ESTRELA D OESTE,,3515202,Estrela d'Oeste,nombre_exacto,,3515202,True,2018|2022
SP,64076,ESTRELA DO NORTE,,3515301,Estrela do Norte,nombre_exacto,,3515301,True,2018|2022
SP,64092,FARTURA,,3515400,Fartura,nombre_exacto,,3515400,True,2018|2022
SP,64114,FERNANDÓPOLIS,,3515509,Fernandópolis,nombre_exacto,,3515509,True,2018|2022
SP,64130,FERNANDO PRESTES,,3515608,Fernando Prestes,nombre_exacto,,3515608,True,2018|2022
SP,64157,FERRAZ DE VASCONCELOS,,3515707,Ferraz de Vasconcelos,nombre_exacto,,3515707,True,2018|2022
SP,64173,FLORA RICA,,3515806,Flora Rica,nombre_exacto,,3515806,True,2018|2022
SP,64190,FLOREAL,,3515905,Floreal,nombre_exacto,,3515905,True,2018|2022
SP,64211,FLÓRIDA PAULISTA,,3516002,Flórida Paulista,nombre_exacto,,3516002,True,2018|2022
SP,64238,FLORÍNEA,,3516101,Florínea,nombre_exacto,,3516101,True,2018|2022
SP,64254,FRANCA,,3516200,Franca,nombre_exacto,,3516200,True,2018|2022
SP,64270,FRANCISCO MORATO,,3516309,Francisco Morato,nombre_exacto,,3516309,True,2018|2022
SP,64297,FRANCO DA ROCHA,,3516408,Franco da Rocha,nombre_exacto,,3516408,True,2018|2022
SP,64319,GABRIEL MONTEIRO,,3516507,Gabriel Monteiro,nombre_exacto,,3516507,True,2018|2022
SP,64335,GÁLIA,,3516606,Gália,nombre_exacto,,3516606,True,2018|2022
SP,64351,GARÇA,,3516705,Garça,nombre_exacto,,3516705,True,2018|2022
SP,64378,GASTÃO VIDIGAL,,3516804,Gastão Vidigal,nombre_exacto,,3516804,True,2018|2022
SP,64394,GENERAL SALGADO,,3516903,General Salgado,nombre_exacto,,3516903,True,2018|2022
SP,64416,GETULINA,,3517000,Getulina,nombre_exacto,,3517000,True,2018|2022
SP,64432,GLICÉRIO,,3517109,Glicério,nombre_exacto,,3517109,True,2018|2022
SP,64459,GUAIÇARA,,3517208,Guaiçara,nombre_exacto,,3517208,True,2018|2022
SP,64475,GUAIMBÊ,,3517307,Guaimbê,nombre_exacto,,3517307,True,2018|2022
SP,64491,GUAÍRA,,3517406,Guaíra,nombre_exacto,,3517406,True,2018|2022
SP,64513,GUAPIAÇU,,3517505,Guapiaçu,nombre_exacto,,3517505,True,2018|2022
SP,64530,GUAPIARA,,3517604,Guapiara,nombre_exacto,,3517604,True,2018|2022
SP,64556,GUARÁ,,3517703,Guará,nombre_exacto,,3517703,True,2018|2022
SP,64572,GUARAÇAÍ,,3517802,Guaraçaí,nombre_exacto,,3517802,True,2018|2022
SP,64599,GUARACI,,3517901,Guaraci,nombre_exacto,,3517901,True,2018|2022
SP,64610,GUARANI D OESTE,,3518008,Guarani d'Oeste,nombre_exacto,,3518008,True,2018|2022
SP,64637,GUARANTÃ,,3518107,Guarantã,nombre_exacto,,3518107,True,2018|2022
SP,64653,GUARARAPES,,3518206,Guararapes,nombre_exacto,,3518206,True,2018|2022
SP,64670,GUARAREMA,,3518305,Guararema,nombre_exacto,,3518305,True,2018|2022
SP,64696,GUARATINGUETÁ,,3518404,Guaratinguetá,nombre_exacto,,3518404,True,2018|2022
SP,64718,GUAREÍ,,3518503,Guareí,nombre_exacto,,3518503,True,2018|2022
SP,64734,GUARIBA,,3518602,Guariba,nombre_exacto,,3518602,True,2018|2022
SP,64750,GUARUJÁ,,3518701,Guarujá,nombre_exacto,,3518701,True,2018|2022
SP,64777,GUARULHOS,,3518800,Guarulhos,nombre_exacto,,3518800,True,2018|2022
SP,64793,GUZOLÂNDIA,,3518909,Guzolândia,nombre_exacto,,3518909,True,2018|2022
SP,64815,HERCULÂNDIA,,3519006,Herculândia,nombre_exacto,,3519006,True,2018|2022
SP,64831,IACANGA,,3519105,Iacanga,nombre_exacto,,3519105,True,2018|2022
SP,64858,IACRI,,3519204,Iacri,nombre_exacto,,3519204,True,2018|2022
SP,64874,IBATÉ,,3519303,Ibaté,nombre_exacto,,3519303,True,2018|2022
SP,64890,IBIRÁ,,3519402,Ibirá,nombre_exacto,,3519402,True,2018|2022
SP,64912,IBIRAREMA,,3519501,Ibirarema,nombre_exacto,,3519501,True,2018|2022
SP,64939,IBITINGA,,3519600,Ibitinga,nombre_exacto,,3519600,True,2018|2022
SP,64955,IBIÚNA,,3519709,Ibiúna,nombre_exacto,,3519709,True,2018|2022
SP,64971,ICÉM,,3519808,Icém,nombre_exacto,,3519808,True,2018|2022
SP,64998,IEPÊ,,3519907,Iepê,nombre_exacto,,3519907,True,2018|2022
SP,65013,IGARAÇU DO TIETÊ,,3520004,Igaraçu do Tietê,nombre_exacto,,3520004,True,2018|2022
SP,65030,IGARAPAVA,,3520103,Igarapava,nombre_exacto,,3520103,True,2018|2022
SP,65056,IGARATÁ,,3520202,Igaratá,nombre_exacto,,3520202,True,2018|2022
SP,65072,IGUAPE,,3520301,Iguape,nombre_exacto,,3520301,True,2018|2022
SP,65099,ILHABELA,,3520400,Ilhabela,nombre_exacto,,3520400,True,2018|2022
SP,65110,INDAIATUBA,,3520509,Indaiatuba,nombre_exacto,,3520509,True,2018|2022
SP,65137,INDIANA,,3520608,Indiana,nombre_exacto,,3520608,True,2018|2022
SP,65153,INDIAPORÃ,,3520707,Indiaporã,nombre_exacto,,3520707,True,2018|2022
SP,65170,INÚBIA PAULISTA,,3520806,Inúbia Paulista,nombre_exacto,,3520806,True,2018|2022
SP,65196,IPAUSSU,,3520905,Ipaussu,nombre_exacto,,3520905,True,2018|2022
SP,65218,IPERÓ,,3521002,Iperó,nombre_exacto,,3521002,True,2018|2022
SP,65234,IPEÚNA,,3521101,Ipeúna,nombre_exacto,,3521101,True,2018|2022
SP,65250,IPORANGA,,3521200,Iporanga,nombre_exacto,,3521200,True,2018|2022
SP,65277,IPUÃ,,3521309,Ipuã,nombre_exacto,,3521309,True,2018|2022
SP,65293,IRACEMÁPOLIS,,3521408,Iracemápolis,nombre_exacto,,3521408,True,2018|2022
SP,65315,IRAPUÃ,,3521507,Irapuã,nombre_exacto,,3521507,True,2018|2022
SP,65331,IRAPURU,,3521606,Irapuru,nombre_exacto,,3521606,True,2018|2022
SP,65358,ITABERÁ,,3521705,Itaberá,nombre_exacto,,3521705,True,2018|2022
SP,65374,ITAÍ,,3521804,Itaí,nombre_exacto,,3521804,True,2018|2022
SP,65390,ITAJOBI,,3521903,Itajobi,nombre_exacto,,3521903,True,2018|2022
SP,65412,ITAJU,,3522000,Itaju,nombre_exacto,,3522000,True,2018|2022
SP,65439,ITANHAÉM,,3522109,Itanhaém,nombre_exacto,,3522109,True,2018|2022
SP,65455,ITAPECERICA DA SERRA,,3522208,Itapecerica da Serra,nombre_exacto,,3522208,True,2018|2022
SP,65471,ITAPETININGA,,3522307,Itapetininga,nombre_exacto,,3522307,True,2018|2022
SP,65498,ITAPEVA,,3522406,Itapeva,nombre_exacto,,3522406,True,2018|2022
SP,65510,ITAPEVI,,3522505,Itapevi,nombre_exacto,,3522505,True,2018|2022
SP,65536,ITAPIRA,,3522604,Itapira,nombre_exacto,,3522604,True,2018|2022
SP,65552,ITÁPOLIS,,3522703,Itápolis,nombre_exacto,,3522703,True,2018|2022
SP,65579,ITAPORANGA,,3522802,Itaporanga,nombre_exacto,,3522802,True,2018|2022
SP,65595,ITAPUÍ,,3522901,Itapuí,nombre_exacto,,3522901,True,2018|2022
SP,65617,ITAPURA,,3523008,Itapura,nombre_exacto,,3523008,True,2018|2022
SP,65633,ITAQUAQUECETUBA,,3523107,Itaquaquecetuba,nombre_exacto,,3523107,True,2018|2022
SP,65650,ITARARÉ,,3523206,Itararé,nombre_exacto,,3523206,True,2018|2022
SP,65676,ITARIRI,,3523305,Itariri,nombre_exacto,,3523305,True,2018|2022
SP,65692,ITATIBA,,3523404,Itatiba,nombre_exacto,,3523404,True,2018|2022
SP,65714,ITATINGA,,3523503,Itatinga,nombre_exacto,,3523503,True,2018|2022
SP,65730,ITIRAPINA,,3523602,Itirapina,nombre_exacto,,3523602,True,2018|2022
SP,65757,ITIRAPUÃ,,3523701,Itirapuã,nombre_exacto,,3523701,True,2018|2022
SP,65773,ITOBI,,3523800,Itobi,nombre_exacto,,3523800,True,2018|2022
SP,65790,ITU,,3523909,Itu,nombre_exacto,,3523909,True,2018|2022
SP,65811,ITUPEVA,,3524006,Itupeva,nombre_exacto,,3524006,True,2018|2022
SP,65838,ITUVERAVA,,3524105,Ituverava,nombre_exacto,,3524105,True,2018|2022
SP,65854,JABORANDI,,3524204,Jaborandi,nombre_exacto,,3524204,True,2018|2022
SP,65870,JABOTICABAL,,3524303,Jaboticabal,nombre_exacto,,3524303,True,2018|2022
SP,65897,JACAREÍ,,3524402,Jacareí,nombre_exacto,,3524402,True,2018|2022
SP,65919,JACI,,3524501,Jaci,nombre_exacto,,3524501,True,2018|2022
SP,65935,JACUPIRANGA,,3524600,Jacupiranga,nombre_exacto,,3524600,True,2018|2022
SP,65951,JAGUARIÚNA,,3524709,Jaguariúna,nombre_exacto,,3524709,True,2018|2022
SP,65978,JALES,,3524808,Jales,nombre_exacto,,3524808,True,2018|2022
SP,65994,JAMBEIRO,,3524907,Jambeiro,nombre_exacto,,3524907,True,2018|2022
SP,66010,JANDIRA,,3525003,Jandira,nombre_exacto,,3525003,True,2018|2022
SP,66036,JARDINÓPOLIS,,3525102,Jardinópolis,nombre_exacto,,3525102,True,2018|2022
SP,66052,JARINU,,3525201,Jarinu,nombre_exacto,,3525201,True,2018|2022
SP,66079,JAÚ,,3525300,Jaú,nombre_exacto,,3525300,True,2018|2022
SP,66095,JERIQUARA,,3525409,Jeriquara,nombre_exacto,,3525409,True,2018|2022
SP,66117,JOANÓPOLIS,,3525508,Joanópolis,nombre_exacto,,3525508,True,2018|2022
SP,66133,JOÃO RAMALHO,,3525607,João Ramalho,nombre_exacto,,3525607,True,2018|2022
SP,66150,JOSÉ BONIFÁCIO,,3525706,José Bonifácio,nombre_exacto,,3525706,True,2018|2022
SP,66176,JÚLIO MESQUITA,,3525805,Júlio Mesquita,nombre_exacto,,3525805,True,2018|2022
SP,66192,JUNDIAÍ,,3525904,Jundiaí,nombre_exacto,,3525904,True,2018|2022
SP,66214,JUNQUEIRÓPOLIS,,3526001,Junqueirópolis,nombre_exacto,,3526001,True,2018|2022
SP,66230,JUQUIÁ,,3526100,Juquiá,nombre_exacto,,3526100,True,2018|2022
SP,66257,JUQUITIBA,,3526209,Juquitiba,nombre_exacto,,3526209,True,2018|2022
SP,66273,LAGOINHA,,3526308,Lagoinha,nombre_exacto,,3526308,True,2018|2022
SP,66290,LARANJAL PAULISTA,,3526407,Laranjal Paulista,nombre_exacto,,3526407,True,2018|2022
SP,66311,LAVÍNIA,,3526506,Lavínia,nombre_exacto,,3526506,True,2018|2022
SP,66338,LAVRINHAS,,3526605,Lavrinhas,nombre_exacto,,3526605,True,2018|2022
SP,66354,LEME,,3526704,Leme,nombre_exacto,,3526704,True,2018|2022
SP,66370,LENÇÓIS PAULISTA,,3526803,Lençóis Paulista,nombre_exacto,,3526803,True,2018|2022
SP,66397,LIMEIRA,,3526902,Limeira,nombre_exacto,,3526902,True,2018|2022
SP,66419,LINDÓIA,,3527009,Lindóia,nombre_exacto,,3527009,True,2018|2022
SP,66435,LINS,,3527108,Lins,nombre_exacto,,3527108,True,2018|2022
SP,66451,LORENA,,3527207,Lorena,nombre_exacto,,3527207,True,2018|2022
SP,66478,LOUVEIRA,,3527306,Louveira,nombre_exacto,,3527306,True,2018|2022
SP,66494,LUCÉLIA,,3527405,Lucélia,nombre_exacto,,3527405,True,2018|2022
SP,66516,LUCIANÓPOLIS,,3527504,Lucianópolis,nombre_exacto,,3527504,True,2018|2022
SP,66532,LUÍS ANTÔNIO,,3527603,Luís Antônio,nombre_exacto,,3527603,True,2018|2022
SP,66559,LUIZIÂNIA,,3527702,Luiziânia,nombre_exacto,,3527702,True,2018|2022
SP,66575,LUPÉRCIO,,3527801,Lupércio,nombre_exacto,,3527801,True,2018|2022
SP,66591,LUTÉCIA,,3527900,Lutécia,nombre_exacto,,3527900,True,2018|2022
SP,66613,MACATUBA,,3528007,Macatuba,nombre_exacto,,3528007,True,2018|2022
SP,66630,MACAUBAL,,3528106,Macaubal,nombre_exacto,,3528106,True,2018|2022
SP,66656,MACEDÔNIA,,3528205,Macedônia,nombre_exacto,,3528205,True,2018|2022
SP,66672,MAGDA,,3528304,Magda,nombre_exacto,,3528304,True,2018|2022
SP,66699,MAIRINQUE,,3528403,Mairinque,nombre_exacto,,3528403,True,2018|2022
SP,66710,MAIRIPORÃ,,3528502,Mairiporã,nombre_exacto,,3528502,True,2018|2022
SP,66737,MANDURI,,3528601,Manduri,nombre_exacto,,3528601,True,2018|2022
SP,66753,MARABÁ PAULISTA,,3528700,Marabá Paulista,nombre_exacto,,3528700,True,2018|2022
SP,66770,MARACAÍ,,3528809,Maracaí,nombre_exacto,,3528809,True,2018|2022
SP,66796,MARIÁPOLIS,,3528908,Mariápolis,nombre_exacto,,3528908,True,2018|2022
SP,66818,MARÍLIA,,3529005,Marília,nombre_exacto,,3529005,True,2018|2022
SP,66834,MARINÓPOLIS,,3529104,Marinópolis,nombre_exacto,,3529104,True,2018|2022
SP,66850,MARTINÓPOLIS,,3529203,Martinópolis,nombre_exacto,,3529203,True,2018|2022
SP,66877,MATÃO,,3529302,Matão,nombre_exacto,,3529302,True,2018|2022
SP,66893,MAUÁ,,3529401,Mauá,nombre_exacto,,3529401,True,2018|2022
SP,66915,MENDONÇA,,3529500,Mendonça,nombre_exacto,,3529500,True,2018|2022
SP,66931,MERIDIANO,,3529609,Meridiano,nombre_exacto,,3529609,True,2018|2022
SP,66958,MIGUELÓPOLIS,,3529708,Miguelópolis,nombre_exacto,,3529708,True,2018|2022
SP,66974,MINEIROS DO TIETÊ,,3529807,Mineiros do Tietê,nombre_exacto,,3529807,True,2018|2022
SP,66990,MIRACATU,,3529906,Miracatu,nombre_exacto,,3529906,True,2018|2022
SP,67016,MIRA ESTRELA,,3530003,Mira Estrela,nombre_exacto,,3530003,True,2018|2022
SP,67032,MIRANDÓPOLIS,,3530102,Mirandópolis,nombre_exacto,,3530102,True,2018|2022
SP,67059,MIRANTE DO PARANAPANEMA,,3530201,Mirante do Paranapanema,nombre_exacto,,3530201,True,2018|2022
SP,67075,MIRASSOL,,3530300,Mirassol,nombre_exacto,,3530300,True,2018|2022
SP,67091,MIRASSOLÂNDIA,,3530409,Mirassolândia,nombre_exacto,,3530409,True,2018|2022
SP,67113,MOCOCA,,3530508,Mococa,nombre_exacto,,3530508,True,2018|2022
SP,67130,MOGI DAS CRUZES,,3530607,Mogi das Cruzes,nombre_exacto,,3530607,True,2018|2022
SP,67156,MOGI GUAÇU,,3530706,Mogi Guaçu,nombre_exacto,,3530706,True,2018|2022
SP,67172,MOGI MIRIM,,3530805,Mogi Mirim,nombre_exacto,,3530805,True,2018|2022
SP,67199,MOMBUCA,,3530904,Mombuca,nombre_exacto,,3530904,True,2018|2022
SP,67210,MONÇÕES,,3531001,Monções,nombre_exacto,,3531001,True,2018|2022
SP,67237,MONGAGUÁ,,3531100,Mongaguá,nombre_exacto,,3531100,True,2018|2022
SP,67253,MONTE ALEGRE DO SUL,,3531209,Monte Alegre do Sul,nombre_exacto,,3531209,True,2018|2022
SP,67270,MONTE ALTO,,3531308,Monte Alto,nombre_exacto,,3531308,True,2018|2022
SP,67296,MONTE APRAZÍVEL,,3531407,Monte Aprazível,nombre_exacto,,3531407,True,2018|2022
SP,67318,MONTE AZUL PAULISTA,,3531506,Monte Azul Paulista,nombre_exacto,,3531506,True,2018|2022
SP,67334,MONTE CASTELO,,3531605,Monte Castelo,nombre_exacto,,3531605,True,2018|2022
SP,67350,MONTEIRO LOBATO,,3531704,Monteiro Lobato,nombre_exacto,,3531704,True,2018|2022
SP,67377,MONTE MOR,,3531803,Monte Mor,nombre_exacto,,3531803,True,2018|2022
SP,67393,MORRO AGUDO,,3531902,Morro Agudo,nombre_exacto,,3531902,True,2018|2022
SP,67415,MORUNGABA,,3532009,Morungaba,nombre_exacto,,3532009,True,2018|2022
SP,67431,MURUTINGA DO SUL,,3532108,Murutinga do Sul,nombre_exacto,,3532108,True,2018|2022
SP,67458,NARANDIBA,,3532207,Narandiba,nombre_exacto,,3532207,True,2018|2022
SP,67474,NATIVIDADE DA SERRA,,3532306,Natividade da Serra,nombre_exacto,,3532306,True,2018|2022
SP,67490,NAZARÉ PAULISTA,,3532405,Nazaré Paulista,nombre_exacto,,3532405,True,2018|2022
SP,67512,NEVES PAULISTA,,3532504,Neves Paulista,nombre_exacto,,3532504,True,2018|2022
SP,67539,NHANDEARA,,3532603,Nhandeara,nombre_exacto,,3532603,True,2018|2022
SP,67555,NIPOÃ,,3532702,Nipoã,nombre_exacto,,3532702,True,2018|2022
SP,67571,NOVA ALIANÇA,,3532801,Nova Aliança,nombre_exacto,,3532801,True,2018|2022
SP,67598,NOVA EUROPA,,3532900,Nova Europa,nombre_exacto,,3532900,True,2018|2022
SP,67610,NOVA GRANADA,,3533007,Nova Granada,nombre_exacto,,3533007,True,2018|2022
SP,67636,NOVA GUATAPORANGA,,3533106,Nova Guataporanga,nombre_exacto,,3533106,True,2018|2022
SP,67652,NOVA INDEPENDÊNCIA,,3533205,Nova Independência,nombre_exacto,,3533205,True,2018|2022
SP,67679,NOVA LUZITÂNIA,,3533304,Nova Luzitânia,nombre_exacto,,3533304,True,2018|2022
SP,67695,NOVA ODESSA,,3533403,Nova Odessa,nombre_exacto,,3533403,True,2018|2022
SP,67717,NOVO HORIZONTE,,3533502,Novo Horizonte,nombre_exacto,,3533502,True,2018|2022
SP,67733,NUPORANGA,,3533601,Nuporanga,nombre_exacto,,3533601,True,2018|2022
SP,67750,OCAUÇU,,3533700,Ocauçu,nombre_exacto,,3533700,True,2018|2022
SP,67776,ÓLEO,,3533809,Óleo,nombre_exacto,,3533809,True,2018|2022
SP,67792,OLÍMPIA,,3533908,Olímpia,nombre_exacto,,3533908,True,2018|2022
SP,67814,ONDA VERDE,,3534005,Onda Verde,nombre_exacto,,3534005,True,2018|2022
SP,67830,ORIENTE,,3534104,Oriente,nombre_exacto,,3534104,True,2018|2022
SP,67857,ORINDIÚVA,,3534203,Orindiúva,nombre_exacto,,3534203,True,2018|2022
SP,67873,ORLÂNDIA,,3534302,Orlândia,nombre_exacto,,3534302,True,2018|2022
SP,67890,OSASCO,,3534401,Osasco,nombre_exacto,,3534401,True,2018|2022
SP,67911,OSCAR BRESSANE,,3534500,Oscar Bressane,nombre_exacto,,3534500,True,2018|2022
SP,67938,OSVALDO CRUZ,,3534609,Osvaldo Cruz,nombre_exacto,,3534609,True,2018|2022
SP,67954,OURINHOS,,3534708,Ourinhos,nombre_exacto,,3534708,True,2018|2022
SP,67970,OURO VERDE,,3534807,Ouro Verde,nombre_exacto,,3534807,True,2018|2022
SP,67997,PACAEMBU,,3534906,Pacaembu,nombre_exacto,,3534906,True,2018|2022
SP,68012,PALESTINA,,3535002,Palestina,nombre_exacto,,3535002,True,2018|2022
SP,68039,PALMARES PAULISTA,,3535101,Palmares Paulista,nombre_exacto,,3535101,True,2018|2022
SP,68055,PALMEIRA D OESTE,,3535200,Palmeira d'Oeste,nombre_exacto,,3535200,True,2018|2022
SP,68071,PALMITAL,,3535309,Palmital,nombre_exacto,,3535309,True,2018|2022
SP,68098,PANORAMA,,3535408,Panorama,nombre_exacto,,3535408,True,2018|2022
SP,68110,PARAGUAÇU PAULISTA,,3535507,Paraguaçu Paulista,nombre_exacto,,3535507,True,2018|2022
SP,68136,PARAIBUNA,,3535606,Paraibuna,nombre_exacto,,3535606,True,2018|2022
SP,68152,PARAÍSO,,3535705,Paraíso,nombre_exacto,,3535705,True,2018|2022
SP,68179,PARANAPANEMA,,3535804,Paranapanema,nombre_exacto,,3535804,True,2018|2022
SP,68195,PARANAPUÃ,,3535903,Paranapuã,nombre_exacto,,3535903,True,2018|2022
SP,68217,PARAPUÃ,,3536000,Parapuã,nombre_exacto,,3536000,True,2018|2022
SP,68233,PARDINHO,,3536109,Pardinho,nombre_exacto,,3536109,True,2018|2022
SP,68250,PARIQUERA-AÇU,,3536208,Pariquera-Açu,nombre_exacto,,3536208,True,2018|2022
SP,68276,PATROCÍNIO PAULISTA,,3536307,Patrocínio Paulista,nombre_exacto,,3536307,True,2018|2022
SP,68292,PAULICÉIA,,3536406,Paulicéia,nombre_exacto,,3536406,True,2018|2022
SP,68314,PAULÍNIA,,3536505,Paulínia,nombre_exacto,,3536505,True,2018|2022
SP,68330,PAULO DE FARIA,,3536604,Paulo de Faria,nombre_exacto,,3536604,True,2018|2022
SP,68357,PEDERNEIRAS,,3536703,Pederneiras,nombre_exacto,,3536703,True,2018|2022
SP,68373,PEDRA BELA,,3536802,Pedra Bela,nombre_exacto,,3536802,True,2018|2022
SP,68390,PEDRANÓPOLIS,,3536901,Pedranópolis,nombre_exacto,,3536901,True,2018|2022
SP,68411,PEDREGULHO,,3537008,Pedregulho,nombre_exacto,,3537008,True,2018|2022
SP,68438,PEDREIRA,,3537107,Pedreira,nombre_exacto,,3537107,True,2018|2022
SP,68454,PEDRO DE TOLEDO,,3537206,Pedro de Toledo,nombre_exacto,,3537206,True,2018|2022
SP,68470,PENÁPOLIS,,3537305,Penápolis,nombre_exacto,,3537305,True,2018|2022
SP,68497,PEREIRA BARRETO,,3537404,Pereira Barreto,nombre_exacto,,3537404,True,2018|2022
SP,68519,PEREIRAS,,3537503,Pereiras,nombre_exacto,,3537503,True,2018|2022
SP,68535,PERUÍBE,,3537602,Peruíbe,nombre_exacto,,3537602,True,2018|2022
SP,68551,PIACATU,,3537701,Piacatu,nombre_exacto,,3537701,True,2018|2022
SP,68578,PIEDADE,,3537800,Piedade,nombre_exacto,,3537800,True,2018|2022
SP,68594,PILAR DO SUL,,3537909,Pilar do Sul,nombre_exacto,,3537909,True,2018|2022
SP,68616,PINDAMONHANGABA,,3538006,Pindamonhangaba,nombre_exacto,,3538006,True,2018|2022
SP,68632,PINDORAMA,,3538105,Pindorama,nombre_exacto,,3538105,True,2018|2022
SP,68659,ESPÍRITO SANTO DO PINHAL,,3515186,Espírito Santo do Pinhal,nombre_exacto,,3515186,True,2018|2022
SP,68675,PINHALZINHO,,3538204,Pinhalzinho,nombre_exacto,,3538204,True,2018|2022
SP,68691,PIQUEROBI,,3538303,Piquerobi,nombre_exacto,,3538303,True,2018|2022
SP,68713,PIQUETE,,3538501,Piquete,nombre_exacto,,3538501,True,2018|2022
SP,68730,PIRACAIA,,3538600,Piracaia,nombre_exacto,,3538600,True,2018|2022
SP,68756,PIRACICABA,,3538709,Piracicaba,nombre_exacto,,3538709,True,2018|2022
SP,68772,PIRAJU,,3538808,Piraju,nombre_exacto,,3538808,True,2018|2022
SP,68799,PIRAJUÍ,,3538907,Pirajuí,nombre_exacto,,3538907,True,2018|2022
SP,68810,PIRANGI,,3539004,Pirangi,nombre_exacto,,3539004,True,2018|2022
SP,68837,PIRAPORA DO BOM JESUS,,3539103,Pirapora do Bom Jesus,nombre_exacto,,3539103,True,2018|2022
SP,68853,PIRAPOZINHO,,3539202,Pirapozinho,nombre_exacto,,3539202,True,2018|2022
SP,68870,PIRASSUNUNGA,,3539301,Pirassununga,nombre_exacto,,3539301,True,2018|2022
SP,68896,PIRATININGA,,3539400,Piratininga,nombre_exacto,,3539400,True,2018|2022
SP,68918,PITANGUEIRAS,,3539509,Pitangueiras,nombre_exacto,,3539509,True,2018|2022
SP,68934,PLANALTO,,3539608,Planalto,nombre_exacto,,3539608,True,2018|2022
SP,68950,PLATINA,,3539707,Platina,nombre_exacto,,3539707,True,2018|2022
SP,68977,POÁ,,3539806,Poá,nombre_exacto,,3539806,True,2018|2022
SP,68993,POLONI,,3539905,Poloni,nombre_exacto,,3539905,True,2018|2022
SP,69019,POMPÉIA,,3540002,Pompéia,nombre_exacto,,3540002,True,2018|2022
SP,69035,PONGAÍ,,3540101,Pongaí,nombre_exacto,,3540101,True,2018|2022
SP,69051,PONTAL,,3540200,Pontal,nombre_exacto,,3540200,True,2018|2022
SP,69078,PONTES GESTAL,,3540309,Pontes Gestal,nombre_exacto,,3540309,True,2018|2022
SP,69094,POPULINA,,3540408,Populina,nombre_exacto,,3540408,True,2018|2022
SP,69116,PORANGABA,,3540507,Porangaba,nombre_exacto,,3540507,True,2018|2022
SP,69132,PORTO FELIZ,,3540606,Porto Feliz,nombre_exacto,,3540606,True,2018|2022
SP,69159,PORTO FERREIRA,,3540705,Porto Ferreira,nombre_exacto,,3540705,True,2018|2022
SP,69175,POTIRENDABA,,3540804,Potirendaba,nombre_exacto,,3540804,True,2018|2022
SP,69191,PRADÓPOLIS,,3540903,Pradópolis,nombre_exacto,,3540903,True,2018|2022
SP,69213,PRAIA GRANDE,,3541000,Praia Grande,nombre_exacto,,3541000,True,2018|2022
SP,69230,PRESIDENTE ALVES,,3541109,Presidente Alves,nombre_exacto,,3541109,True,2018|2022
SP,69256,PRESIDENTE BERNARDES,,3541208,Presidente Bernardes,nombre_exacto,,3541208,True,2018|2022
SP,69272,PRESIDENTE EPITÁCIO,,3541307,Presidente Epitácio,nombre_exacto,,3541307,True,2018|2022
SP,69299,PRESIDENTE PRUDENTE,,3541406,Presidente Prudente,nombre_exacto,,3541406,True,2018|2022
SP,69310,PRESIDENTE VENCESLAU,,3541505,Presidente Venceslau,nombre_exacto,,3541505,True,2018|2022
SP,69337,PROMISSÃO,,3541604,Promissão,nombre_exacto,,3541604,True,2018|2022
SP,69353,QUATÁ,,3541703,Quatá,nombre_exacto,,3541703,True,2018|2022
SP,69370,QUEIROZ,,3541802,Queiroz,nombre_exacto,,3541802,True,2018|2022
SP,69396,QUELUZ,,3541901,Queluz,nombre_exacto,,3541901,True,2018|2022
SP,69418,QUINTANA,,3542008,Quintana,nombre_exacto,,3542008,True,2018|2022
SP,69434,RAFARD,,3542107,Rafard,nombre_exacto,,3542107,True,2018|2022
SP,69450,RANCHARIA,,3542206,Rancharia,nombre_exacto,,3542206,True,2018|2022
SP,69477,REDENÇÃO DA SERRA,,3542305,Redenção da Serra,nombre_exacto,,3542305,True,2018|2022
SP,69493,REGENTE FEIJÓ,,3542404,Regente Feijó,nombre_exacto,,3542404,True,2018|2022
SP,69515,REGINÓPOLIS,,3542503,Reginópolis,nombre_exacto,,3542503,True,2018|2022
SP,69531,REGISTRO,,3542602,Registro,nombre_exacto,,3542602,True,2018|2022
SP,69558,RESTINGA,,3542701,Restinga,nombre_exacto,,3542701,True,2018|2022
SP,69574,RIBEIRA,,3542800,Ribeira,nombre_exacto,,3542800,True,2018|2022
SP,69590,RIBEIRÃO BONITO,,3542909,Ribeirão Bonito,nombre_exacto,,3542909,True,2018|2022
SP,69612,RIBEIRÃO BRANCO,,3543006,Ribeirão Branco,nombre_exacto,,3543006,True,2018|2022
SP,69639,RIBEIRÃO CORRENTE,,3543105,Ribeirão Corrente,nombre_exacto,,3543105,True,2018|2022
SP,69655,RIBEIRÃO DO SUL,,3543204,Ribeirão do Sul,nombre_exacto,,3543204,True,2018|2022
SP,69671,RIBEIRÃO PIRES,,3543303,Ribeirão Pires,nombre_exacto,,3543303,True,2018|2022
SP,69698,RIBEIRÃO PRETO,,3543402,Ribeirão Preto,nombre_exacto,,3543402,True,2018|2022
SP,69710,RIVERSUL,,3543501,Riversul,nombre_exacto,,3543501,True,2018|2022
SP,69736,RIFAINA,,3543600,Rifaina,nombre_exacto,,3543600,True,2018|2022
SP,69752,RINCÃO,,3543709,Rincão,nombre_exacto,,3543709,True,2018|2022
SP,69779,RINÓPOLIS,,3543808,Rinópolis,nombre_exacto,,3543808,True,2018|2022
SP,69795,RIO CLARO,,3543907,Rio Claro,nombre_exacto,,3543907,True,2018|2022
SP,69817,RIO DAS PEDRAS,,3544004,Rio das Pedras,nombre_exacto,,3544004,True,2018|2022
SP,69833,RIO GRANDE DA SERRA,,3544103,Rio Grande da Serra,nombre_exacto,,3544103,True,2018|2022
SP,69850,RIOLÂNDIA,,3544202,Riolândia,nombre_exacto,,3544202,True,2018|2022
SP,69876,ROSEIRA,,3544301,Roseira,nombre_exacto,,3544301,True,2018|2022
SP,69892,RUBIÁCEA,,3544400,Rubiácea,nombre_exacto,,3544400,True,2018|2022
SP,69914,RUBINÉIA,,3544509,Rubinéia,nombre_exacto,,3544509,True,2018|2022
SP,69930,SABINO,,3544608,Sabino,nombre_exacto,,3544608,True,2018|2022
SP,69957,SAGRES,,3544707,Sagres,nombre_exacto,,3544707,True,2018|2022
SP,69973,SALES,,3544806,Sales,nombre_exacto,,3544806,True,2018|2022
SP,69990,SALES OLIVEIRA,,3544905,Sales Oliveira,nombre_exacto,,3544905,True,2018|2022
SP,70017,SALESÓPOLIS,,3545001,Salesópolis,nombre_exacto,,3545001,True,2018|2022
SP,70033,SALMOURÃO,,3545100,Salmourão,nombre_exacto,,3545100,True,2018|2022
SP,70050,SALTO,,3545209,Salto,nombre_exacto,,3545209,True,2018|2022
SP,70076,SALTO DE PIRAPORA,,3545308,Salto de Pirapora,nombre_exacto,,3545308,True,2018|2022
SP,70092,SALTO GRANDE,,3545407,Salto Grande,nombre_exacto,,3545407,True,2018|2022
SP,70114,SANDOVALINA,,3545506,Sandovalina,nombre_exacto,,3545506,True,2018|2022
SP,70130,SANTA ADÉLIA,,3545605,Santa Adélia,nombre_exacto,,3545605,True,2018|2022
SP,70157,SANTA ALBERTINA,,3545704,Santa Albertina,nombre_exacto,,3545704,True,2018|2022
SP,70173,SANTA BÁRBARA D OESTE,,3545803,Santa Bárbara d'Oeste,nombre_exacto,,3545803,True,2018|2022
SP,70190,ÁGUAS DE SANTA BÁRBARA,,3500550,Águas de Santa Bárbara,nombre_exacto,,3500550,True,2018|2022
SP,70211,SANTA BRANCA,,3546009,Santa Branca,nombre_exacto,,3546009,True,2018|2022
SP,70238,SANTA CLARA D OESTE,,3546108,Santa Clara d'Oeste,nombre_exacto,,3546108,True,2018|2022
SP,70254,SANTA CRUZ DA CONCEIÇÃO,,3546207,Santa Cruz da Conceição,nombre_exacto,,3546207,True,2018|2022
SP,70270,SANTA CRUZ DAS PALMEIRAS,,3546306,Santa Cruz das Palmeiras,nombre_exacto,,3546306,True,2018|2022
SP,70297,SANTA CRUZ DO RIO PARDO,,3546405,Santa Cruz do Rio Pardo,nombre_exacto,,3546405,True,2018|2022
SP,70319,SANTA ERNESTINA,,3546504,Santa Ernestina,nombre_exacto,,3546504,True,2018|2022
SP,70335,SANTA FÉ DO SUL,,3546603,Santa Fé do Sul,nombre_exacto,,3546603,True,2018|2022
SP,70351,SANTA GERTRUDES,,3546702,Santa Gertrudes,nombre_exacto,,3546702,True,2018|2022
SP,70378,SANTA ISABEL,,3546801,Santa Isabel,nombre_exacto,,3546801,True,2018|2022
SP,70394,SANTA LÚCIA,,3546900,Santa Lúcia,nombre_exacto,,3546900,True,2018|2022
SP,70416,SANTA MARIA DA SERRA,,3547007,Santa Maria da Serra,nombre_exacto,,3547007,True,2018|2022
SP,70432,SANTA MERCEDES,,3547106,Santa Mercedes,nombre_exacto,,3547106,True,2018|2022
SP,70459,SANTANA DA PONTE PENSA,,3547205,Santana da Ponte Pensa,nombre_exacto,,3547205,True,2018|2022
SP,70475,SANTANA DE PARNAÍBA,,3547304,Santana de Parnaíba,nombre_exacto,,3547304,True,2018|2022
SP,70491,SANTA RITA D OESTE,,3547403,Santa Rita d'Oeste,nombre_exacto,,3547403,True,2018|2022
SP,70513,SANTA RITA DO PASSA QUATRO,,3547502,Santa Rita do Passa Quatro,nombre_exacto,,3547502,True,2018|2022
SP,70530,SANTA ROSA DE VITERBO,,3547601,Santa Rosa de Viterbo,nombre_exacto,,3547601,True,2018|2022
SP,70556,SANTO ANASTÁCIO,,3547700,Santo Anastácio,nombre_exacto,,3547700,True,2018|2022
SP,70572,SANTO ANDRÉ,,3547809,Santo André,nombre_exacto,,3547809,True,2018|2022
SP,70599,SANTO ANTÔNIO DA ALEGRIA,,3547908,Santo Antônio da Alegria,nombre_exacto,,3547908,True,2018|2022
SP,70610,SANTO ANTÔNIO DE POSSE,,3548005,Santo Antônio de Posse,nombre_exacto,,3548005,True,2018|2022
SP,70637,SANTO ANTÔNIO DO JARDIM,,3548104,Santo Antônio do Jardim,nombre_exacto,,3548104,True,2018|2022
SP,70653,SANTO ANTÔNIO DO PINHAL,,3548203,Santo Antônio do Pinhal,nombre_exacto,,3548203,True,2018|2022
SP,70670,SANTO EXPEDITO,,3548302,Santo Expedito,nombre_exacto,,3548302,True,2018|2022
SP,70696,SANTÓPOLIS DO AGUAPEÍ,,3548401,Santópolis do Aguapeí,nombre_exacto,,3548401,True,2018|2022
SP,70718,SANTOS,,3548500,Santos,nombre_exacto,,3548500,True,2018|2022
SP,70734,SÃO BENTO DO SAPUCAÍ,,3548609,São Bento do Sapucaí,nombre_exacto,,3548609,True,2018|2022
SP,70750,SÃO BERNARDO DO CAMPO,,3548708,São Bernardo do Campo,nombre_exacto,,3548708,True,2018|2022
SP,70777,SÃO CAETANO DO SUL,,3548807,São Caetano do Sul,nombre_exacto,,3548807,True,2018|2022
SP,70793,SÃO CARLOS,,3548906,São Carlos,nombre_exacto,,3548906,True,2018|2022
SP,70815,SÃO FRANCISCO,,3549003,São Francisco,nombre_exacto,,3549003,True,2018|2022
SP,70831,SÃO JOÃO DA BOA VISTA,,3549102,São João da Boa Vista,nombre_exacto,,3549102,True,2018|2022
SP,70858,SÃO JOÃO DAS DUAS PONTES,,3549201,São João das Duas Pontes,nombre_exacto,,3549201,True,2018|2022
SP,70874,SÃO JOÃO DO PAU D ALHO,,3549300,São João do Pau d'Alho,nombre_exacto,,3549300,True,2018|2022
SP,70890,SÃO JOAQUIM DA BARRA,,3549409,São Joaquim da Barra,nombre_exacto,,3549409,True,2018|2022
SP,70912,SÃO JOSÉ DA BELA VISTA,,3549508,São José da Bela Vista,nombre_exacto,,3549508,True,2018|2022
SP,70939,SÃO JOSÉ DO BARREIRO,,3549607,São José do Barreiro,nombre_exacto,,3549607,True,2018|2022
SP,70955,SÃO JOSÉ DO RIO PARDO,,3549706,São José do Rio Pardo,nombre_exacto,,3549706,True,2018|2022
SP,70971,SÃO JOSÉ DO RIO PRETO,,3549805,São José do Rio Preto,nombre_exacto,,3549805,True,2018|2022
SP,70998,SÃO JOSÉ DOS CAMPOS,,3549904,São José dos Campos,nombre_exacto,,3549904,True,2018|2022
SP,71013,SÃO LUÍS DO PARAITINGA,,3550001,São Luiz do Paraitinga,nombre_aproximado,,3550001,True,2018|2022
SP,71030,SÃO MANUEL,,3550100,São Manuel,nombre_exacto,,3550100,True,2018|2022
SP,71056,SÃO MIGUEL ARCANJO,,3550209,São Miguel Arcanjo,nombre_exacto,,3550209,True,2018|2022
SP,71072,SÃO PAULO,,3550308,São Paulo,nombre_exacto,,3550308,True,2018|2022
SP,71099,SÃO PEDRO,,3550407,São Pedro,nombre_exacto,,3550407,True,2018|2022
SP,71110,SÃO PEDRO DO TURVO,,3550506,São Pedro do Turvo,nombre_exacto,,3550506,True,2018|2022
SP,71137,SÃO ROQUE,,3550605,São Roque,nombre_exacto,,3550605,True,2018|2022
SP,71153,SÃO SEBASTIÃO,,3550704,São Sebastião,nombre_exacto,,3550704,True,2018|2022
SP,71170,SÃO SEBASTIÃO DA GRAMA,,3550803,São Sebastião da Grama,nombre_exacto,,3550803,True,2018|2022
SP,71196,SÃO SIMÃO,,3550902,São Simão,nombre_exacto,,3550902,True,2018|2022
SP,71218,SÃO VICENTE,,3551009,São Vicente,nombre_exacto,,3551009,True,2018|2022
SP,71234,SARAPUÍ,,3551108,Sarapuí,nombre_exacto,,3551108,True,2018|2022
SP,71250,SARUTAIÁ,,3551207,Sarutaiá,nombre_exacto,,3551207,True,2018|2022
SP,71277,SEBASTIANÓPOLIS DO SUL,,3551306,Sebastianópolis do Sul,nombre_exacto,,3551306,True,2018|2022
SP,71293,SERRA AZUL,,3551405,Serra Azul,nombre_exacto,,3551405,True,2018|2022
SP,71315,SERRANA,,3551504,Serrana,nombre_exacto,,3551504,True,2018|2022
SP,71331,SERRA NEGRA,,3551603,Serra Negra,nombre_exacto,,3551603,True,2018|2022
SP,71358,SERTÃOZINHO,,3551702,Sertãozinho,nombre_exacto,,3551702,True,2018|2022
SP,71374,SETE BARRAS,,3551801,Sete Barras,nombre_exacto,,3551801,True,2018|2022
SP,71390,SEVERÍNIA,,3551900,Severínia,nombre_exacto,,3551900,True,2018|2022
SP,71412,SILVEIRAS,,3552007,Silveiras,nombre_exacto,,3552007,True,2018|2022
SP,71439,SOCORRO,,3552106,Socorro,nombre_exacto,,3552106,True,2018|2022
SP,71455,SOROCABA,,3552205,Sorocaba,nombre_exacto,,3552205,True,2018|2022
SP,71471,SUD MENNUCCI,,3552304,Sud Mennucci,nombre_exacto,,3552304,True,2018|2022
SP,71498,SUMARÉ,,3552403,Sumaré,nombre_exacto,,3552403,True,2018|2022
SP,71510,SUZANO,,3552502,Suzano,nombre_exacto,,3552502,True,2018|2022
SP,71536,TABAPUÃ,,3552601,Tabapuã,nombre_exacto,,3552601,True,2018|2022
SP,71552,TABATINGA,,3552700,Tabatinga,nombre_exacto,,3552700,True,2018|2022
SP,71579,TABOÃO DA SERRA,,3552809,Taboão da Serra,nombre_exacto,,3552809,True,2018|2022
SP,71595,TACIBA,,3552908,Taciba,nombre_exacto,,3552908,True,2018|2022
SP,71617,TAGUAÍ,,3553005,Taguaí,nombre_exacto,,3553005,True,2018|2022
SP,71633,TAIAÇU,,3553104,Taiaçu,nombre_exacto,,3553104,True,2018|2022
SP,71650,TAIÚVA,,3553203,Taiúva,nombre_exacto,,3553203,True,2018|2022
SP,71676,TAMBAÚ,,3553302,Tambaú,nombre_exacto,,3553302,True,2018|2022
SP,71692,TANABI,,3553401,Tanabi,nombre_exacto,,3553401,True,2018|2022
SP,71714,TAPIRAÍ,,3553500,Tapiraí,nombre_exacto,,3553500,True,2018|2022
SP,71730,TAPIRATIBA,,3553609,Tapiratiba,nombre_exacto,,3553609,True,2018|2022
SP,71757,TAQUARITINGA,,3553708,Taquaritinga,nombre_exacto,,3553708,True,2018|2022
SP,71773,TAQUARITUBA,,3553807,Taquarituba,nombre_exacto,,3553807,True,2018|2022
SP,71790,TARABAI,,3553906,Tarabai,nombre_exacto,,3553906,True,2018|2022
SP,71811,TATUÍ,,3554003,Tatuí,nombre_exacto,,3554003,True,2018|2022
SP,71838,TAUBATÉ,,3554102,Taubaté,nombre_exacto,,3554102,True,2018|2022
SP,71854,TEJUPÁ,,3554201,Tejupá,nombre_exacto,,3554201,True,2018|2022
SP,71870,TEODORO SAMPAIO,,3554300,Teodoro Sampaio,nombre_exacto,,3554300,True,2018|2022
SP,71897,TERRA ROXA,,3554409,Terra Roxa,nombre_exacto,,3554409,True,2018|2022
SP,71919,TIETÊ,,3554508,Tietê,nombre_exacto,,3554508,True,2018|2022
SP,71935,TIMBURI,,3554607,Timburi,nombre_exacto,,3554607,True,2018|2022
SP,71951,TORRINHA,,3554706,Torrinha,nombre_exacto,,3554706,True,2018|2022
SP,71978,TREMEMBÉ,,3554805,Tremembé,nombre_exacto,,3554805,True,2018|2022
SP,71994,TRÊS FRONTEIRAS,,3554904,Três Fronteiras,nombre_exacto,,3554904,True,2018|2022
SP,72010,TUPÃ,,3555000,Tupã,nombre_exacto,,3555000,True,2018|2022
SP,72036,TUPI PAULISTA,,3555109,Tupi Paulista,nombre_exacto,,3555109,True,2018|2022
SP,72052,TURIÚBA,,3555208,Turiúba,nombre_exacto,,3555208,True,2018|2022
SP,72079,TURMALINA,,3555307,Turmalina,nombre_exacto,,3555307,True,2018|2022
SP,72095,UBATUBA,,3555406,Ubatuba,nombre_exacto,,3555406,True,2018|2022
SP,72117,UBIRAJARA,,3555505,Ubirajara,nombre_exacto,,3555505,True,2018|2022
SP,72133,UCHOA,,3555604,Uchoa,nombre_exacto,,3555604,True,2018|2022
SP,72150,UNIÃO PAULISTA,,3555703,União Paulista,nombre_exacto,,3555703,True,2018|2022
SP,72176,URÂNIA,,3555802,Urânia,nombre_exacto,,3555802,True,2018|2022
SP,72192,URU,,3555901,Uru,nombre_exacto,,3555901,True,2018|2022
SP,72214,URUPÊS,,3556008,Urupês,nombre_exacto,,3556008,True,2018|2022
SP,72230,VALENTIM GENTIL,,3556107,Valentim Gentil,nombre_exacto,,3556107,True,2018|2022
SP,72257,VALINHOS,,3556206,Valinhos,nombre_exacto,,3556206,True,2018|2022
SP,72273,VALPARAÍSO,,3556305,Valparaíso,nombre_exacto,,3556305,True,2018|2022
SP,72311,VARGEM GRANDE DO SUL,,3556404,Vargem Grande do Sul,nombre_exacto,,3556404,True,2018|2022
SP,72338,VÁRZEA PAULISTA,,3556503,Várzea Paulista,nombre_exacto,,3556503,True,2018|2022
SP,72354,VERA CRUZ,,3556602,Vera Cruz,nombre_exacto,,3556602,True,2018|2022
SP,72370,VINHEDO,,3556701,Vinhedo,nombre_exacto,,3556701,True,2018|2022
SP,72397,VIRADOURO,,3556800,Viradouro,nombre_exacto,,3556800,True,2018|2022
SP,72419,VISTA ALEGRE DO ALTO,,3556909,Vista Alegre do Alto,nombre_exacto,,3556909,True,2018|2022
SP,72435,VOTORANTIM,,3557006,Votorantim,nombre_exacto,,3557006,True,2018|2022
SP,72451,VOTUPORANGA,,3557105,Votuporanga,nombre_exacto,,3557105,True,2018|2022
SP,72737,VARGEM GRANDE PAULISTA,,3556453,Vargem Grande Paulista,nombre_exacto,,3556453,True,2018|2022
TO,73008,ABREULÂNDIA,,1700251,Abreulândia,nombre_exacto,,1700251,True,2018|2022
TO,73016,PIRAQUÊ,,1717206,Piraquê,nombre_exacto,,1717206,True,2018|2022
TO,73024,RIACHINHO,,1718550,Riachinho,nombre_exacto,,1718550,True,2018|2022
TO,73032,DARCINÓPOLIS,,1706506,Darcinópolis,nombre_exacto,,1706506,True,2018|2022
TO,73040,PALMEIRAS DO TOCANTINS,,1713809,Palmeiras do Tocantins,nombre_exacto,,1713809,True,2018|2022
TO,73059,MAURILÂNDIA DO TOCANTINS,,1712801,Maurilândia do Tocantins,nombre_exacto,,1712801,True,2018|2022
TO,73067,CACHOEIRINHA,,1703826,Cachoeirinha,nombre_exacto,,1703826,True,2018|2022
TO,73075,ANGICO,,1701051,Angico,nombre_exacto,,1701051,True,2018|2022
TO,73083,PALMEIRANTE,,1715705,Palmeirante,nombre_exacto,,1715705,True,2018|2022
TO,73091,CAMPOS LINDOS,,1703842,Campos Lindos,nombre_exacto,,1703842,True,2018|2022
TO,73105,SÃO FÉLIX DO TOCANTINS,,1720150,São Félix do Tocantins,nombre_exacto,,1720150,True,2018|2022
TO,73113,LAGOA DO TOCANTINS,,1711951,Lagoa do Tocantins,nombre_exacto,,1711951,True,2018|2022
TO,73121,BOM JESUS DO TOCANTINS,,1703305,Bom Jesus do Tocantins,nombre_exacto,,1703305,True,2018|2022
TO,73130,SANTA MARIA DO TOCANTINS,,1718881,Santa Maria do Tocantins,nombre_exacto,,1718881,True,2018|2022
TO,73148,NOVO ALEGRE,,1715150,Novo Alegre,nombre_exacto,,1715150,True,2018|2022
TO,73156,SANDOLÂNDIA,,1718840,Sandolândia,nombre_exacto,,1718840,True,2018|2022
TO,73164,TAIPAS DO TOCANTINS,,1720937,Taipas do Tocantins,nombre_exacto,,1720937,True,2018|2022
TO,73172,NOVO JARDIM,,1715259,Novo Jardim,nombre_exacto,,1715259,True,2018|2022
TO,73180,SÃO MIGUEL DO TOCANTINS,,1720200,São Miguel do Tocantins,nombre_exacto,,1720200,True,2018|2022
TO,73199,TABOCÃO,FORTALEZA DO TABOCÃO,1708254,Tabocão,nombre_exacto,,1708254,True,2018|2022
TO,73202,ITAPIRATINS,,1710904,Itapiratins,nombre_exacto,,1710904,True,2018|2022
TO,73210,CENTENÁRIO,,1704105,Centenário,nombre_exacto,,1704105,True,2018|2022
TO,73229,RECURSOLÂNDIA,,1718501,Recursolândia,nombre_exacto,,1718501,True,2018|2022
TO,73237,TUPIRATINS,,1721307,Tupiratins,nombre_exacto,,1721307,True,2018|2022
TO,73245,BRASILÂNDIA DO TOCANTINS,,1703602,Brasilândia do Tocantins,nombre_exacto,,1703602,True,2018|2022
TO,73253,JUARINA,,1711803,Juarina,nombre_exacto,,1711803,True,2018|2022
TO,73261,PAU D ARCO,,1716307,Pau D'Arco,nombre_exacto,,1716307,True,2018|2022
TO,73270,MATEIROS,,1712702,Mateiros,nombre_exacto,,1712702,True,2018|2022
TO,73288,SÃO BENTO DO TOCANTINS,,1720101,São Bento do Tocantins,nombre_exacto,,1720101,True,2018|2022
TO,73296,ESPERANTINA,,1707405,Esperantina,nombre_exacto,,1707405,True,2018|2022
TO,73300,CARIRI DO TOCANTINS,,1703867,Cariri do Tocantins,nombre_exacto,,1703867,True,2018|2022
TO,73318,ARAGUANÃ,,1702158,Araguanã,nombre_exacto,,1702158,True,2018|2022
TO,73326,CARMOLÂNDIA,,1703883,Carmolândia,nombre_exacto,,1703883,True,2018|2022
TO,73334,ARAGOMINAS,,1701309,Aragominas,nombre_exacto,,1701309,True,2018|2022
TO,73342,MURICILÂNDIA,,1713957,Muricilândia,nombre_exacto,,1713957,True,2018|2022
TO,73350,SANTA FÉ DO ARAGUAIA,,1718865,Santa Fé do Araguaia,nombre_exacto,,1718865,True,2018|2022
TO,73369,JAÚ DO TOCANTINS,,1711506,Jaú do Tocantins,nombre_exacto,,1711506,True,2018|2022
TO,73377,SUCUPIRA,,1720853,Sucupira,nombre_exacto,,1720853,True,2018|2022
TO,73385,LAGOA DA CONFUSÃO,,1711902,Lagoa da Confusão,nombre_exacto,,1711902,True,2018|2022
TO,73393,SÃO SALVADOR DO TOCANTINS,,1720259,São Salvador do Tocantins,nombre_exacto,,1720259,True,2018|2022
TO,73407,LAJEADO,,1712009,Lajeado,nombre_exacto,,1712009,True,2018|2022
TO,73415,RIO DOS BOIS,,1718709,Rio dos Bois,nombre_exacto,,1718709,True,2018|2022
TO,73423,CARRASCO BONITO,,1703891,Carrasco Bonito,nombre_exacto,,1703891,True,2018|2022
TO,73431,RIO DA CONCEIÇÃO,,1718659,Rio da Conceição,nombre_exacto,,1718659,True,2018|2022
TO,73440,PALMAS,,1721000,Palmas,nombre_exacto,,1721000,True,2018|2022
TO,73458,TUPIRAMA,,1721257,Tupirama,nombre_exacto,,1721257,True,2018|2022
TO,73466,OLIVEIRA DE FÁTIMA,,1715507,Oliveira de Fátima,nombre_exacto,,1715507,True,2018|2022
TO,73474,CHAPADA DE AREIA,,1704600,Chapada de Areia,nombre_exacto,,1704600,True,2018|2022
TO,73482,CHAPADA DA NATIVIDADE,,1705102,Chapada da Natividade,nombre_exacto,,1705102,True,2018|2022
TO,73504,TALISMÃ,,1720978,Talismã,nombre_exacto,,1720978,True,2018|2022
TO,73512,AGUIARNÓPOLIS,,1700301,Aguiarnópolis,nombre_exacto,,1700301,True,2018|2022
TO,73520,LUZINÓPOLIS,,1712454,Luzinópolis,nombre_exacto,,1712454,True,2018|2022
TO,73539,SANTA TEREZINHA DO TOCANTINS,,1720002,Santa Terezinha do Tocantins,nombre_exacto,,1720002,True,2018|2022
TO,73547,SANTA RITA DO TOCANTINS,,1718899,Santa Rita do Tocantins,nombre_exacto,,1718899,True,2018|2022
TO,73555,CRIXÁS DO TOCANTINS,,1706258,Crixás do Tocantins,nombre_exacto,,1706258,True,2018|2022
TO,73563,MONTE SANTO DO TOCANTINS,,1713700,Monte Santo do Tocantins,nombre_exacto,,1713700,True,2018|2022
TO,73571,PUGMIL,,1718451,Pugmil,nombre_exacto,,1718451,True,2018|2022
TO,73580,BANDEIRANTES DO TOCANTINS,,1703057,Bandeirantes do Tocantins,nombre_exacto,,1703057,True,2018|2022
TO,73598,IPUEIRAS,,1709807,Ipueiras,nombre_exacto,,1709807,True,2018|2022
TO,73601,LAVANDEIRA,,1712157,Lavandeira,nombre_exacto,,1712157,True,2018|2022
TO,73610,BARRA DO OURO,,1703073,Barra do Ouro,nombre_exacto,,1703073,True,2018|2022
TO,92002,BERNARDO SAYÃO,,1703206,Bernardo Sayão,nombre_exacto,,1703206,True,2018|2022
TO,92045,BURITI DO TOCANTINS,,1703800,Buriti do Tocantins,nombre_exacto,,1703800,True,2018|2022
TO,92070,ALMAS,,1700400,Almas,nombre_exacto,,1700400,True,2018|2022
TO,92088,CASEARA,,1703909,Caseara,nombre_exacto,,1703909,True,2018|2022
TO,92134,ALVORADA,,1700707,Alvorada,nombre_exacto,,1700707,True,2018|2022
TO,92142,COMBINADO,,1705557,Combinado,nombre_exacto,,1705557,True,2018|2022
TO,92185,DIVINÓPOLIS DO TOCANTINS,,1707108,Divinópolis do Tocantins,nombre_exacto,,1707108,True,2018|2022
TO,92193,ANANÁS,,1701002,Ananás,nombre_exacto,,1701002,True,2018|2022
TO,92240,GOIANORTE,,1708304,Goianorte,nombre_exacto,,1708304,True,2018|2022
TO,92304,MARIANÓPOLIS DO TOCANTINS,,1712504,Marianópolis do Tocantins,nombre_exacto,,1712504,True,2018|2022
TO,92371,ARAGUACEMA,,1701903,Araguacema,nombre_exacto,,1701903,True,2018|2022
TO,92398,ARAGUAÇU,,1702000,Araguaçu,nombre_exacto,,1702000,True,2018|2022
TO,92401,NOVA ROSALÂNDIA,,1715002,Nova Rosalândia,nombre_exacto,,1715002,True,2018|2022
TO,92410,ARAGUAÍNA,,1702109,Araguaína,nombre_exacto,,1702109,True,2018|2022
TO,92436,ARAGUATINS,,1702208,Araguatins,nombre_exacto,,1702208,True,2018|2022
TO,92452,ARAPOEMA,,1702307,Arapoema,nombre_exacto,,1702307,True,2018|2022
TO,92479,ARRAIAS,,1702406,Arraias,nombre_exacto,,1702406,True,2018|2022
TO,92487,PEQUIZEIRO,,1716653,Pequizeiro,nombre_exacto,,1716653,True,2018|2022
TO,92509,PORTO ALEGRE DO TOCANTINS,,1718006,Porto Alegre do Tocantins,nombre_exacto,,1718006,True,2018|2022
TO,92525,PRAIA NORTE,,1718303,Praia Norte,nombre_exacto,,1718303,True,2018|2022
TO,92533,AURORA DO TOCANTINS,,1702703,Aurora do Tocantins,nombre_exacto,,1702703,True,2018|2022
TO,92541,SAMPAIO,,1718808,Sampaio,nombre_exacto,,1718808,True,2018|2022
TO,92576,AXIXÁ DO TOCANTINS,,1702901,Axixá do Tocantins,nombre_exacto,,1702901,True,2018|2022
TO,92584,SANTA ROSA DO TOCANTINS,,1718907,Santa Rosa do Tocantins,nombre_exacto,,1718907,True,2018|2022
TO,92592,BABAÇULÂNDIA,,1703008,Babaçulândia,nombre_exacto,,1703008,True,2018|2022
TO,92606,SANTA TEREZA DO TOCANTINS,,1719004,Santa Tereza do Tocantins,nombre_exacto,,1719004,True,2018|2022
TO,92681,SÃO VALÉRIO,,1720499,São Valério,nombre_exacto,,1720499,True,2018|2022
TO,92738,BREJINHO DE NAZARÉ,,1703701,Brejinho de Nazaré,nombre_exacto,,1703701,True,2018|2022
TO,93114,COLINAS DO TOCANTINS,,1705508,Colinas do Tocantins,nombre_exacto,,1705508,True,2018|2022
TO,93130,CONCEIÇÃO DO TOCANTINS,,1705607,Conceição do Tocantins,nombre_exacto,,1705607,True,2018|2022
TO,93211,COUTO MAGALHÃES,,1706001,Couto Magalhães,nombre_exacto,,1706001,True,2018|2022
TO,93238,CRISTALÂNDIA,,1706100,Cristalândia,nombre_exacto,,1706100,True,2018|2022
TO,93416,DIANÓPOLIS,,1707009,Dianópolis,nombre_exacto,,1707009,True,2018|2022
TO,93459,DOIS IRMÃOS DO TOCANTINS,,1707207,Dois Irmãos do Tocantins,nombre_exacto,,1707207,True,2018|2022
TO,93475,DUERÉ,,1707306,Dueré,nombre_exacto,,1707306,True,2018|2022
TO,93556,FILADÉLFIA,,1707702,Filadélfia,nombre_exacto,,1707702,True,2018|2022
TO,93653,FORMOSO DO ARAGUAIA,,1708205,Formoso do Araguaia,nombre_exacto,,1708205,True,2018|2022
TO,93858,GURUPI,,1709500,Gurupi,nombre_exacto,,1709500,True,2018|2022
TO,94056,ITACAJÁ,,1710508,Itacajá,nombre_exacto,,1710508,True,2018|2022
TO,94099,ITAGUATINS,,1710706,Itaguatins,nombre_exacto,,1710706,True,2018|2022
TO,94170,ITAPORÃ DO TOCANTINS,,1711100,Itaporã do Tocantins,nombre_exacto,,1711100,True,2018|2022
TO,94617,MIRACEMA DO TOCANTINS,,1713205,Miracema do Tocantins,nombre_exacto,,1713205,True,2018|2022
TO,94633,MIRANORTE,,1713304,Miranorte,nombre_exacto,,1713304,True,2018|2022
TO,94692,MONTE DO CARMO,,1713601,Monte do Carmo,nombre_exacto,,1713601,True,2018|2022
TO,94811,NATIVIDADE,,1714203,Natividade,nombre_exacto,,1714203,True,2018|2022
TO,94838,NAZARÉ,,1714302,Nazaré,nombre_exacto,,1714302,True,2018|2022
TO,94994,NOVO ACORDO,,1715101,Novo Acordo,nombre_exacto,,1715101,True,2018|2022
TO,95192,PARAÍSO DO TOCANTINS,,1716109,Paraíso do Tocantins,nombre_exacto,,1716109,True,2018|2022
TO,95214,PARANÃ,,1716208,Paranã,nombre_exacto,,1716208,True,2018|2022
TO,95257,PEDRO AFONSO,,1716505,Pedro Afonso,nombre_exacto,,1716505,True,2018|2022
TO,95273,PEIXE,,1716604,Peixe,nombre_exacto,,1716604,True,2018|2022
TO,95290,COLMÉIA,,1716703,Colméia,nombre_exacto,,1716703,True,2018|2022
TO,95338,GOIATINS,,1709005,Goiatins,nombre_exacto,,1709005,True,2018|2022
TO,95370,PINDORAMA DO TOCANTINS,,1717008,Pindorama do Tocantins,nombre_exacto,,1717008,True,2018|2022
TO,95478,PIUM,,1717503,Pium,nombre_exacto,,1717503,True,2018|2022
TO,95516,PONTE ALTA DO BOM JESUS,,1717800,Ponte Alta do Bom Jesus,nombre_exacto,,1717800,True,2018|2022
TO,95532,PONTE ALTA DO TOCANTINS,,1717909,Ponte Alta do Tocantins,nombre_exacto,,1717909,True,2018|2022
TO,95591,PORTO NACIONAL,,1718204,Porto Nacional,nombre_exacto,,1718204,True,2018|2022
TO,95699,LIZARDA,,1712405,Lizarda,nombre_exacto,,1712405,True,2018|2022
TO,96032,SÃO SEBASTIÃO DO TOCANTINS,,1720309,São Sebastião do Tocantins,nombre_exacto,,1720309,True,2018|2022
TO,96130,SÍTIO NOVO DO TOCANTINS,,1720804,Sítio Novo do Tocantins,nombre_exacto,,1720804,True,2018|2022
TO,96156,TAGUATINGA,,1720903,Taguatinga,nombre_exacto,,1720903,True,2018|2022
TO,96199,TOCANTÍNIA,,1721109,Tocantínia,nombre_exacto,,1721109,True,2018|2022
TO,96210,TOCANTINÓPOLIS,,1721208,Tocantinópolis,nombre_exacto,,1721208,True,2018|2022
TO,96270,GUARAÍ,,1709302,Guaraí,nombre_exacto,,1709302,True,2018|2022
TO,96296,PRESIDENTE KENNEDY,,1718402,Presidente Kennedy,nombre_exacto,,1718402,True,2018|2022
TO,96431,XAMBIOÁ,,1722107,Xambioá,nombre_exacto,,1722107,True,2018|2022
TO,96490,PALMEIRÓPOLIS,,1715754,Palmeirópolis,nombre_exacto,,1715754,True,2018|2022
TO,96598,SILVANÓPOLIS,,1720655,Silvanópolis,nombre_exacto,,1720655,True,2018|2022
TO,96636,NOVA OLINDA,,1714880,Nova Olinda,nombre_exacto,,1714880,True,2018|2022
TO,96652,WANDERLÂNDIA,,1722081,Wanderlândia,nombre_exacto,,1722081,True,2018|2022
TO,96679,FIGUEIRÓPOLIS,,1707652,Figueirópolis,nombre_exacto,,1707652,True,2018|2022
TO,96792,RIO SONO,,1718758,Rio Sono,nombre_exacto,,1718758,True,2018|2022
TO,96830,FÁTIMA,,1707553,Fátima,nombre_exacto,,1707553,True,2018|2022
TO,96857,AUGUSTINÓPOLIS,,1702554,Augustinópolis,nombre_exacto,,1702554,True,2018|2022
TO,96954,ALIANÇA DO TOCANTINS,,1700350,Aliança do Tocantins,nombre_exacto,,1700350,True,2018|2022
TO,96970,APARECIDA DO RIO NEGRO,,1701101,Aparecida do Rio Negro,nombre_exacto,,1701101,True,2018|2022
TO,96997,BARROLÂNDIA,,1703107,Barrolândia,nombre_exacto,,1703107,True,2018|2022
